dataset,row_id,feature_group_id,defects,partition
JM1,0,0,False,validation
JM1,1,1,True,train
JM1,2,2,True,train
JM1,3,3,True,validation
JM1,4,4,True,test
JM1,5,5,True,test
JM1,6,6,True,train
JM1,7,7,True,train
JM1,8,8,True,validation
JM1,9,9,True,train
JM1,10,10,True,train
JM1,11,11,True,train
JM1,12,12,True,test
JM1,13,13,True,train
JM1,14,14,True,train
JM1,15,15,True,train
JM1,16,16,True,validation
JM1,17,17,True,test
JM1,18,18,True,train
JM1,19,19,True,train
JM1,20,20,True,test
JM1,21,21,True,train
JM1,22,22,True,train
JM1,23,23,True,train
JM1,24,24,True,train
JM1,25,25,True,train
JM1,26,26,True,test
JM1,27,27,True,test
JM1,28,28,True,train
JM1,29,29,True,train
JM1,30,30,True,validation
JM1,31,31,True,train
JM1,32,32,True,train
JM1,33,33,True,train
JM1,34,34,True,train
JM1,35,35,True,validation
JM1,36,36,True,validation
JM1,37,37,True,train
JM1,38,38,True,train
JM1,39,39,True,validation
JM1,40,40,True,test
JM1,41,41,True,train
JM1,42,42,True,train
JM1,43,43,True,validation
JM1,44,44,True,train
JM1,45,45,True,train
JM1,46,46,True,validation
JM1,47,47,True,train
JM1,48,48,True,train
JM1,49,49,True,train
JM1,50,50,True,train
JM1,51,51,True,train
JM1,52,52,True,train
JM1,53,53,True,train
JM1,54,54,True,validation
JM1,55,55,True,train
JM1,56,55,True,train
JM1,57,56,True,validation
JM1,58,57,True,train
JM1,59,55,True,train
JM1,60,58,True,test
JM1,61,59,True,train
JM1,62,60,True,train
JM1,63,61,True,train
JM1,64,62,True,train
JM1,65,55,True,train
JM1,66,63,True,train
JM1,67,64,True,train
JM1,68,65,True,train
JM1,69,66,True,train
JM1,70,67,True,train
JM1,71,68,True,train
JM1,72,69,True,test
JM1,73,70,True,train
JM1,74,71,True,test
JM1,75,72,True,test
JM1,76,73,True,train
JM1,77,74,True,train
JM1,78,75,True,train
JM1,79,76,True,train
JM1,80,77,True,train
JM1,81,78,True,validation
JM1,82,79,True,train
JM1,83,80,True,train
JM1,84,81,True,train
JM1,85,82,True,validation
JM1,86,83,True,validation
JM1,87,84,True,validation
JM1,88,85,True,train
JM1,89,86,True,test
JM1,90,87,True,test
JM1,91,87,True,test
JM1,92,87,True,test
JM1,93,87,True,test
JM1,94,87,True,test
JM1,95,88,True,train
JM1,96,89,True,test
JM1,97,90,True,train
JM1,98,91,True,test
JM1,99,92,True,train
JM1,100,93,True,test
JM1,101,94,True,test
JM1,102,95,True,train
JM1,103,96,True,train
JM1,104,97,True,test
JM1,105,98,True,train
JM1,106,99,True,validation
JM1,107,100,True,train
JM1,108,101,True,train
JM1,109,102,True,train
JM1,110,103,True,test
JM1,111,104,True,validation
JM1,112,105,True,test
JM1,113,106,True,train
JM1,114,107,True,train
JM1,115,108,True,train
JM1,116,109,True,test
JM1,117,110,True,test
JM1,118,111,True,train
JM1,119,112,True,train
JM1,120,113,True,train
JM1,121,114,True,test
JM1,122,115,True,train
JM1,123,116,True,test
JM1,124,117,True,train
JM1,125,118,True,train
JM1,126,119,True,validation
JM1,127,120,True,train
JM1,128,121,True,train
JM1,129,122,True,train
JM1,130,123,True,test
JM1,131,124,True,train
JM1,132,125,True,validation
JM1,133,126,True,train
JM1,134,127,True,train
JM1,135,128,True,train
JM1,136,129,True,train
JM1,137,130,True,test
JM1,138,131,True,train
JM1,139,132,True,validation
JM1,140,133,True,train
JM1,141,134,True,validation
JM1,142,135,True,train
JM1,143,136,True,train
JM1,144,137,True,train
JM1,145,138,True,validation
JM1,146,139,True,train
JM1,147,140,True,test
JM1,148,141,True,train
JM1,149,142,True,train
JM1,150,143,True,validation
JM1,151,144,True,test
JM1,152,145,True,test
JM1,153,146,True,train
JM1,154,147,True,train
JM1,155,148,True,test
JM1,156,149,True,train
JM1,157,150,True,train
JM1,158,151,True,validation
JM1,159,152,True,train
JM1,160,153,True,validation
JM1,161,154,True,validation
JM1,162,155,True,validation
JM1,163,156,True,train
JM1,164,157,True,train
JM1,165,158,True,train
JM1,166,159,True,train
JM1,167,160,True,train
JM1,168,161,True,train
JM1,169,162,True,train
JM1,170,163,True,train
JM1,171,164,True,train
JM1,172,165,True,train
JM1,173,166,True,train
JM1,174,167,True,train
JM1,175,168,True,train
JM1,176,169,True,train
JM1,177,170,True,validation
JM1,178,171,True,train
JM1,179,172,True,train
JM1,180,173,True,train
JM1,181,174,True,train
JM1,182,175,True,validation
JM1,183,176,True,train
JM1,184,177,True,train
JM1,185,178,True,train
JM1,186,179,True,train
JM1,187,180,True,train
JM1,188,151,True,validation
JM1,189,181,True,train
JM1,190,182,True,train
JM1,191,183,True,test
JM1,192,184,True,train
JM1,193,185,True,train
JM1,194,186,True,test
JM1,195,187,True,train
JM1,196,188,True,test
JM1,197,189,True,train
JM1,198,190,True,train
JM1,199,191,True,train
JM1,200,192,True,train
JM1,201,193,True,train
JM1,202,194,True,train
JM1,203,195,True,train
JM1,204,196,True,test
JM1,205,197,True,train
JM1,206,198,True,validation
JM1,207,199,True,test
JM1,208,200,True,train
JM1,209,201,True,test
JM1,210,202,True,train
JM1,211,203,True,train
JM1,212,204,True,test
JM1,213,205,True,train
JM1,214,206,True,train
JM1,215,207,True,train
JM1,216,208,True,train
JM1,217,209,True,validation
JM1,218,210,True,train
JM1,219,211,True,train
JM1,220,212,True,train
JM1,221,213,True,train
JM1,222,214,True,train
JM1,223,215,True,train
JM1,224,216,True,train
JM1,225,217,True,test
JM1,226,218,True,train
JM1,227,219,True,test
JM1,228,220,True,validation
JM1,229,221,True,test
JM1,230,222,True,test
JM1,231,223,True,test
JM1,232,224,True,train
JM1,233,225,True,train
JM1,234,226,True,test
JM1,235,227,True,validation
JM1,236,228,True,test
JM1,237,229,True,validation
JM1,238,230,True,train
JM1,239,231,True,train
JM1,240,232,True,train
JM1,241,233,True,train
JM1,242,234,True,test
JM1,243,235,True,train
JM1,244,235,True,train
JM1,245,236,True,train
JM1,246,237,True,test
JM1,247,238,True,train
JM1,248,239,True,train
JM1,249,240,True,test
JM1,250,241,True,validation
JM1,251,242,True,validation
JM1,252,243,True,validation
JM1,253,244,True,test
JM1,254,245,True,test
JM1,255,246,True,train
JM1,256,247,True,train
JM1,257,248,True,train
JM1,258,249,True,train
JM1,259,250,True,test
JM1,260,251,True,train
JM1,261,252,True,train
JM1,262,253,True,train
JM1,263,254,True,train
JM1,264,255,True,validation
JM1,265,256,True,train
JM1,266,257,True,train
JM1,267,258,True,train
JM1,268,259,True,validation
JM1,269,260,True,validation
JM1,270,261,True,test
JM1,271,262,True,test
JM1,272,263,True,test
JM1,273,264,True,test
JM1,274,265,True,validation
JM1,275,266,True,test
JM1,276,267,True,train
JM1,277,268,True,train
JM1,278,269,True,test
JM1,279,270,True,train
JM1,280,271,True,train
JM1,281,272,True,train
JM1,282,273,True,train
JM1,283,274,True,train
JM1,284,275,True,test
JM1,285,276,True,train
JM1,286,277,True,validation
JM1,287,278,True,train
JM1,288,279,True,train
JM1,289,280,True,train
JM1,290,281,True,train
JM1,291,282,True,train
JM1,292,283,True,train
JM1,293,284,True,train
JM1,294,285,True,train
JM1,295,286,True,train
JM1,296,287,True,train
JM1,297,288,True,train
JM1,298,289,True,train
JM1,299,290,True,validation
JM1,300,291,True,test
JM1,301,292,True,test
JM1,302,293,True,test
JM1,303,294,True,train
JM1,304,295,True,train
JM1,305,296,True,validation
JM1,306,297,True,train
JM1,307,298,True,test
JM1,308,299,True,train
JM1,309,300,True,train
JM1,310,301,True,train
JM1,311,302,True,validation
JM1,312,303,True,train
JM1,313,304,True,train
JM1,314,305,True,train
JM1,315,306,True,validation
JM1,316,307,True,validation
JM1,317,308,True,train
JM1,318,309,True,test
JM1,319,310,True,train
JM1,320,172,True,train
JM1,321,311,True,train
JM1,322,312,True,train
JM1,323,313,True,train
JM1,324,314,True,train
JM1,325,315,True,train
JM1,326,316,True,test
JM1,327,317,True,train
JM1,328,318,True,test
JM1,329,319,True,train
JM1,330,320,True,train
JM1,331,321,True,train
JM1,332,322,True,train
JM1,333,323,True,train
JM1,334,324,True,train
JM1,335,325,True,train
JM1,336,326,True,train
JM1,337,327,True,train
JM1,338,328,True,train
JM1,339,329,True,train
JM1,340,330,True,train
JM1,341,331,True,train
JM1,342,332,True,train
JM1,343,333,True,train
JM1,344,334,True,train
JM1,345,335,True,train
JM1,346,336,True,train
JM1,347,337,True,train
JM1,348,338,True,train
JM1,349,339,True,validation
JM1,350,340,True,train
JM1,351,341,True,validation
JM1,352,342,True,test
JM1,353,343,True,test
JM1,354,344,True,train
JM1,355,345,True,train
JM1,356,346,True,train
JM1,357,347,True,train
JM1,358,348,True,validation
JM1,359,349,True,test
JM1,360,350,True,train
JM1,361,351,True,validation
JM1,362,352,True,train
JM1,363,353,True,train
JM1,364,354,True,train
JM1,365,355,True,validation
JM1,366,356,True,test
JM1,367,357,True,train
JM1,368,358,True,validation
JM1,369,359,True,train
JM1,370,360,True,train
JM1,371,361,True,train
JM1,372,362,True,train
JM1,373,363,True,train
JM1,374,364,True,validation
JM1,375,365,True,train
JM1,376,366,True,test
JM1,377,367,True,test
JM1,378,368,True,train
JM1,379,369,True,train
JM1,380,370,True,train
JM1,381,371,True,train
JM1,382,372,True,test
JM1,383,373,True,validation
JM1,384,374,True,test
JM1,385,375,True,validation
JM1,386,376,True,train
JM1,387,377,True,train
JM1,388,378,True,train
JM1,389,379,True,train
JM1,390,380,True,test
JM1,391,381,True,train
JM1,392,382,True,validation
JM1,393,383,True,test
JM1,394,384,True,validation
JM1,395,385,True,test
JM1,396,386,True,train
JM1,397,387,True,train
JM1,398,388,True,validation
JM1,399,389,True,train
JM1,400,390,True,train
JM1,401,391,True,train
JM1,402,392,True,train
JM1,403,393,True,validation
JM1,404,394,True,train
JM1,405,395,True,test
JM1,406,396,True,test
JM1,407,397,True,train
JM1,408,398,True,train
JM1,409,399,True,train
JM1,410,400,True,train
JM1,411,401,True,train
JM1,412,402,True,validation
JM1,413,400,True,train
JM1,414,403,True,train
JM1,415,404,True,validation
JM1,416,405,True,train
JM1,417,406,True,train
JM1,418,407,True,train
JM1,419,408,True,train
JM1,420,409,True,train
JM1,421,410,True,train
JM1,422,411,True,train
JM1,423,412,True,test
JM1,424,413,True,train
JM1,425,414,True,train
JM1,426,415,True,train
JM1,427,416,True,train
JM1,428,360,True,train
JM1,429,417,True,train
JM1,430,151,True,validation
JM1,431,418,True,train
JM1,432,419,True,train
JM1,433,420,True,train
JM1,434,421,True,test
JM1,435,422,True,train
JM1,436,423,True,train
JM1,437,424,True,test
JM1,438,425,True,train
JM1,439,426,True,validation
JM1,440,427,True,test
JM1,441,428,True,validation
JM1,442,429,True,train
JM1,443,430,True,train
JM1,444,431,True,train
JM1,445,432,True,train
JM1,446,433,True,test
JM1,447,434,True,train
JM1,448,435,True,train
JM1,449,436,True,train
JM1,450,437,True,train
JM1,451,151,True,validation
JM1,452,438,True,train
JM1,453,439,True,train
JM1,454,440,True,test
JM1,455,441,True,train
JM1,456,442,True,train
JM1,457,443,True,train
JM1,458,444,True,validation
JM1,459,445,True,test
JM1,460,446,True,test
JM1,461,447,True,train
JM1,462,448,True,train
JM1,463,449,True,validation
JM1,464,450,True,validation
JM1,465,451,True,validation
JM1,466,452,True,train
JM1,467,453,True,test
JM1,468,454,True,train
JM1,469,455,True,validation
JM1,470,456,True,train
JM1,471,457,True,train
JM1,472,458,True,test
JM1,473,459,True,test
JM1,474,460,True,test
JM1,475,461,True,train
JM1,476,462,True,train
JM1,477,463,True,train
JM1,478,464,True,train
JM1,479,465,True,train
JM1,480,466,True,validation
JM1,481,467,True,train
JM1,482,468,True,test
JM1,483,466,True,validation
JM1,484,469,True,train
JM1,485,470,True,train
JM1,486,471,True,train
JM1,487,472,True,train
JM1,488,473,True,train
JM1,489,474,True,validation
JM1,490,475,True,train
JM1,491,476,True,validation
JM1,492,477,True,train
JM1,493,478,True,train
JM1,494,479,True,train
JM1,495,480,True,test
JM1,496,481,True,train
JM1,497,482,True,train
JM1,498,483,True,train
JM1,499,484,True,train
JM1,500,485,True,test
JM1,501,482,True,train
JM1,502,486,True,test
JM1,503,487,True,train
JM1,504,488,True,train
JM1,505,489,True,train
JM1,506,490,True,train
JM1,507,491,True,train
JM1,508,492,True,train
JM1,509,493,True,train
JM1,510,494,True,test
JM1,511,495,True,train
JM1,512,496,True,train
JM1,513,497,True,test
JM1,514,498,True,train
JM1,515,499,True,train
JM1,516,500,True,train
JM1,517,501,True,train
JM1,518,502,True,test
JM1,519,151,True,validation
JM1,520,503,True,test
JM1,521,504,True,train
JM1,522,505,True,train
JM1,523,506,True,train
JM1,524,507,True,test
JM1,525,508,True,train
JM1,526,509,True,train
JM1,527,508,True,train
JM1,528,510,True,test
JM1,529,511,True,train
JM1,530,512,True,train
JM1,531,513,True,train
JM1,532,514,True,validation
JM1,533,515,True,train
JM1,534,516,True,train
JM1,535,517,True,train
JM1,536,518,True,validation
JM1,537,519,True,train
JM1,538,520,True,validation
JM1,539,521,True,test
JM1,540,522,True,train
JM1,541,523,True,train
JM1,542,524,True,train
JM1,543,524,True,train
JM1,544,525,True,train
JM1,545,524,True,train
JM1,546,526,True,train
JM1,547,527,True,train
JM1,548,528,True,train
JM1,549,529,True,train
JM1,550,530,True,train
JM1,551,531,True,train
JM1,552,532,True,train
JM1,553,533,True,validation
JM1,554,534,True,validation
JM1,555,535,True,validation
JM1,556,536,True,train
JM1,557,537,True,train
JM1,558,538,True,validation
JM1,559,539,True,train
JM1,560,540,True,train
JM1,561,524,True,train
JM1,562,524,True,train
JM1,563,541,True,train
JM1,564,542,True,train
JM1,565,543,True,train
JM1,566,544,True,test
JM1,567,545,True,train
JM1,568,546,True,train
JM1,569,547,True,train
JM1,570,548,True,test
JM1,571,549,True,train
JM1,572,550,True,test
JM1,573,551,True,test
JM1,574,552,True,test
JM1,575,553,True,test
JM1,576,554,True,train
JM1,577,555,True,train
JM1,578,556,True,validation
JM1,579,524,True,train
JM1,580,557,True,train
JM1,581,558,True,test
JM1,582,559,True,test
JM1,583,560,True,validation
JM1,584,556,True,validation
JM1,585,561,True,train
JM1,586,562,True,train
JM1,587,563,True,train
JM1,588,564,True,test
JM1,589,565,True,train
JM1,590,565,True,train
JM1,591,566,True,train
JM1,592,567,True,train
JM1,593,568,True,train
JM1,594,569,True,train
JM1,595,570,True,train
JM1,596,571,True,validation
JM1,597,572,True,train
JM1,598,573,True,test
JM1,599,574,True,test
JM1,600,575,True,test
JM1,601,576,True,test
JM1,602,577,True,train
JM1,603,578,True,train
JM1,604,579,True,train
JM1,605,580,True,train
JM1,606,581,True,train
JM1,607,582,True,train
JM1,608,583,True,train
JM1,609,584,True,train
JM1,610,585,True,test
JM1,611,586,True,train
JM1,612,587,True,train
JM1,613,588,True,train
JM1,614,589,True,train
JM1,615,590,True,validation
JM1,616,591,True,train
JM1,617,592,True,train
JM1,618,593,True,train
JM1,619,594,True,test
JM1,620,595,True,validation
JM1,621,596,True,train
JM1,622,597,True,train
JM1,623,598,True,validation
JM1,624,599,True,test
JM1,625,600,True,validation
JM1,626,601,True,train
JM1,627,602,True,test
JM1,628,603,True,train
JM1,629,604,True,train
JM1,630,605,True,test
JM1,631,606,True,test
JM1,632,607,True,train
JM1,633,608,True,train
JM1,634,609,True,train
JM1,635,610,True,test
JM1,636,611,True,train
JM1,637,612,True,train
JM1,638,613,True,test
JM1,639,614,True,train
JM1,640,615,True,train
JM1,641,616,True,validation
JM1,642,617,True,test
JM1,643,618,True,test
JM1,644,619,True,test
JM1,645,620,True,validation
JM1,646,621,True,train
JM1,647,622,True,validation
JM1,648,623,True,test
JM1,649,624,True,train
JM1,650,624,True,train
JM1,651,625,True,test
JM1,652,626,True,train
JM1,653,627,True,train
JM1,654,628,True,train
JM1,655,629,True,train
JM1,656,630,True,train
JM1,657,631,True,train
JM1,658,632,True,train
JM1,659,633,True,train
JM1,660,634,True,train
JM1,661,635,True,train
JM1,662,636,True,train
JM1,663,637,True,train
JM1,664,638,True,train
JM1,665,639,True,train
JM1,666,640,True,validation
JM1,667,641,True,train
JM1,668,642,True,train
JM1,669,643,True,train
JM1,670,644,True,test
JM1,671,645,True,test
JM1,672,646,True,train
JM1,673,647,True,test
JM1,674,648,True,test
JM1,675,649,True,train
JM1,676,650,True,validation
JM1,677,651,True,test
JM1,678,652,True,train
JM1,679,653,True,train
JM1,680,654,True,validation
JM1,681,654,True,validation
JM1,682,655,True,train
JM1,683,656,True,train
JM1,684,657,True,train
JM1,685,658,True,train
JM1,686,659,True,train
JM1,687,660,True,train
JM1,688,661,True,test
JM1,689,662,True,validation
JM1,690,663,True,train
JM1,691,664,True,test
JM1,692,665,True,test
JM1,693,666,True,test
JM1,694,667,True,test
JM1,695,668,True,validation
JM1,696,669,True,test
JM1,697,670,True,train
JM1,698,671,True,train
JM1,699,672,True,test
JM1,700,673,True,train
JM1,701,674,True,validation
JM1,702,675,True,train
JM1,703,676,True,train
JM1,704,677,True,train
JM1,705,678,True,test
JM1,706,679,True,train
JM1,707,680,True,train
JM1,708,681,True,train
JM1,709,682,True,validation
JM1,710,682,True,validation
JM1,711,683,True,train
JM1,712,683,True,train
JM1,713,684,True,test
JM1,714,685,True,train
JM1,715,686,True,train
JM1,716,687,True,test
JM1,717,688,True,validation
JM1,718,689,True,train
JM1,719,690,True,test
JM1,720,691,True,train
JM1,721,692,True,train
JM1,722,693,True,train
JM1,723,694,True,train
JM1,724,695,True,test
JM1,725,696,True,train
JM1,726,697,True,train
JM1,727,698,True,validation
JM1,728,699,True,train
JM1,729,700,True,test
JM1,730,701,True,train
JM1,731,702,True,train
JM1,732,703,True,test
JM1,733,704,True,train
JM1,734,705,True,train
JM1,735,706,True,train
JM1,736,707,True,train
JM1,737,708,True,train
JM1,738,709,True,train
JM1,739,710,True,test
JM1,740,711,True,test
JM1,741,712,True,train
JM1,742,713,True,train
JM1,743,714,True,validation
JM1,744,715,True,test
JM1,745,716,True,test
JM1,746,717,True,train
JM1,747,718,True,validation
JM1,748,719,True,train
JM1,749,720,True,validation
JM1,750,721,True,test
JM1,751,722,True,train
JM1,752,723,True,train
JM1,753,724,True,train
JM1,754,725,True,train
JM1,755,726,True,train
JM1,756,727,True,train
JM1,757,728,True,train
JM1,758,729,True,train
JM1,759,730,True,train
JM1,760,731,True,train
JM1,761,732,True,test
JM1,762,733,True,train
JM1,763,734,True,train
JM1,764,735,True,validation
JM1,765,736,True,validation
JM1,766,737,True,train
JM1,767,738,True,train
JM1,768,739,True,validation
JM1,769,702,True,train
JM1,770,740,True,train
JM1,771,741,True,train
JM1,772,742,True,validation
JM1,773,743,True,validation
JM1,774,744,True,train
JM1,775,745,True,test
JM1,776,746,True,train
JM1,777,747,True,train
JM1,778,748,True,test
JM1,779,749,True,train
JM1,780,750,True,train
JM1,781,751,True,train
JM1,782,751,True,train
JM1,783,752,True,train
JM1,784,753,True,train
JM1,785,754,True,train
JM1,786,755,True,train
JM1,787,756,True,train
JM1,788,374,True,test
JM1,789,435,True,train
JM1,790,757,True,validation
JM1,791,758,True,validation
JM1,792,759,True,train
JM1,793,760,True,train
JM1,794,761,True,train
JM1,795,762,True,train
JM1,796,763,True,train
JM1,797,764,True,train
JM1,798,765,True,train
JM1,799,766,True,train
JM1,800,767,True,validation
JM1,801,768,True,train
JM1,802,769,True,train
JM1,803,760,True,train
JM1,804,770,True,validation
JM1,805,771,True,test
JM1,806,760,True,train
JM1,807,772,True,train
JM1,808,773,True,validation
JM1,809,749,True,train
JM1,810,774,True,train
JM1,811,775,True,train
JM1,812,776,True,train
JM1,813,777,True,test
JM1,814,760,True,train
JM1,815,778,True,train
JM1,816,779,True,test
JM1,817,751,True,train
JM1,818,780,True,test
JM1,819,760,True,train
JM1,820,781,True,train
JM1,821,782,True,validation
JM1,822,783,True,validation
JM1,823,784,True,train
JM1,824,785,True,train
JM1,825,786,True,test
JM1,826,787,True,train
JM1,827,788,True,train
JM1,828,789,True,train
JM1,829,770,True,validation
JM1,830,790,True,train
JM1,831,791,True,train
JM1,832,760,True,train
JM1,833,786,True,test
JM1,834,792,True,train
JM1,835,793,True,train
JM1,836,794,True,test
JM1,837,760,True,train
JM1,838,795,True,validation
JM1,839,796,True,validation
JM1,840,796,True,validation
JM1,841,796,True,validation
JM1,842,796,True,validation
JM1,843,797,True,train
JM1,844,798,True,test
JM1,845,799,True,train
JM1,846,800,True,train
JM1,847,801,True,train
JM1,848,802,True,test
JM1,849,803,True,train
JM1,850,804,True,train
JM1,851,805,True,validation
JM1,852,806,True,validation
JM1,853,807,True,validation
JM1,854,808,True,train
JM1,855,809,True,train
JM1,856,810,True,test
JM1,857,811,True,train
JM1,858,812,True,train
JM1,859,813,True,train
JM1,860,814,True,train
JM1,861,815,True,validation
JM1,862,816,True,test
JM1,863,556,True,validation
JM1,864,817,True,train
JM1,865,818,True,test
JM1,866,819,True,validation
JM1,867,820,True,train
JM1,868,821,True,validation
JM1,869,822,True,train
JM1,870,823,True,train
JM1,871,824,True,test
JM1,872,825,True,train
JM1,873,826,True,test
JM1,874,827,True,train
JM1,875,828,True,train
JM1,876,829,True,test
JM1,877,830,True,train
JM1,878,831,True,train
JM1,879,832,True,train
JM1,880,833,True,train
JM1,881,834,True,train
JM1,882,835,True,train
JM1,883,836,True,train
JM1,884,837,True,validation
JM1,885,838,True,test
JM1,886,839,True,test
JM1,887,840,True,train
JM1,888,841,True,train
JM1,889,842,True,train
JM1,890,843,True,train
JM1,891,844,True,train
JM1,892,845,True,train
JM1,893,846,True,train
JM1,894,847,True,train
JM1,895,848,True,test
JM1,896,849,True,train
JM1,897,850,True,train
JM1,898,851,True,test
JM1,899,852,True,validation
JM1,900,853,True,train
JM1,901,854,True,train
JM1,902,855,True,train
JM1,903,856,True,train
JM1,904,857,True,validation
JM1,905,858,True,validation
JM1,906,859,True,validation
JM1,907,860,True,validation
JM1,908,861,True,train
JM1,909,862,True,train
JM1,910,863,True,test
JM1,911,864,True,train
JM1,912,865,True,validation
JM1,913,866,True,train
JM1,914,867,True,train
JM1,915,868,True,test
JM1,916,869,True,train
JM1,917,870,True,validation
JM1,918,871,True,validation
JM1,919,872,True,test
JM1,920,873,True,validation
JM1,921,874,True,train
JM1,922,875,True,validation
JM1,923,876,True,validation
JM1,924,877,True,train
JM1,925,878,True,train
JM1,926,879,True,train
JM1,927,880,True,test
JM1,928,881,True,train
JM1,929,882,True,train
JM1,930,883,True,test
JM1,931,884,True,train
JM1,932,885,True,train
JM1,933,880,True,test
JM1,934,886,True,train
JM1,935,887,True,test
JM1,936,888,True,validation
JM1,937,889,True,test
JM1,938,890,True,validation
JM1,939,891,True,test
JM1,940,892,True,validation
JM1,941,893,True,test
JM1,942,894,True,train
JM1,943,895,True,train
JM1,944,896,True,test
JM1,945,897,True,train
JM1,946,898,True,test
JM1,947,899,True,train
JM1,948,900,True,train
JM1,949,901,True,train
JM1,950,902,True,test
JM1,951,903,True,test
JM1,952,904,True,train
JM1,953,905,True,train
JM1,954,906,True,train
JM1,955,907,True,train
JM1,956,908,True,validation
JM1,957,909,True,validation
JM1,958,910,True,test
JM1,959,911,True,test
JM1,960,912,True,train
JM1,961,913,True,train
JM1,962,889,True,test
JM1,963,889,True,test
JM1,964,889,True,test
JM1,965,914,True,test
JM1,966,915,True,train
JM1,967,916,True,train
JM1,968,917,True,validation
JM1,969,918,True,validation
JM1,970,919,True,test
JM1,971,920,True,train
JM1,972,921,True,train
JM1,973,922,True,test
JM1,974,923,True,train
JM1,975,924,True,validation
JM1,976,925,True,train
JM1,977,926,True,test
JM1,978,927,True,train
JM1,979,928,True,train
JM1,980,929,True,validation
JM1,981,930,True,test
JM1,982,931,True,test
JM1,983,932,True,train
JM1,984,933,True,train
JM1,985,934,True,train
JM1,986,935,True,train
JM1,987,936,True,train
JM1,988,937,True,test
JM1,989,938,True,train
JM1,990,939,True,test
JM1,991,940,True,train
JM1,992,941,True,test
JM1,993,942,True,train
JM1,994,943,True,test
JM1,995,944,True,train
JM1,996,78,True,validation
JM1,997,151,True,validation
JM1,998,151,True,validation
JM1,999,151,True,validation
JM1,1000,151,True,validation
JM1,1001,945,True,train
JM1,1002,946,True,test
JM1,1003,78,True,validation
JM1,1004,947,True,train
JM1,1005,948,True,test
JM1,1006,949,True,validation
JM1,1007,950,True,validation
JM1,1008,951,True,train
JM1,1009,952,True,train
JM1,1010,953,True,train
JM1,1011,954,True,test
JM1,1012,955,True,test
JM1,1013,956,True,train
JM1,1014,957,True,validation
JM1,1015,958,True,train
JM1,1016,959,True,validation
JM1,1017,960,True,validation
JM1,1018,944,True,train
JM1,1019,961,True,train
JM1,1020,962,True,train
JM1,1021,963,True,validation
JM1,1022,964,True,test
JM1,1023,965,True,train
JM1,1024,966,True,validation
JM1,1025,78,True,validation
JM1,1026,967,True,train
JM1,1027,968,True,train
JM1,1028,969,True,test
JM1,1029,970,True,train
JM1,1030,971,True,train
JM1,1031,972,True,validation
JM1,1032,973,True,test
JM1,1033,974,True,train
JM1,1034,975,True,train
JM1,1035,976,True,validation
JM1,1036,977,True,train
JM1,1037,978,True,test
JM1,1038,979,True,train
JM1,1039,980,True,train
JM1,1040,981,True,train
JM1,1041,982,True,train
JM1,1042,983,True,train
JM1,1043,984,True,validation
JM1,1044,985,True,test
JM1,1045,986,True,train
JM1,1046,987,True,test
JM1,1047,988,True,test
JM1,1048,989,True,train
JM1,1049,990,True,train
JM1,1050,991,True,train
JM1,1051,992,True,test
JM1,1052,993,True,train
JM1,1053,994,True,validation
JM1,1054,995,True,validation
JM1,1055,996,True,train
JM1,1056,997,True,validation
JM1,1057,998,True,validation
JM1,1058,999,True,test
JM1,1059,1000,True,train
JM1,1060,1001,True,train
JM1,1061,1002,True,train
JM1,1062,1003,True,train
JM1,1063,1004,True,test
JM1,1064,1005,True,train
JM1,1065,1006,True,train
JM1,1066,1007,True,test
JM1,1067,1008,True,test
JM1,1068,1009,True,train
JM1,1069,1010,True,train
JM1,1070,1011,True,train
JM1,1071,1012,True,train
JM1,1072,1013,True,test
JM1,1073,1014,True,train
JM1,1074,1015,True,train
JM1,1075,78,True,validation
JM1,1076,1016,True,train
JM1,1077,1017,True,train
JM1,1078,1018,True,train
JM1,1079,1019,True,train
JM1,1080,1020,True,train
JM1,1081,1021,True,test
JM1,1082,1022,True,test
JM1,1083,1023,True,validation
JM1,1084,71,True,test
JM1,1085,1024,True,train
JM1,1086,1025,True,validation
JM1,1087,1026,True,train
JM1,1088,1027,True,train
JM1,1089,1028,True,validation
JM1,1090,1029,True,train
JM1,1091,1030,True,train
JM1,1092,1031,True,test
JM1,1093,1032,True,test
JM1,1094,1033,True,train
JM1,1095,1034,True,train
JM1,1096,1035,True,train
JM1,1097,1036,True,test
JM1,1098,1037,True,validation
JM1,1099,1038,True,train
JM1,1100,1039,True,validation
JM1,1101,1040,True,test
JM1,1102,1041,True,train
JM1,1103,1042,True,train
JM1,1104,1043,True,train
JM1,1105,83,True,validation
JM1,1106,1044,True,validation
JM1,1107,1045,True,train
JM1,1108,1046,True,train
JM1,1109,1047,True,test
JM1,1110,1048,True,train
JM1,1111,1049,True,train
JM1,1112,1050,True,train
JM1,1113,1051,True,train
JM1,1114,1052,True,train
JM1,1115,1053,True,train
JM1,1116,1054,True,validation
JM1,1117,1055,True,train
JM1,1118,1056,True,validation
JM1,1119,1057,True,validation
JM1,1120,1058,True,test
JM1,1121,1059,True,test
JM1,1122,1060,True,train
JM1,1123,1061,True,train
JM1,1124,1062,True,train
JM1,1125,1063,True,train
JM1,1126,1064,True,test
JM1,1127,1065,True,train
JM1,1128,1066,True,validation
JM1,1129,1067,True,test
JM1,1130,1068,True,train
JM1,1131,1069,True,train
JM1,1132,1070,True,train
JM1,1133,1071,True,test
JM1,1134,1072,True,train
JM1,1135,1073,True,train
JM1,1136,1074,True,train
JM1,1137,1075,True,train
JM1,1138,1076,True,test
JM1,1139,1077,True,train
JM1,1140,928,True,train
JM1,1141,1078,True,train
JM1,1142,1079,True,train
JM1,1143,1080,True,train
JM1,1144,1081,True,train
JM1,1145,1082,True,test
JM1,1146,1083,True,test
JM1,1147,1084,True,train
JM1,1148,1085,True,train
JM1,1149,1086,True,test
JM1,1150,1087,True,test
JM1,1151,1088,True,test
JM1,1152,1089,True,train
JM1,1153,1090,True,train
JM1,1154,1091,True,train
JM1,1155,1092,True,test
JM1,1156,1093,True,test
JM1,1157,1094,True,test
JM1,1158,1095,True,train
JM1,1159,1096,True,train
JM1,1160,1097,True,train
JM1,1161,1098,True,train
JM1,1162,1099,True,train
JM1,1163,1100,True,validation
JM1,1164,1101,True,train
JM1,1165,1102,True,test
JM1,1166,1103,True,train
JM1,1167,1104,True,train
JM1,1168,1105,True,train
JM1,1169,1106,True,validation
JM1,1170,1107,True,validation
JM1,1171,1108,True,train
JM1,1172,1109,True,train
JM1,1173,1110,True,validation
JM1,1174,1111,True,validation
JM1,1175,1112,True,train
JM1,1176,1113,True,validation
JM1,1177,1114,True,train
JM1,1178,1115,True,test
JM1,1179,1116,True,train
JM1,1180,1117,True,test
JM1,1181,151,True,validation
JM1,1182,1118,True,train
JM1,1183,1119,True,validation
JM1,1184,1120,True,validation
JM1,1185,1121,True,train
JM1,1186,1122,True,train
JM1,1187,1123,True,train
JM1,1188,1124,True,train
JM1,1189,1125,True,train
JM1,1190,1126,True,test
JM1,1191,1127,True,validation
JM1,1192,1128,True,train
JM1,1193,1129,True,train
JM1,1194,1130,True,train
JM1,1195,1131,True,train
JM1,1196,1132,True,train
JM1,1197,1133,True,validation
JM1,1198,1134,True,validation
JM1,1199,1135,True,validation
JM1,1200,1136,True,train
JM1,1201,1137,True,validation
JM1,1202,1138,True,test
JM1,1203,1139,True,validation
JM1,1204,1140,True,train
JM1,1205,1141,True,train
JM1,1206,1142,True,train
JM1,1207,1143,True,train
JM1,1208,1144,True,train
JM1,1209,1145,True,test
JM1,1210,1146,True,train
JM1,1211,1147,True,train
JM1,1212,1148,True,train
JM1,1213,1149,True,train
JM1,1214,1150,True,train
JM1,1215,1151,True,test
JM1,1216,1152,True,train
JM1,1217,1153,True,train
JM1,1218,955,True,test
JM1,1219,1154,True,train
JM1,1220,1155,True,train
JM1,1221,1156,True,train
JM1,1222,1157,True,test
JM1,1223,1158,True,train
JM1,1224,1159,True,validation
JM1,1225,1160,True,train
JM1,1226,1161,True,test
JM1,1227,1162,True,train
JM1,1228,1163,True,train
JM1,1229,1164,True,test
JM1,1230,1165,True,train
JM1,1231,1166,True,train
JM1,1232,1167,True,train
JM1,1233,1168,True,validation
JM1,1234,1169,True,train
JM1,1235,1170,True,train
JM1,1236,1171,True,train
JM1,1237,1172,True,train
JM1,1238,1173,True,validation
JM1,1239,1174,True,train
JM1,1240,1175,True,train
JM1,1241,1176,True,train
JM1,1242,1177,True,test
JM1,1243,1178,True,train
JM1,1244,1179,True,train
JM1,1245,1180,True,train
JM1,1246,1181,True,test
JM1,1247,1182,True,train
JM1,1248,1182,True,train
JM1,1249,1182,True,train
JM1,1250,1183,True,train
JM1,1251,1184,True,test
JM1,1252,1185,True,train
JM1,1253,1186,True,validation
JM1,1254,1187,True,train
JM1,1255,1188,True,test
JM1,1256,1189,True,validation
JM1,1257,1190,True,train
JM1,1258,1191,True,train
JM1,1259,1192,True,train
JM1,1260,1193,True,train
JM1,1261,1194,True,train
JM1,1262,1194,True,train
JM1,1263,1195,True,train
JM1,1264,1196,True,test
JM1,1265,1197,True,test
JM1,1266,1198,True,validation
JM1,1267,1199,True,train
JM1,1268,1200,True,train
JM1,1269,1201,True,train
JM1,1270,1202,True,train
JM1,1271,1203,True,train
JM1,1272,1203,True,train
JM1,1273,1204,True,train
JM1,1274,1205,True,test
JM1,1275,1206,True,train
JM1,1276,1207,True,validation
JM1,1277,1208,True,test
JM1,1278,1209,True,validation
JM1,1279,1210,True,validation
JM1,1280,1211,True,validation
JM1,1281,1212,True,train
JM1,1282,1213,True,validation
JM1,1283,1214,True,train
JM1,1284,1215,True,validation
JM1,1285,1216,True,train
JM1,1286,1217,True,train
JM1,1287,1015,True,train
JM1,1288,1218,True,train
JM1,1289,1219,True,test
JM1,1290,1220,True,test
JM1,1291,1221,True,train
JM1,1292,1222,True,train
JM1,1293,1223,True,train
JM1,1294,1224,True,train
JM1,1295,1225,True,test
JM1,1296,1226,True,validation
JM1,1297,1227,True,test
JM1,1298,1228,True,train
JM1,1299,1229,True,validation
JM1,1300,1230,True,test
JM1,1301,1231,True,test
JM1,1302,1232,True,train
JM1,1303,1233,True,train
JM1,1304,1234,True,train
JM1,1305,1235,True,train
JM1,1306,1236,True,validation
JM1,1307,1237,True,test
JM1,1308,1238,True,train
JM1,1309,71,True,test
JM1,1310,1239,True,validation
JM1,1311,1240,True,test
JM1,1312,1241,True,train
JM1,1313,1242,True,train
JM1,1314,1243,True,train
JM1,1315,1244,True,train
JM1,1316,1245,True,test
JM1,1317,1246,True,train
JM1,1318,1247,True,train
JM1,1319,1248,True,validation
JM1,1320,826,True,test
JM1,1321,1249,True,train
JM1,1322,1250,True,train
JM1,1323,1251,True,train
JM1,1324,1252,True,train
JM1,1325,1253,True,train
JM1,1326,1254,True,test
JM1,1327,1255,True,train
JM1,1328,826,True,test
JM1,1329,1256,True,validation
JM1,1330,1257,True,test
JM1,1331,1258,True,test
JM1,1332,1258,True,test
JM1,1333,1259,True,test
JM1,1334,1260,True,train
JM1,1335,1261,True,train
JM1,1336,1262,True,train
JM1,1337,1263,True,test
JM1,1338,1259,True,test
JM1,1339,1260,True,train
JM1,1340,1264,True,train
JM1,1341,1265,True,test
JM1,1342,1266,True,train
JM1,1343,1267,True,train
JM1,1344,1268,True,train
JM1,1345,1269,True,train
JM1,1346,1270,True,train
JM1,1347,1271,True,train
JM1,1348,1272,True,train
JM1,1349,1273,True,validation
JM1,1350,1274,True,train
JM1,1351,1275,True,train
JM1,1352,1276,True,train
JM1,1353,1277,True,test
JM1,1354,1278,True,train
JM1,1355,1279,True,train
JM1,1356,1280,True,train
JM1,1357,1281,True,test
JM1,1358,1282,True,train
JM1,1359,1283,True,train
JM1,1360,1284,True,test
JM1,1361,1285,True,train
JM1,1362,1286,True,validation
JM1,1363,1287,True,train
JM1,1364,1288,True,train
JM1,1365,1289,True,train
JM1,1366,1290,True,test
JM1,1367,1291,True,train
JM1,1368,1292,True,train
JM1,1369,1293,True,train
JM1,1370,1294,True,validation
JM1,1371,1293,True,train
JM1,1372,1295,True,test
JM1,1373,1296,True,train
JM1,1374,1297,True,train
JM1,1375,1298,True,test
JM1,1376,1299,True,train
JM1,1377,1300,True,train
JM1,1378,1301,True,train
JM1,1379,1302,True,train
JM1,1380,1303,True,test
JM1,1381,1304,True,train
JM1,1382,1305,True,train
JM1,1383,1305,True,train
JM1,1384,1306,True,train
JM1,1385,1307,True,train
JM1,1386,1308,True,train
JM1,1387,1309,True,test
JM1,1388,1310,True,train
JM1,1389,1311,True,train
JM1,1390,1312,True,train
JM1,1391,1313,True,train
JM1,1392,1314,True,test
JM1,1393,1315,True,test
JM1,1394,1316,True,validation
JM1,1395,1317,True,train
JM1,1396,1318,True,validation
JM1,1397,1319,True,train
JM1,1398,1320,True,train
JM1,1399,404,True,validation
JM1,1400,1321,True,validation
JM1,1401,1322,True,train
JM1,1402,1323,True,test
JM1,1403,1324,True,train
JM1,1404,1325,True,test
JM1,1405,1326,True,train
JM1,1406,1327,True,test
JM1,1407,1328,True,test
JM1,1408,1329,True,train
JM1,1409,1330,True,train
JM1,1410,1331,True,test
JM1,1411,1332,True,train
JM1,1412,1333,True,test
JM1,1413,1334,True,train
JM1,1414,1335,True,train
JM1,1415,1336,True,test
JM1,1416,1337,True,test
JM1,1417,1338,True,train
JM1,1418,1339,True,train
JM1,1419,1340,True,train
JM1,1420,1341,True,train
JM1,1421,1342,True,train
JM1,1422,1343,True,train
JM1,1423,1344,True,validation
JM1,1424,1345,True,test
JM1,1425,1346,True,train
JM1,1426,1347,True,train
JM1,1427,1348,True,train
JM1,1428,1349,True,test
JM1,1429,1350,True,train
JM1,1430,1351,True,train
JM1,1431,1352,True,train
JM1,1432,1353,True,test
JM1,1433,1354,True,train
JM1,1434,1355,True,train
JM1,1435,1356,True,train
JM1,1436,1357,True,test
JM1,1437,1358,True,train
JM1,1438,1359,True,test
JM1,1439,1360,True,validation
JM1,1440,1361,True,train
JM1,1441,1362,True,train
JM1,1442,1363,True,train
JM1,1443,1364,True,train
JM1,1444,1365,True,train
JM1,1445,1366,True,validation
JM1,1446,900,True,train
JM1,1447,1367,True,train
JM1,1448,1368,True,train
JM1,1449,900,True,train
JM1,1450,1369,True,train
JM1,1451,1370,True,validation
JM1,1452,1371,True,test
JM1,1453,1372,True,test
JM1,1454,1373,True,train
JM1,1455,1374,True,train
JM1,1456,1375,True,train
JM1,1457,1376,True,test
JM1,1458,1377,True,train
JM1,1459,1378,True,validation
JM1,1460,1379,True,validation
JM1,1461,1380,True,train
JM1,1462,1381,True,validation
JM1,1463,1382,True,validation
JM1,1464,1383,True,train
JM1,1465,1384,True,test
JM1,1466,1385,True,train
JM1,1467,1386,True,train
JM1,1468,1387,True,test
JM1,1469,1375,True,train
JM1,1470,1388,True,test
JM1,1471,1389,True,train
JM1,1472,1390,True,test
JM1,1473,1391,True,test
JM1,1474,1392,True,train
JM1,1475,1393,True,train
JM1,1476,1394,True,train
JM1,1477,1395,True,train
JM1,1478,1396,True,train
JM1,1479,1397,True,train
JM1,1480,1398,True,train
JM1,1481,1399,True,train
JM1,1482,1400,True,validation
JM1,1483,1401,True,train
JM1,1484,1402,True,train
JM1,1485,1403,True,validation
JM1,1486,1404,True,train
JM1,1487,1405,True,train
JM1,1488,1406,True,validation
JM1,1489,1407,True,validation
JM1,1490,1408,True,train
JM1,1491,1409,True,test
JM1,1492,1410,True,train
JM1,1493,1411,True,validation
JM1,1494,1412,True,validation
JM1,1495,1413,True,train
JM1,1496,1414,True,train
JM1,1497,1415,True,test
JM1,1498,1416,True,train
JM1,1499,1417,True,train
JM1,1500,1418,True,train
JM1,1501,1419,True,test
JM1,1502,1420,True,train
JM1,1503,1421,True,train
JM1,1504,1422,True,train
JM1,1505,1423,True,train
JM1,1506,1424,True,train
JM1,1507,1425,True,train
JM1,1508,1426,True,train
JM1,1509,1427,True,train
JM1,1510,1428,True,train
JM1,1511,1429,True,validation
JM1,1512,1430,True,train
JM1,1513,1431,True,train
JM1,1514,1432,True,train
JM1,1515,1433,True,train
JM1,1516,1434,True,train
JM1,1517,1435,True,test
JM1,1518,1436,True,train
JM1,1519,1437,True,train
JM1,1520,1438,True,train
JM1,1521,1439,True,train
JM1,1522,1440,True,train
JM1,1523,1441,True,train
JM1,1524,1442,True,test
JM1,1525,1443,True,train
JM1,1526,1444,True,train
JM1,1527,1445,True,test
JM1,1528,1446,True,train
JM1,1529,362,True,train
JM1,1530,362,True,train
JM1,1531,1447,True,train
JM1,1532,1448,True,validation
JM1,1533,1449,True,train
JM1,1534,1450,True,train
JM1,1535,1451,True,train
JM1,1536,1452,True,train
JM1,1537,1453,True,train
JM1,1538,1454,True,train
JM1,1539,1455,True,test
JM1,1540,1456,True,train
JM1,1541,1457,True,validation
JM1,1542,1458,True,validation
JM1,1543,1459,True,train
JM1,1544,1460,True,validation
JM1,1545,1461,True,train
JM1,1546,1462,True,test
JM1,1547,1463,True,train
JM1,1548,1464,True,validation
JM1,1549,1465,True,train
JM1,1550,1466,True,train
JM1,1551,1467,True,test
JM1,1552,1468,True,train
JM1,1553,1469,True,train
JM1,1554,1470,True,test
JM1,1555,1471,True,train
JM1,1556,1472,True,train
JM1,1557,1473,True,validation
JM1,1558,1474,True,train
JM1,1559,1475,True,train
JM1,1560,1476,True,test
JM1,1561,1477,True,test
JM1,1562,1478,True,validation
JM1,1563,1479,True,train
JM1,1564,1480,True,train
JM1,1565,1481,True,train
JM1,1566,1482,True,train
JM1,1567,1483,True,train
JM1,1568,1484,True,train
JM1,1569,1485,True,validation
JM1,1570,1486,True,train
JM1,1571,1487,True,train
JM1,1572,1488,True,train
JM1,1573,1489,True,test
JM1,1574,1490,True,test
JM1,1575,1491,True,train
JM1,1576,1492,True,train
JM1,1577,1493,True,validation
JM1,1578,1494,True,test
JM1,1579,1495,True,train
JM1,1580,1496,True,validation
JM1,1581,1497,True,train
JM1,1582,1498,True,validation
JM1,1583,1499,True,validation
JM1,1584,1500,True,test
JM1,1585,1501,True,train
JM1,1586,1502,True,test
JM1,1587,1503,True,train
JM1,1588,1504,True,train
JM1,1589,1505,True,test
JM1,1590,1506,True,train
JM1,1591,1507,True,train
JM1,1592,1508,True,train
JM1,1593,1509,True,validation
JM1,1594,1510,True,validation
JM1,1595,1511,True,train
JM1,1596,1512,True,train
JM1,1597,1513,True,validation
JM1,1598,1514,True,train
JM1,1599,1515,True,train
JM1,1600,1516,True,train
JM1,1601,1517,True,train
JM1,1602,1518,True,test
JM1,1603,1519,True,train
JM1,1604,1520,True,train
JM1,1605,1521,True,test
JM1,1606,1522,True,train
JM1,1607,1523,True,test
JM1,1608,1524,True,train
JM1,1609,1525,True,train
JM1,1610,1526,True,test
JM1,1611,1527,True,test
JM1,1612,1528,True,train
JM1,1613,1529,True,train
JM1,1614,1530,True,train
JM1,1615,1531,True,validation
JM1,1616,1532,True,validation
JM1,1617,1533,True,train
JM1,1618,1534,True,train
JM1,1619,1535,True,train
JM1,1620,1536,True,train
JM1,1621,1537,True,train
JM1,1622,1538,True,train
JM1,1623,1539,True,test
JM1,1624,1540,True,train
JM1,1625,1541,True,validation
JM1,1626,1542,True,train
JM1,1627,1543,True,train
JM1,1628,1544,True,train
JM1,1629,1545,True,train
JM1,1630,1546,True,validation
JM1,1631,1547,True,train
JM1,1632,1548,True,train
JM1,1633,1549,True,validation
JM1,1634,1550,True,train
JM1,1635,1551,True,train
JM1,1636,1552,True,train
JM1,1637,1553,True,train
JM1,1638,1554,True,train
JM1,1639,1555,True,train
JM1,1640,1556,True,train
JM1,1641,1557,True,train
JM1,1642,1558,True,train
JM1,1643,1559,True,train
JM1,1644,1560,True,validation
JM1,1645,1561,True,train
JM1,1646,1562,True,train
JM1,1647,1563,True,validation
JM1,1648,1564,True,train
JM1,1649,1565,True,validation
JM1,1650,1566,True,train
JM1,1651,1567,True,train
JM1,1652,1568,True,test
JM1,1653,1569,True,train
JM1,1654,71,True,test
JM1,1655,1570,True,train
JM1,1656,1571,True,validation
JM1,1657,1572,True,validation
JM1,1658,1573,True,train
JM1,1659,1574,True,train
JM1,1660,1575,True,validation
JM1,1661,1576,True,validation
JM1,1662,1577,True,validation
JM1,1663,1578,True,train
JM1,1664,1579,True,train
JM1,1665,1580,True,validation
JM1,1666,1581,True,train
JM1,1667,1582,True,train
JM1,1668,1583,True,validation
JM1,1669,1584,True,test
JM1,1670,1585,True,validation
JM1,1671,1586,True,validation
JM1,1672,1587,True,train
JM1,1673,1588,True,validation
JM1,1674,1589,True,train
JM1,1675,1590,True,validation
JM1,1676,1591,True,test
JM1,1677,1592,True,train
JM1,1678,1593,True,train
JM1,1679,1594,True,test
JM1,1680,1595,True,train
JM1,1681,1596,True,train
JM1,1682,1597,True,train
JM1,1683,1598,True,test
JM1,1684,1599,True,validation
JM1,1685,1600,True,train
JM1,1686,1601,True,train
JM1,1687,1602,True,train
JM1,1688,1603,True,test
JM1,1689,1604,True,test
JM1,1690,1605,True,train
JM1,1691,1606,True,validation
JM1,1692,1607,True,validation
JM1,1693,1608,True,test
JM1,1694,1609,True,train
JM1,1695,1610,True,train
JM1,1696,1611,True,train
JM1,1697,1612,True,test
JM1,1698,1613,True,train
JM1,1699,1614,True,validation
JM1,1700,1615,True,train
JM1,1701,1616,True,validation
JM1,1702,1617,True,train
JM1,1703,1618,True,train
JM1,1704,1619,True,train
JM1,1705,1620,True,train
JM1,1706,1621,True,train
JM1,1707,1622,True,train
JM1,1708,1623,True,train
JM1,1709,1624,True,test
JM1,1710,1625,True,train
JM1,1711,1626,True,validation
JM1,1712,1627,True,train
JM1,1713,760,True,train
JM1,1714,1628,True,train
JM1,1715,1629,True,train
JM1,1716,760,True,train
JM1,1717,1630,True,train
JM1,1718,1631,True,train
JM1,1719,1632,True,validation
JM1,1720,1633,True,train
JM1,1721,1634,True,train
JM1,1722,1635,True,train
JM1,1723,1636,True,train
JM1,1724,1637,True,train
JM1,1725,1638,True,test
JM1,1726,1639,True,train
JM1,1727,1640,True,train
JM1,1728,1641,True,train
JM1,1729,1642,True,test
JM1,1730,1643,True,train
JM1,1731,1644,True,train
JM1,1732,1645,True,test
JM1,1733,1646,True,train
JM1,1734,1647,True,validation
JM1,1735,1648,True,train
JM1,1736,1649,True,train
JM1,1737,1649,True,train
JM1,1738,1649,True,train
JM1,1739,1650,True,test
JM1,1740,1651,True,train
JM1,1741,998,True,validation
JM1,1742,1652,True,train
JM1,1743,1653,True,train
JM1,1744,1654,True,train
JM1,1745,1655,True,train
JM1,1746,1656,True,validation
JM1,1747,1657,True,test
JM1,1748,1658,True,train
JM1,1749,1659,True,train
JM1,1750,1660,True,train
JM1,1751,1661,True,train
JM1,1752,1662,True,train
JM1,1753,1663,True,train
JM1,1754,1664,True,train
JM1,1755,1665,True,train
JM1,1756,436,True,train
JM1,1757,1666,True,train
JM1,1758,1667,True,train
JM1,1759,1668,True,test
JM1,1760,1669,True,train
JM1,1761,1670,True,test
JM1,1762,1671,True,train
JM1,1763,1672,True,train
JM1,1764,1673,True,train
JM1,1765,1674,True,train
JM1,1766,1675,True,train
JM1,1767,1676,True,train
JM1,1768,1677,True,train
JM1,1769,1678,True,train
JM1,1770,1679,True,train
JM1,1771,1680,True,train
JM1,1772,1681,True,train
JM1,1773,1682,True,train
JM1,1774,1683,True,test
JM1,1775,1684,True,test
JM1,1776,1685,True,train
JM1,1777,1686,True,test
JM1,1778,1687,True,train
JM1,1779,1688,True,validation
JM1,1780,1689,True,train
JM1,1781,1690,True,train
JM1,1782,1691,True,train
JM1,1783,1692,True,train
JM1,1784,1693,True,train
JM1,1785,1694,True,train
JM1,1786,1695,True,train
JM1,1787,1696,True,validation
JM1,1788,1697,True,train
JM1,1789,269,True,test
JM1,1790,1698,True,train
JM1,1791,1699,True,train
JM1,1792,1700,True,test
JM1,1793,1701,True,train
JM1,1794,1435,True,test
JM1,1795,1702,True,train
JM1,1796,1703,True,test
JM1,1797,1704,True,train
JM1,1798,1705,True,train
JM1,1799,1706,True,train
JM1,1800,1707,True,validation
JM1,1801,1708,True,train
JM1,1802,1709,True,validation
JM1,1803,1710,True,train
JM1,1804,1711,True,train
JM1,1805,1712,True,validation
JM1,1806,1713,True,train
JM1,1807,1714,True,validation
JM1,1808,1715,True,train
JM1,1809,1716,True,train
JM1,1810,1717,True,validation
JM1,1811,1718,True,validation
JM1,1812,1719,True,validation
JM1,1813,1720,True,train
JM1,1814,1721,True,train
JM1,1815,1722,True,validation
JM1,1816,1723,True,validation
JM1,1817,1724,True,train
JM1,1818,1725,True,test
JM1,1819,1726,True,train
JM1,1820,1727,True,train
JM1,1821,1728,True,train
JM1,1822,374,True,test
JM1,1823,812,True,train
JM1,1824,1729,True,train
JM1,1825,1730,True,train
JM1,1826,1731,True,train
JM1,1827,1732,True,validation
JM1,1828,1733,True,test
JM1,1829,1734,True,validation
JM1,1830,1735,True,test
JM1,1831,1736,True,test
JM1,1832,269,True,test
JM1,1833,1737,True,train
JM1,1834,1738,True,train
JM1,1835,1739,True,train
JM1,1836,1740,True,train
JM1,1837,1741,True,test
JM1,1838,1742,True,train
JM1,1839,1743,True,train
JM1,1840,1744,True,validation
JM1,1841,1745,True,test
JM1,1842,1746,True,train
JM1,1843,1747,True,train
JM1,1844,1748,True,train
JM1,1845,1749,True,train
JM1,1846,1750,True,train
JM1,1847,1751,True,train
JM1,1848,1752,True,train
JM1,1849,1753,True,train
JM1,1850,1754,True,train
JM1,1851,1755,True,test
JM1,1852,1756,True,test
JM1,1853,1757,True,train
JM1,1854,1758,True,test
JM1,1855,1759,True,train
JM1,1856,1760,True,validation
JM1,1857,1761,True,train
JM1,1858,1762,True,train
JM1,1859,1763,True,train
JM1,1860,1764,True,train
JM1,1861,1765,True,train
JM1,1862,1766,True,train
JM1,1863,1767,True,validation
JM1,1864,1768,True,test
JM1,1865,1769,True,validation
JM1,1866,1770,True,train
JM1,1867,1771,True,train
JM1,1868,1772,True,test
JM1,1869,1773,True,train
JM1,1870,1774,True,validation
JM1,1871,1775,True,train
JM1,1872,1776,True,train
JM1,1873,1777,True,test
JM1,1874,1778,True,train
JM1,1875,1779,True,validation
JM1,1876,1780,True,train
JM1,1877,1781,True,train
JM1,1878,1782,True,train
JM1,1879,1783,True,train
JM1,1880,1784,True,train
JM1,1881,1785,True,test
JM1,1882,1786,True,train
JM1,1883,1787,True,train
JM1,1884,1788,True,validation
JM1,1885,1789,True,train
JM1,1886,1790,True,validation
JM1,1887,1791,True,validation
JM1,1888,1792,True,train
JM1,1889,1793,True,train
JM1,1890,1794,True,train
JM1,1891,1795,True,train
JM1,1892,1796,True,validation
JM1,1893,1797,True,train
JM1,1894,1798,True,test
JM1,1895,1799,True,train
JM1,1896,1800,True,train
JM1,1897,1801,True,train
JM1,1898,1802,True,train
JM1,1899,1803,True,validation
JM1,1900,1804,True,train
JM1,1901,1805,True,validation
JM1,1902,1806,True,train
JM1,1903,1807,True,train
JM1,1904,1808,True,train
JM1,1905,1809,True,train
JM1,1906,1810,True,train
JM1,1907,1811,True,train
JM1,1908,1812,True,train
JM1,1909,1813,True,test
JM1,1910,1814,True,validation
JM1,1911,1815,True,train
JM1,1912,1816,True,validation
JM1,1913,1817,True,train
JM1,1914,1818,True,validation
JM1,1915,1819,True,test
JM1,1916,1820,True,validation
JM1,1917,1821,True,train
JM1,1918,1822,True,train
JM1,1919,1823,True,test
JM1,1920,1824,True,train
JM1,1921,1825,True,train
JM1,1922,1826,True,train
JM1,1923,1827,True,validation
JM1,1924,1828,True,train
JM1,1925,1829,True,train
JM1,1926,1830,True,test
JM1,1927,1831,True,validation
JM1,1928,1832,True,train
JM1,1929,1833,True,train
JM1,1930,1834,True,validation
JM1,1931,1835,True,test
JM1,1932,1836,True,validation
JM1,1933,1837,True,train
JM1,1934,1838,True,test
JM1,1935,1839,True,validation
JM1,1936,812,True,train
JM1,1937,269,True,test
JM1,1938,1840,True,train
JM1,1939,1841,True,train
JM1,1940,1842,True,train
JM1,1941,1843,True,train
JM1,1942,1844,True,test
JM1,1943,1845,True,train
JM1,1944,1846,True,test
JM1,1945,1847,True,validation
JM1,1946,1848,True,train
JM1,1947,1849,True,train
JM1,1948,1850,True,validation
JM1,1949,1851,True,train
JM1,1950,1852,True,test
JM1,1951,1853,True,test
JM1,1952,1854,True,train
JM1,1953,1855,True,train
JM1,1954,1856,True,train
JM1,1955,1857,True,train
JM1,1956,1858,True,test
JM1,1957,1859,True,train
JM1,1958,1860,True,test
JM1,1959,1861,True,train
JM1,1960,1862,True,validation
JM1,1961,1863,True,validation
JM1,1962,1864,True,train
JM1,1963,1865,True,validation
JM1,1964,1866,True,validation
JM1,1965,1867,True,train
JM1,1966,1868,True,train
JM1,1967,1869,True,train
JM1,1968,1870,True,train
JM1,1969,1871,True,train
JM1,1970,1872,True,train
JM1,1971,1873,True,train
JM1,1972,1874,True,train
JM1,1973,1875,True,validation
JM1,1974,1876,True,validation
JM1,1975,1877,True,train
JM1,1976,1878,True,train
JM1,1977,1879,True,train
JM1,1978,1880,True,train
JM1,1979,1881,True,test
JM1,1980,1882,True,validation
JM1,1981,1883,True,train
JM1,1982,1884,True,validation
JM1,1983,1885,True,train
JM1,1984,1886,True,train
JM1,1985,1887,True,train
JM1,1986,1888,True,train
JM1,1987,1889,True,validation
JM1,1988,1890,True,test
JM1,1989,151,True,validation
JM1,1990,1891,True,train
JM1,1991,1892,True,train
JM1,1992,1893,True,train
JM1,1993,1894,True,train
JM1,1994,1895,True,train
JM1,1995,1896,True,validation
JM1,1996,1897,True,test
JM1,1997,1898,True,train
JM1,1998,1899,True,train
JM1,1999,1900,True,train
JM1,2000,1901,True,train
JM1,2001,1902,True,train
JM1,2002,1903,True,test
JM1,2003,1904,True,test
JM1,2004,1905,True,test
JM1,2005,1906,True,train
JM1,2006,1907,True,validation
JM1,2007,1908,True,train
JM1,2008,1909,True,train
JM1,2009,1910,True,train
JM1,2010,1911,True,train
JM1,2011,1912,True,test
JM1,2012,1913,True,train
JM1,2013,1914,True,train
JM1,2014,1915,True,test
JM1,2015,1916,True,train
JM1,2016,1917,True,train
JM1,2017,1918,True,train
JM1,2018,1919,True,train
JM1,2019,1920,True,train
JM1,2020,1921,True,train
JM1,2021,1922,True,train
JM1,2022,1923,True,train
JM1,2023,1924,True,test
JM1,2024,1925,True,validation
JM1,2025,1926,True,train
JM1,2026,1927,True,train
JM1,2027,1928,True,test
JM1,2028,1929,True,train
JM1,2029,1930,True,train
JM1,2030,1931,True,train
JM1,2031,1932,True,train
JM1,2032,1933,True,validation
JM1,2033,1934,True,test
JM1,2034,1935,True,train
JM1,2035,1936,True,train
JM1,2036,1937,True,validation
JM1,2037,1938,True,train
JM1,2038,1939,True,validation
JM1,2039,1940,True,train
JM1,2040,1941,True,test
JM1,2041,1942,True,test
JM1,2042,1943,True,train
JM1,2043,1944,True,train
JM1,2044,1945,True,train
JM1,2045,1946,True,train
JM1,2046,1947,True,train
JM1,2047,1948,True,validation
JM1,2048,1949,True,train
JM1,2049,1950,True,train
JM1,2050,1951,True,test
JM1,2051,1952,True,test
JM1,2052,1953,True,train
JM1,2053,1954,True,test
JM1,2054,1955,True,test
JM1,2055,1956,True,test
JM1,2056,1957,True,train
JM1,2057,1958,True,validation
JM1,2058,1959,True,train
JM1,2059,1960,True,train
JM1,2060,1961,True,train
JM1,2061,1962,True,train
JM1,2062,1963,True,train
JM1,2063,1964,True,train
JM1,2064,1965,True,test
JM1,2065,1966,True,train
JM1,2066,1967,True,validation
JM1,2067,1968,True,train
JM1,2068,1969,True,train
JM1,2069,1970,True,train
JM1,2070,1971,True,test
JM1,2071,1972,True,test
JM1,2072,1973,True,test
JM1,2073,1974,True,train
JM1,2074,1975,True,train
JM1,2075,1976,True,train
JM1,2076,1977,True,train
JM1,2077,1978,True,train
JM1,2078,1979,True,validation
JM1,2079,1980,True,train
JM1,2080,1981,True,train
JM1,2081,1982,True,validation
JM1,2082,1983,True,train
JM1,2083,1984,True,validation
JM1,2084,1985,True,train
JM1,2085,1986,True,train
JM1,2086,1987,True,train
JM1,2087,1988,True,test
JM1,2088,1989,True,test
JM1,2089,1990,True,train
JM1,2090,1991,True,train
JM1,2091,1992,True,validation
JM1,2092,1993,True,test
JM1,2093,1994,True,train
JM1,2094,1995,True,train
JM1,2095,1996,True,train
JM1,2096,1997,True,test
JM1,2097,1998,True,validation
JM1,2098,1999,True,train
JM1,2099,2000,True,train
JM1,2100,2001,True,train
JM1,2101,2002,True,train
JM1,2102,2003,True,train
JM1,2103,2004,True,train
JM1,2104,2005,False,train
JM1,2105,2006,False,train
JM1,2106,2007,False,train
JM1,2107,2008,False,test
JM1,2108,2009,False,train
JM1,2109,2010,False,test
JM1,2110,2011,False,train
JM1,2111,2012,False,validation
JM1,2112,2013,False,train
JM1,2113,2014,False,train
JM1,2114,2015,False,train
JM1,2115,2016,False,train
JM1,2116,2017,False,train
JM1,2117,2018,False,train
JM1,2118,2019,False,train
JM1,2119,2020,False,train
JM1,2120,2021,False,test
JM1,2121,2022,False,validation
JM1,2122,2023,False,train
JM1,2123,2024,False,train
JM1,2124,2025,False,validation
JM1,2125,2026,False,train
JM1,2126,2027,False,train
JM1,2127,2028,False,train
JM1,2128,2029,False,validation
JM1,2129,2030,False,train
JM1,2130,2031,False,train
JM1,2131,2032,False,train
JM1,2132,2033,False,train
JM1,2133,2034,False,validation
JM1,2134,404,False,validation
JM1,2135,2035,False,train
JM1,2136,2036,False,train
JM1,2137,2037,False,train
JM1,2138,2038,False,test
JM1,2139,2039,False,train
JM1,2140,2040,False,train
JM1,2141,2041,False,train
JM1,2142,2042,False,test
JM1,2143,319,False,train
JM1,2144,2043,False,train
JM1,2145,2044,False,train
JM1,2146,2045,False,validation
JM1,2147,2046,False,validation
JM1,2148,151,False,validation
JM1,2149,2047,False,train
JM1,2150,2048,False,validation
JM1,2151,2049,False,train
JM1,2152,2050,False,train
JM1,2153,2051,False,train
JM1,2154,2052,False,train
JM1,2155,2053,False,validation
JM1,2156,2054,False,train
JM1,2157,2055,False,train
JM1,2158,2056,False,train
JM1,2159,2057,False,validation
JM1,2160,2058,False,test
JM1,2161,2059,False,train
JM1,2162,2060,False,test
JM1,2163,2061,False,test
JM1,2164,2062,False,train
JM1,2165,2063,False,test
JM1,2166,2064,False,train
JM1,2167,2065,False,train
JM1,2168,2066,False,train
JM1,2169,2067,False,train
JM1,2170,2068,False,train
JM1,2171,2069,False,test
JM1,2172,2070,False,test
JM1,2173,2071,False,test
JM1,2174,2072,False,train
JM1,2175,2073,False,train
JM1,2176,2074,False,test
JM1,2177,2075,False,validation
JM1,2178,2076,False,train
JM1,2179,2077,False,test
JM1,2180,2078,False,train
JM1,2181,2079,False,validation
JM1,2182,2080,False,train
JM1,2183,2081,False,test
JM1,2184,2082,False,train
JM1,2185,2083,False,train
JM1,2186,2084,False,train
JM1,2187,2085,False,validation
JM1,2188,2086,False,train
JM1,2189,2087,False,test
JM1,2190,2088,False,train
JM1,2191,2089,False,train
JM1,2192,2090,False,test
JM1,2193,2091,False,train
JM1,2194,2092,False,train
JM1,2195,2093,False,train
JM1,2196,2094,False,train
JM1,2197,2095,False,validation
JM1,2198,2096,False,validation
JM1,2199,2097,False,validation
JM1,2200,2098,False,test
JM1,2201,2099,False,train
JM1,2202,2100,False,train
JM1,2203,2101,False,validation
JM1,2204,2102,False,train
JM1,2205,2103,False,train
JM1,2206,2104,False,test
JM1,2207,2105,False,test
JM1,2208,2106,False,train
JM1,2209,1923,False,train
JM1,2210,2107,False,train
JM1,2211,2108,False,test
JM1,2212,404,False,validation
JM1,2213,2109,False,train
JM1,2214,2110,False,train
JM1,2215,2111,False,train
JM1,2216,2112,False,train
JM1,2217,2113,False,train
JM1,2218,2114,False,train
JM1,2219,2115,False,train
JM1,2220,2116,False,train
JM1,2221,2117,False,validation
JM1,2222,466,False,validation
JM1,2223,2118,False,train
JM1,2224,2119,False,train
JM1,2225,2120,False,train
JM1,2226,2121,False,train
JM1,2227,2122,False,train
JM1,2228,2122,False,train
JM1,2229,2122,False,train
JM1,2230,2123,False,train
JM1,2231,2124,False,validation
JM1,2232,2125,False,train
JM1,2233,2126,False,train
JM1,2234,2127,False,train
JM1,2235,2128,False,validation
JM1,2236,2129,False,validation
JM1,2237,784,False,train
JM1,2238,2130,False,train
JM1,2239,2131,False,train
JM1,2240,768,False,train
JM1,2241,2132,False,train
JM1,2242,754,False,train
JM1,2243,2133,False,test
JM1,2244,2134,False,test
JM1,2245,2135,False,train
JM1,2246,2136,False,train
JM1,2247,2137,False,train
JM1,2248,2138,False,train
JM1,2249,2139,False,train
JM1,2250,2140,False,train
JM1,2251,2141,False,test
JM1,2252,2142,False,train
JM1,2253,2143,False,train
JM1,2254,2144,False,test
JM1,2255,2145,False,test
JM1,2256,2146,False,test
JM1,2257,2147,False,train
JM1,2258,2148,False,validation
JM1,2259,2149,False,train
JM1,2260,2150,False,test
JM1,2261,2151,False,train
JM1,2262,2152,False,train
JM1,2263,2153,False,train
JM1,2264,2154,False,validation
JM1,2265,2155,False,train
JM1,2266,2156,False,train
JM1,2267,2157,False,validation
JM1,2268,2158,False,validation
JM1,2269,2159,False,train
JM1,2270,2160,False,validation
JM1,2271,2161,False,train
JM1,2272,2162,False,validation
JM1,2273,2163,False,train
JM1,2274,2164,False,train
JM1,2275,2165,False,train
JM1,2276,2165,False,train
JM1,2277,2166,False,train
JM1,2278,2167,False,test
JM1,2279,2168,False,test
JM1,2280,2167,False,test
JM1,2281,319,False,train
JM1,2282,2169,False,test
JM1,2283,2170,False,train
JM1,2284,2167,False,test
JM1,2285,319,False,train
JM1,2286,2171,False,train
JM1,2287,2172,False,train
JM1,2288,2171,False,train
JM1,2289,2173,False,train
JM1,2290,2173,False,train
JM1,2291,2174,False,train
JM1,2292,2175,False,train
JM1,2293,2176,False,test
JM1,2294,2177,False,train
JM1,2295,2178,False,train
JM1,2296,2179,False,test
JM1,2297,2180,False,validation
JM1,2298,2181,False,train
JM1,2299,2182,False,validation
JM1,2300,2183,False,validation
JM1,2301,2184,False,train
JM1,2302,2185,False,test
JM1,2303,2186,False,test
JM1,2304,835,False,train
JM1,2305,2186,False,test
JM1,2306,2187,False,train
JM1,2307,381,False,train
JM1,2308,2188,False,train
JM1,2309,2188,False,train
JM1,2310,2189,False,train
JM1,2311,2190,False,train
JM1,2312,2191,False,train
JM1,2313,2191,False,train
JM1,2314,2191,False,train
JM1,2315,2192,False,train
JM1,2316,2188,False,train
JM1,2317,2193,False,test
JM1,2318,2194,False,train
JM1,2319,2195,False,train
JM1,2320,2196,False,validation
JM1,2321,2197,False,test
JM1,2322,2198,False,train
JM1,2323,812,False,train
JM1,2324,2199,False,test
JM1,2325,2200,False,train
JM1,2326,2201,False,train
JM1,2327,2202,False,validation
JM1,2328,835,False,train
JM1,2329,2203,False,train
JM1,2330,2204,False,test
JM1,2331,2205,False,train
JM1,2332,2206,False,test
JM1,2333,2207,False,train
JM1,2334,2208,False,train
JM1,2335,2209,False,validation
JM1,2336,2210,False,train
JM1,2337,2211,False,train
JM1,2338,2212,False,train
JM1,2339,2213,False,train
JM1,2340,2214,False,train
JM1,2341,2215,False,train
JM1,2342,2216,False,validation
JM1,2343,2217,False,validation
JM1,2344,2218,False,train
JM1,2345,2219,False,train
JM1,2346,2220,False,train
JM1,2347,2221,False,train
JM1,2348,2222,False,train
JM1,2349,2223,False,validation
JM1,2350,2224,False,test
JM1,2351,2225,False,train
JM1,2352,1601,False,train
JM1,2353,2226,False,train
JM1,2354,2227,False,validation
JM1,2355,2228,False,train
JM1,2356,2229,False,test
JM1,2357,2230,False,train
JM1,2358,835,False,train
JM1,2359,2231,False,train
JM1,2360,1143,False,train
JM1,2361,1143,False,train
JM1,2362,2232,False,train
JM1,2363,2233,False,train
JM1,2364,1143,False,train
JM1,2365,1143,False,train
JM1,2366,1143,False,train
JM1,2367,1143,False,train
JM1,2368,2234,False,train
JM1,2369,2232,False,train
JM1,2370,2235,False,train
JM1,2371,2233,False,train
JM1,2372,2236,False,train
JM1,2373,2237,False,train
JM1,2374,2238,False,train
JM1,2375,2239,False,train
JM1,2376,2240,False,train
JM1,2377,2241,False,validation
JM1,2378,2242,False,train
JM1,2379,2243,False,train
JM1,2380,2244,False,validation
JM1,2381,2245,False,test
JM1,2382,2246,False,test
JM1,2383,2247,False,validation
JM1,2384,2248,False,train
JM1,2385,2249,False,train
JM1,2386,2250,False,train
JM1,2387,2251,False,train
JM1,2388,2252,False,validation
JM1,2389,2253,False,train
JM1,2390,2254,False,train
JM1,2391,2255,False,train
JM1,2392,2256,False,validation
JM1,2393,2257,False,train
JM1,2394,2258,False,train
JM1,2395,2259,False,train
JM1,2396,2260,False,train
JM1,2397,2244,False,validation
JM1,2398,2261,False,train
JM1,2399,2262,False,train
JM1,2400,2263,False,train
JM1,2401,2264,False,test
JM1,2402,2265,False,train
JM1,2403,2266,False,train
JM1,2404,2267,False,train
JM1,2405,2268,False,validation
JM1,2406,2269,False,train
JM1,2407,2244,False,validation
JM1,2408,2270,False,train
JM1,2409,2271,False,test
JM1,2410,2272,False,validation
JM1,2411,2273,False,train
JM1,2412,2274,False,train
JM1,2413,2275,False,train
JM1,2414,2276,False,train
JM1,2415,2277,False,train
JM1,2416,2278,False,train
JM1,2417,2279,False,test
JM1,2418,2280,False,train
JM1,2419,2281,False,test
JM1,2420,2282,False,validation
JM1,2421,2283,False,validation
JM1,2422,2284,False,validation
JM1,2423,2285,False,test
JM1,2424,2286,False,train
JM1,2425,2287,False,train
JM1,2426,2288,False,train
JM1,2427,2289,False,test
JM1,2428,2290,False,train
JM1,2429,2291,False,train
JM1,2430,2292,False,train
JM1,2431,374,False,test
JM1,2432,2293,False,train
JM1,2433,2294,False,train
JM1,2434,2295,False,train
JM1,2435,2296,False,train
JM1,2436,2297,False,train
JM1,2437,2298,False,train
JM1,2438,2299,False,train
JM1,2439,2278,False,train
JM1,2440,2300,False,train
JM1,2441,2301,False,test
JM1,2442,2302,False,train
JM1,2443,2303,False,train
JM1,2444,2304,False,validation
JM1,2445,2305,False,train
JM1,2446,2306,False,test
JM1,2447,2307,False,train
JM1,2448,2308,False,test
JM1,2449,2309,False,train
JM1,2450,2310,False,train
JM1,2451,2311,False,train
JM1,2452,2312,False,train
JM1,2453,2313,False,validation
JM1,2454,2314,False,train
JM1,2455,2315,False,validation
JM1,2456,2316,False,train
JM1,2457,2317,False,train
JM1,2458,2318,False,validation
JM1,2459,2319,False,test
JM1,2460,2320,False,validation
JM1,2461,2321,False,train
JM1,2462,2322,False,train
JM1,2463,2323,False,test
JM1,2464,2324,False,train
JM1,2465,2325,False,validation
JM1,2466,2326,False,train
JM1,2467,2327,False,train
JM1,2468,2328,False,test
JM1,2469,2329,False,test
JM1,2470,2330,False,train
JM1,2471,2331,False,train
JM1,2472,2332,False,test
JM1,2473,2333,False,train
JM1,2474,2331,False,train
JM1,2475,2334,False,train
JM1,2476,2335,False,test
JM1,2477,2336,False,validation
JM1,2478,2331,False,train
JM1,2479,2337,False,validation
JM1,2480,2332,False,test
JM1,2481,2331,False,train
JM1,2482,2338,False,train
JM1,2483,2339,False,test
JM1,2484,2340,False,train
JM1,2485,2341,False,train
JM1,2486,2342,False,validation
JM1,2487,2339,False,test
JM1,2488,2343,False,train
JM1,2489,2344,False,validation
JM1,2490,2345,False,train
JM1,2491,2346,False,train
JM1,2492,2347,False,train
JM1,2493,2348,False,test
JM1,2494,2349,False,train
JM1,2495,2350,False,train
JM1,2496,2351,False,train
JM1,2497,2352,False,train
JM1,2498,2353,False,train
JM1,2499,2354,False,train
JM1,2500,2355,False,train
JM1,2501,2356,False,test
JM1,2502,2357,False,validation
JM1,2503,2358,False,train
JM1,2504,2359,False,train
JM1,2505,2360,False,train
JM1,2506,2361,False,test
JM1,2507,326,False,train
JM1,2508,2362,False,train
JM1,2509,2363,False,test
JM1,2510,2364,False,train
JM1,2511,2365,False,validation
JM1,2512,2366,False,train
JM1,2513,2367,False,train
JM1,2514,2368,False,train
JM1,2515,2369,False,train
JM1,2516,2370,False,train
JM1,2517,2371,False,train
JM1,2518,2166,False,train
JM1,2519,2372,False,train
JM1,2520,2373,False,train
JM1,2521,2374,False,train
JM1,2522,2375,False,validation
JM1,2523,2376,False,validation
JM1,2524,2377,False,train
JM1,2525,2378,False,train
JM1,2526,2379,False,train
JM1,2527,2166,False,train
JM1,2528,2380,False,train
JM1,2529,2381,False,train
JM1,2530,2382,False,train
JM1,2531,2383,False,train
JM1,2532,2384,False,train
JM1,2533,2385,False,train
JM1,2534,2386,False,validation
JM1,2535,835,False,train
JM1,2536,2387,False,train
JM1,2537,2388,False,train
JM1,2538,2389,False,train
JM1,2539,2390,False,train
JM1,2540,2391,False,train
JM1,2541,2392,False,train
JM1,2542,2393,False,train
JM1,2543,2394,False,train
JM1,2544,2393,False,train
JM1,2545,2395,False,train
JM1,2546,2393,False,train
JM1,2547,2396,False,validation
JM1,2548,2393,False,train
JM1,2549,2397,False,train
JM1,2550,2398,False,train
JM1,2551,2399,False,test
JM1,2552,2399,False,test
JM1,2553,2400,False,train
JM1,2554,2401,False,train
JM1,2555,2402,False,validation
JM1,2556,2403,False,train
JM1,2557,2404,False,train
JM1,2558,2405,False,train
JM1,2559,2406,False,train
JM1,2560,2407,False,train
JM1,2561,2408,False,train
JM1,2562,2409,False,train
JM1,2563,2410,False,test
JM1,2564,2406,False,train
JM1,2565,2411,False,test
JM1,2566,2406,False,train
JM1,2567,2412,False,train
JM1,2568,2406,False,train
JM1,2569,2413,False,train
JM1,2570,2414,False,test
JM1,2571,2415,False,train
JM1,2572,2416,False,train
JM1,2573,2416,False,train
JM1,2574,2417,False,train
JM1,2575,2418,False,test
JM1,2576,2419,False,train
JM1,2577,2420,False,train
JM1,2578,2419,False,train
JM1,2579,2421,False,test
JM1,2580,2422,False,train
JM1,2581,2423,False,train
JM1,2582,2424,False,validation
JM1,2583,2425,False,train
JM1,2584,2426,False,train
JM1,2585,2427,False,train
JM1,2586,2428,False,train
JM1,2587,2429,False,train
JM1,2588,2430,False,train
JM1,2589,2431,False,train
JM1,2590,2432,False,test
JM1,2591,2433,False,validation
JM1,2592,2434,False,train
JM1,2593,2435,False,train
JM1,2594,2436,False,test
JM1,2595,2437,False,train
JM1,2596,2438,False,train
JM1,2597,2439,False,validation
JM1,2598,2440,False,train
JM1,2599,332,False,train
JM1,2600,2441,False,train
JM1,2601,2442,False,train
JM1,2602,2443,False,test
JM1,2603,2444,False,validation
JM1,2604,2441,False,train
JM1,2605,2445,False,train
JM1,2606,332,False,train
JM1,2607,332,False,train
JM1,2608,2446,False,test
JM1,2609,2447,False,train
JM1,2610,2448,False,test
JM1,2611,2449,False,validation
JM1,2612,2450,False,validation
JM1,2613,466,False,validation
JM1,2614,466,False,validation
JM1,2615,2451,False,train
JM1,2616,2452,False,train
JM1,2617,2453,False,validation
JM1,2618,2454,False,test
JM1,2619,2455,False,train
JM1,2620,2456,False,test
JM1,2621,2457,False,test
JM1,2622,2458,False,train
JM1,2623,2459,False,train
JM1,2624,2460,False,train
JM1,2625,2461,False,train
JM1,2626,2462,False,validation
JM1,2627,2463,False,train
JM1,2628,2464,False,validation
JM1,2629,2465,False,train
JM1,2630,2466,False,train
JM1,2631,2467,False,test
JM1,2632,2468,False,test
JM1,2633,2469,False,test
JM1,2634,2470,False,train
JM1,2635,2471,False,train
JM1,2636,2472,False,validation
JM1,2637,2473,False,train
JM1,2638,2474,False,validation
JM1,2639,2475,False,validation
JM1,2640,2476,False,train
JM1,2641,2477,False,train
JM1,2642,2478,False,validation
JM1,2643,2479,False,train
JM1,2644,2480,False,test
JM1,2645,2481,False,test
JM1,2646,2482,False,train
JM1,2647,1255,False,train
JM1,2648,2483,False,test
JM1,2649,2484,False,train
JM1,2650,2485,False,train
JM1,2651,2486,False,train
JM1,2652,2487,False,train
JM1,2653,2488,False,train
JM1,2654,2489,False,train
JM1,2655,2490,False,train
JM1,2656,2491,False,train
JM1,2657,2492,False,validation
JM1,2658,2493,False,train
JM1,2659,2494,False,train
JM1,2660,2495,False,validation
JM1,2661,2496,False,train
JM1,2662,2497,False,train
JM1,2663,2498,False,train
JM1,2664,2499,False,validation
JM1,2665,2500,False,validation
JM1,2666,269,False,test
JM1,2667,2240,False,train
JM1,2668,2446,False,test
JM1,2669,2501,False,train
JM1,2670,2502,False,validation
JM1,2671,2503,False,test
JM1,2672,2504,False,train
JM1,2673,2505,False,train
JM1,2674,2506,False,test
JM1,2675,2507,False,test
JM1,2676,2508,False,train
JM1,2677,2509,False,train
JM1,2678,2510,False,train
JM1,2679,2511,False,train
JM1,2680,2512,False,train
JM1,2681,2513,False,test
JM1,2682,2514,False,train
JM1,2683,835,False,train
JM1,2684,2515,False,train
JM1,2685,2516,False,train
JM1,2686,2517,False,train
JM1,2687,2518,False,test
JM1,2688,2519,False,validation
JM1,2689,2520,False,train
JM1,2690,2521,False,train
JM1,2691,2522,False,train
JM1,2692,2523,False,train
JM1,2693,2524,False,test
JM1,2694,2525,False,train
JM1,2695,2526,False,train
JM1,2696,2527,False,train
JM1,2697,2528,False,train
JM1,2698,2529,False,train
JM1,2699,2530,False,train
JM1,2700,2522,False,train
JM1,2701,2531,False,train
JM1,2702,2532,False,train
JM1,2703,2533,False,train
JM1,2704,2534,False,train
JM1,2705,2535,False,train
JM1,2706,2536,False,validation
JM1,2707,2166,False,train
JM1,2708,2537,False,train
JM1,2709,2538,False,validation
JM1,2710,2539,False,test
JM1,2711,2540,False,train
JM1,2712,362,False,train
JM1,2713,2541,False,validation
JM1,2714,2542,False,train
JM1,2715,2543,False,train
JM1,2716,2544,False,test
JM1,2717,2545,False,train
JM1,2718,2546,False,train
JM1,2719,2547,False,test
JM1,2720,2548,False,train
JM1,2721,2549,False,validation
JM1,2722,2550,False,test
JM1,2723,2551,False,train
JM1,2724,2552,False,test
JM1,2725,2553,False,train
JM1,2726,2554,False,train
JM1,2727,2555,False,train
JM1,2728,2556,False,train
JM1,2729,2557,False,train
JM1,2730,2558,False,train
JM1,2731,2559,False,train
JM1,2732,2560,False,test
JM1,2733,2561,False,validation
JM1,2734,2562,False,train
JM1,2735,2563,False,train
JM1,2736,2564,False,train
JM1,2737,2565,False,train
JM1,2738,2565,False,train
JM1,2739,2566,False,train
JM1,2740,2567,False,test
JM1,2741,2568,False,train
JM1,2742,2569,False,validation
JM1,2743,2570,False,train
JM1,2744,2571,False,train
JM1,2745,2572,False,train
JM1,2746,2573,False,train
JM1,2747,2574,False,train
JM1,2748,2575,False,train
JM1,2749,2576,False,train
JM1,2750,2577,False,train
JM1,2751,2577,False,train
JM1,2752,2578,False,train
JM1,2753,2214,False,train
JM1,2754,2579,False,test
JM1,2755,2580,False,train
JM1,2756,2581,False,train
JM1,2757,2582,False,test
JM1,2758,2583,False,train
JM1,2759,2584,False,train
JM1,2760,2585,False,validation
JM1,2761,2586,False,train
JM1,2762,2587,False,train
JM1,2763,2588,False,validation
JM1,2764,2589,False,test
JM1,2765,2588,False,validation
JM1,2766,2590,False,test
JM1,2767,2591,False,train
JM1,2768,2592,False,train
JM1,2769,524,False,train
JM1,2770,2593,False,train
JM1,2771,2594,False,train
JM1,2772,2595,False,train
JM1,2773,2596,False,train
JM1,2774,2597,False,train
JM1,2775,2598,False,train
JM1,2776,2599,False,train
JM1,2777,2600,False,train
JM1,2778,2601,False,train
JM1,2779,2602,False,train
JM1,2780,2603,False,test
JM1,2781,2604,False,validation
JM1,2782,2605,False,train
JM1,2783,2606,False,train
JM1,2784,2607,False,test
JM1,2785,2106,False,train
JM1,2786,2608,False,train
JM1,2787,813,False,train
JM1,2788,2609,False,train
JM1,2789,2610,False,test
JM1,2790,2611,False,test
JM1,2791,2612,False,train
JM1,2792,2613,False,train
JM1,2793,2614,False,train
JM1,2794,2615,False,test
JM1,2795,2616,False,train
JM1,2796,2617,False,test
JM1,2797,2618,False,train
JM1,2798,2619,False,test
JM1,2799,2620,False,train
JM1,2800,2621,False,train
JM1,2801,2620,False,train
JM1,2802,2622,False,validation
JM1,2803,2620,False,train
JM1,2804,2623,False,validation
JM1,2805,2624,False,validation
JM1,2806,2625,False,train
JM1,2807,2626,False,train
JM1,2808,2627,False,train
JM1,2809,2628,False,train
JM1,2810,2629,False,train
JM1,2811,2630,False,train
JM1,2812,2631,False,validation
JM1,2813,2632,False,test
JM1,2814,2633,False,validation
JM1,2815,2634,False,validation
JM1,2816,2635,False,train
JM1,2817,2636,False,train
JM1,2818,151,False,validation
JM1,2819,2637,False,train
JM1,2820,2638,False,train
JM1,2821,2639,False,train
JM1,2822,2640,False,train
JM1,2823,2641,False,validation
JM1,2824,2642,False,test
JM1,2825,2643,False,test
JM1,2826,2644,False,train
JM1,2827,2645,False,train
JM1,2828,2646,False,train
JM1,2829,2647,False,train
JM1,2830,2648,False,train
JM1,2831,2649,False,train
JM1,2832,2650,False,train
JM1,2833,2651,False,validation
JM1,2834,2652,False,train
JM1,2835,2653,False,test
JM1,2836,2654,False,train
JM1,2837,2655,False,train
JM1,2838,2656,False,train
JM1,2839,2657,False,test
JM1,2840,2658,False,train
JM1,2841,375,False,validation
JM1,2842,2659,False,train
JM1,2843,2660,False,test
JM1,2844,2661,False,test
JM1,2845,2662,False,train
JM1,2846,2663,False,validation
JM1,2847,2664,False,train
JM1,2848,2665,False,train
JM1,2849,2666,False,test
JM1,2850,2667,False,test
JM1,2851,2668,False,train
JM1,2852,2669,False,train
JM1,2853,2670,False,train
JM1,2854,2671,False,validation
JM1,2855,2672,False,test
JM1,2856,2673,False,validation
JM1,2857,2674,False,train
JM1,2858,2675,False,train
JM1,2859,2676,False,test
JM1,2860,2677,False,validation
JM1,2861,2678,False,train
JM1,2862,2679,False,validation
JM1,2863,2680,False,train
JM1,2864,747,False,train
JM1,2865,2681,False,train
JM1,2866,2682,False,train
JM1,2867,2683,False,train
JM1,2868,2684,False,test
JM1,2869,2685,False,train
JM1,2870,2686,False,train
JM1,2871,2687,False,train
JM1,2872,2688,False,train
JM1,2873,2689,False,train
JM1,2874,2690,False,train
JM1,2875,2691,False,train
JM1,2876,2692,False,train
JM1,2877,2693,False,train
JM1,2878,2694,False,train
JM1,2879,2695,False,train
JM1,2880,2696,False,train
JM1,2881,2697,False,test
JM1,2882,2698,False,train
JM1,2883,2699,False,train
JM1,2884,2700,False,train
JM1,2885,2701,False,validation
JM1,2886,151,False,validation
JM1,2887,362,False,train
JM1,2888,230,False,train
JM1,2889,2702,False,train
JM1,2890,2703,False,validation
JM1,2891,2704,False,test
JM1,2892,2705,False,train
JM1,2893,2706,False,train
JM1,2894,2707,False,validation
JM1,2895,2708,False,train
JM1,2896,2709,False,train
JM1,2897,835,False,train
JM1,2898,2710,False,test
JM1,2899,2711,False,train
JM1,2900,2712,False,test
JM1,2901,2713,False,test
JM1,2902,2714,False,test
JM1,2903,2715,False,train
JM1,2904,2716,False,train
JM1,2905,2717,False,train
JM1,2906,2718,False,test
JM1,2907,2719,False,test
JM1,2908,2720,False,validation
JM1,2909,2721,False,train
JM1,2910,835,False,train
JM1,2911,151,False,validation
JM1,2912,151,False,validation
JM1,2913,2722,False,train
JM1,2914,2723,False,train
JM1,2915,2724,False,train
JM1,2916,2725,False,train
JM1,2917,2726,False,train
JM1,2918,2727,False,train
JM1,2919,2728,False,test
JM1,2920,2729,False,train
JM1,2921,2730,False,train
JM1,2922,2218,False,train
JM1,2923,2731,False,train
JM1,2924,2732,False,train
JM1,2925,2733,False,train
JM1,2926,2734,False,train
JM1,2927,2735,False,train
JM1,2928,2736,False,train
JM1,2929,2737,False,test
JM1,2930,1519,False,train
JM1,2931,2738,False,train
JM1,2932,2739,False,train
JM1,2933,2740,False,train
JM1,2934,2741,False,test
JM1,2935,2742,False,train
JM1,2936,2743,False,validation
JM1,2937,2744,False,validation
JM1,2938,2745,False,validation
JM1,2939,2746,False,validation
JM1,2940,2747,False,train
JM1,2941,2748,False,test
JM1,2942,2749,False,train
JM1,2943,2750,False,train
JM1,2944,2751,False,train
JM1,2945,2752,False,train
JM1,2946,2753,False,train
JM1,2947,2754,False,train
JM1,2948,2755,False,train
JM1,2949,2756,False,train
JM1,2950,2757,False,validation
JM1,2951,2758,False,test
JM1,2952,2759,False,test
JM1,2953,2760,False,validation
JM1,2954,2761,False,train
JM1,2955,2762,False,validation
JM1,2956,2763,False,train
JM1,2957,2764,False,train
JM1,2958,2765,False,train
JM1,2959,2766,False,test
JM1,2960,2767,False,test
JM1,2961,2768,False,validation
JM1,2962,2769,False,test
JM1,2963,2770,False,train
JM1,2964,2771,False,test
JM1,2965,2772,False,validation
JM1,2966,2773,False,validation
JM1,2967,2774,False,test
JM1,2968,2775,False,train
JM1,2969,2776,False,test
JM1,2970,2777,False,validation
JM1,2971,2778,False,validation
JM1,2972,2779,False,train
JM1,2973,2780,False,train
JM1,2974,2781,False,train
JM1,2975,2782,False,train
JM1,2976,2783,False,train
JM1,2977,2784,False,train
JM1,2978,2785,False,train
JM1,2979,2786,False,train
JM1,2980,2787,False,train
JM1,2981,2788,False,validation
JM1,2982,2789,False,validation
JM1,2983,2790,False,test
JM1,2984,2791,False,train
JM1,2985,2792,False,validation
JM1,2986,2793,False,train
JM1,2987,2794,False,validation
JM1,2988,2795,False,test
JM1,2989,2796,False,train
JM1,2990,2797,False,test
JM1,2991,2798,False,test
JM1,2992,2799,False,train
JM1,2993,2800,False,validation
JM1,2994,2801,False,train
JM1,2995,2802,False,train
JM1,2996,2803,False,validation
JM1,2997,2804,False,test
JM1,2998,2804,False,test
JM1,2999,2805,False,validation
JM1,3000,2806,False,train
JM1,3001,2807,False,test
JM1,3002,2808,False,train
JM1,3003,2809,False,train
JM1,3004,2810,False,train
JM1,3005,2811,False,train
JM1,3006,2812,False,train
JM1,3007,2813,False,train
JM1,3008,2814,False,test
JM1,3009,2815,False,validation
JM1,3010,2816,False,test
JM1,3011,2817,False,train
JM1,3012,2818,False,train
JM1,3013,2819,False,train
JM1,3014,2820,False,test
JM1,3015,2821,False,train
JM1,3016,2822,False,test
JM1,3017,2823,False,train
JM1,3018,2824,False,validation
JM1,3019,2825,False,train
JM1,3020,2826,False,validation
JM1,3021,2827,False,train
JM1,3022,2828,False,train
JM1,3023,2829,False,train
JM1,3024,2830,False,validation
JM1,3025,2831,False,train
JM1,3026,2832,False,validation
JM1,3027,2833,False,train
JM1,3028,2834,False,train
JM1,3029,2835,False,train
JM1,3030,2836,False,validation
JM1,3031,2837,False,validation
JM1,3032,2838,False,test
JM1,3033,2839,False,test
JM1,3034,2840,False,validation
JM1,3035,2841,False,train
JM1,3036,2842,False,train
JM1,3037,2843,False,test
JM1,3038,2844,False,validation
JM1,3039,888,False,validation
JM1,3040,2845,False,test
JM1,3041,2846,False,train
JM1,3042,2847,False,validation
JM1,3043,2848,False,train
JM1,3044,2849,False,train
JM1,3045,2850,False,train
JM1,3046,2851,False,train
JM1,3047,2852,False,validation
JM1,3048,2853,False,train
JM1,3049,2854,False,train
JM1,3050,2855,False,train
JM1,3051,2856,False,validation
JM1,3052,2857,False,train
JM1,3053,2858,False,test
JM1,3054,2859,False,train
JM1,3055,2860,False,train
JM1,3056,2861,False,train
JM1,3057,2862,False,test
JM1,3058,2863,False,test
JM1,3059,2864,False,train
JM1,3060,2865,False,validation
JM1,3061,2866,False,test
JM1,3062,2867,False,train
JM1,3063,2868,False,test
JM1,3064,2869,False,train
JM1,3065,2870,False,train
JM1,3066,2871,False,train
JM1,3067,2872,False,test
JM1,3068,2873,False,train
JM1,3069,2874,False,train
JM1,3070,2875,False,validation
JM1,3071,2876,False,train
JM1,3072,2877,False,train
JM1,3073,2878,False,train
JM1,3074,2879,False,train
JM1,3075,2880,False,train
JM1,3076,413,False,train
JM1,3077,2881,False,train
JM1,3078,2882,False,train
JM1,3079,2883,False,train
JM1,3080,2884,False,train
JM1,3081,2885,False,train
JM1,3082,2886,False,train
JM1,3083,2887,False,test
JM1,3084,2888,False,train
JM1,3085,2889,False,train
JM1,3086,2890,False,test
JM1,3087,2891,False,train
JM1,3088,2892,False,train
JM1,3089,2893,False,train
JM1,3090,2894,False,test
JM1,3091,2895,False,test
JM1,3092,2896,False,train
JM1,3093,2897,False,test
JM1,3094,2898,False,test
JM1,3095,2899,False,train
JM1,3096,2900,False,test
JM1,3097,2901,False,train
JM1,3098,2902,False,train
JM1,3099,2903,False,test
JM1,3100,2904,False,validation
JM1,3101,2905,False,train
JM1,3102,2906,False,validation
JM1,3103,2907,False,train
JM1,3104,2166,False,train
JM1,3105,2908,False,validation
JM1,3106,2909,False,train
JM1,3107,2910,False,test
JM1,3108,2911,False,train
JM1,3109,2912,False,train
JM1,3110,2913,False,train
JM1,3111,2914,False,train
JM1,3112,2915,False,test
JM1,3113,2916,False,train
JM1,3114,2917,False,train
JM1,3115,2918,False,train
JM1,3116,835,False,train
JM1,3117,2919,False,test
JM1,3118,2919,False,test
JM1,3119,2920,False,validation
JM1,3120,2905,False,train
JM1,3121,2921,False,train
JM1,3122,2922,False,validation
JM1,3123,2923,False,train
JM1,3124,2924,False,test
JM1,3125,1143,False,train
JM1,3126,754,False,train
JM1,3127,2925,False,validation
JM1,3128,2926,False,train
JM1,3129,835,False,train
JM1,3130,2927,False,train
JM1,3131,190,False,train
JM1,3132,2928,False,test
JM1,3133,2929,False,train
JM1,3134,2930,False,train
JM1,3135,2931,False,train
JM1,3136,2932,False,validation
JM1,3137,2933,False,test
JM1,3138,2934,False,train
JM1,3139,2935,False,test
JM1,3140,2936,False,test
JM1,3141,2937,False,train
JM1,3142,2938,False,train
JM1,3143,2939,False,test
JM1,3144,2940,False,train
JM1,3145,2941,False,train
JM1,3146,2942,False,train
JM1,3147,2943,False,train
JM1,3148,2944,False,train
JM1,3149,2926,False,train
JM1,3150,2945,False,train
JM1,3151,2946,False,train
JM1,3152,2947,False,train
JM1,3153,2948,False,train
JM1,3154,2949,False,train
JM1,3155,2950,False,train
JM1,3156,2951,False,train
JM1,3157,2952,False,train
JM1,3158,2953,False,train
JM1,3159,2954,False,train
JM1,3160,888,False,validation
JM1,3161,2955,False,train
JM1,3162,2956,False,test
JM1,3163,319,False,train
JM1,3164,2957,False,train
JM1,3165,2958,False,train
JM1,3166,2959,False,test
JM1,3167,2960,False,test
JM1,3168,2961,False,train
JM1,3169,58,False,test
JM1,3170,2962,False,train
JM1,3171,2962,False,train
JM1,3172,2962,False,train
JM1,3173,2963,False,train
JM1,3174,362,False,train
JM1,3175,2964,False,train
JM1,3176,2946,False,train
JM1,3177,2965,False,test
JM1,3178,362,False,train
JM1,3179,362,False,train
JM1,3180,2966,False,train
JM1,3181,2967,False,train
JM1,3182,811,False,train
JM1,3183,754,False,train
JM1,3184,2968,False,train
JM1,3185,2969,False,train
JM1,3186,2970,False,validation
JM1,3187,2971,False,train
JM1,3188,2972,False,test
JM1,3189,2973,False,train
JM1,3190,2974,False,train
JM1,3191,2975,False,train
JM1,3192,2976,False,train
JM1,3193,2977,False,validation
JM1,3194,2978,False,validation
JM1,3195,2979,False,train
JM1,3196,2980,False,train
JM1,3197,2981,False,train
JM1,3198,2982,False,train
JM1,3199,2983,False,train
JM1,3200,2984,False,train
JM1,3201,2985,False,train
JM1,3202,2986,False,train
JM1,3203,2987,False,validation
JM1,3204,2988,False,train
JM1,3205,2989,False,test
JM1,3206,2240,False,train
JM1,3207,2990,False,train
JM1,3208,190,False,train
JM1,3209,2991,False,train
JM1,3210,151,False,validation
JM1,3211,2992,False,train
JM1,3212,835,False,train
JM1,3213,835,False,train
JM1,3214,151,False,validation
JM1,3215,151,False,validation
JM1,3216,2993,False,train
JM1,3217,2994,False,train
JM1,3218,2995,False,train
JM1,3219,2996,False,train
JM1,3220,2997,False,train
JM1,3221,2998,False,train
JM1,3222,2999,False,validation
JM1,3223,3000,False,train
JM1,3224,3001,False,train
JM1,3225,3002,False,train
JM1,3226,3003,False,test
JM1,3227,3004,False,test
JM1,3228,3005,False,train
JM1,3229,3006,False,test
JM1,3230,3007,False,test
JM1,3231,3008,False,train
JM1,3232,3009,False,test
JM1,3233,3010,False,test
JM1,3234,3011,False,train
JM1,3235,3012,False,validation
JM1,3236,3013,False,test
JM1,3237,3014,False,train
JM1,3238,3015,False,train
JM1,3239,3016,False,train
JM1,3240,3017,False,train
JM1,3241,3018,False,train
JM1,3242,3019,False,validation
JM1,3243,3020,False,test
JM1,3244,3021,False,test
JM1,3245,3022,False,train
JM1,3246,3023,False,validation
JM1,3247,3024,False,train
JM1,3248,3025,False,test
JM1,3249,3026,False,test
JM1,3250,3027,False,train
JM1,3251,3028,False,train
JM1,3252,3029,False,train
JM1,3253,3030,False,train
JM1,3254,3031,False,train
JM1,3255,3032,False,train
JM1,3256,3033,False,train
JM1,3257,1284,False,test
JM1,3258,2167,False,test
JM1,3259,2239,False,train
JM1,3260,1883,False,train
JM1,3261,3034,False,train
JM1,3262,3035,False,validation
JM1,3263,3036,False,train
JM1,3264,3037,False,train
JM1,3265,3038,False,train
JM1,3266,269,False,test
JM1,3267,3039,False,train
JM1,3268,3040,False,train
JM1,3269,3041,False,train
JM1,3270,3042,False,train
JM1,3271,3043,False,validation
JM1,3272,3044,False,train
JM1,3273,3045,False,train
JM1,3274,3046,False,train
JM1,3275,3047,False,train
JM1,3276,3048,False,train
JM1,3277,3049,False,validation
JM1,3278,3050,False,train
JM1,3279,2429,False,train
JM1,3280,3051,False,train
JM1,3281,3052,False,train
JM1,3282,3053,False,validation
JM1,3283,3054,False,train
JM1,3284,3055,False,train
JM1,3285,3056,False,train
JM1,3286,3057,False,train
JM1,3287,3058,False,train
JM1,3288,3059,False,validation
JM1,3289,3060,False,train
JM1,3290,3061,False,train
JM1,3291,3062,False,test
JM1,3292,3063,False,train
JM1,3293,3064,False,test
JM1,3294,3065,False,train
JM1,3295,2166,False,train
JM1,3296,3066,False,test
JM1,3297,2166,False,train
JM1,3298,3067,False,train
JM1,3299,3068,False,train
JM1,3300,3069,False,train
JM1,3301,3070,False,validation
JM1,3302,3071,False,train
JM1,3303,3072,False,train
JM1,3304,3072,False,train
JM1,3305,3073,False,validation
JM1,3306,930,False,test
JM1,3307,151,False,validation
JM1,3308,3074,False,validation
JM1,3309,2313,False,validation
JM1,3310,3068,False,train
JM1,3311,3075,False,train
JM1,3312,3076,False,train
JM1,3313,3077,False,validation
JM1,3314,3078,False,train
JM1,3315,3079,False,train
JM1,3316,3080,False,train
JM1,3317,3081,False,train
JM1,3318,3082,False,train
JM1,3319,3083,False,test
JM1,3320,3084,False,train
JM1,3321,3085,False,test
JM1,3322,3086,False,validation
JM1,3323,3087,False,train
JM1,3324,3086,False,validation
JM1,3325,3087,False,train
JM1,3326,3088,False,train
JM1,3327,3089,False,test
JM1,3328,3090,False,train
JM1,3329,3091,False,test
JM1,3330,362,False,train
JM1,3331,2240,False,train
JM1,3332,3092,False,test
JM1,3333,3093,False,train
JM1,3334,3094,False,test
JM1,3335,3095,False,train
JM1,3336,2240,False,train
JM1,3337,3096,False,train
JM1,3338,3097,False,train
JM1,3339,3098,False,test
JM1,3340,3099,False,test
JM1,3341,3100,False,test
JM1,3342,3101,False,train
JM1,3343,3102,False,train
JM1,3344,3103,False,train
JM1,3345,3104,False,test
JM1,3346,3105,False,train
JM1,3347,3106,False,train
JM1,3348,3107,False,validation
JM1,3349,3108,False,train
JM1,3350,3109,False,train
JM1,3351,3110,False,test
JM1,3352,3111,False,test
JM1,3353,3112,False,train
JM1,3354,3113,False,test
JM1,3355,3114,False,train
JM1,3356,3115,False,train
JM1,3357,3116,False,train
JM1,3358,3117,False,train
JM1,3359,3118,False,train
JM1,3360,3119,False,validation
JM1,3361,3120,False,train
JM1,3362,3121,False,train
JM1,3363,3122,False,train
JM1,3364,3123,False,train
JM1,3365,3124,False,train
JM1,3366,3125,False,train
JM1,3367,3126,False,validation
JM1,3368,3127,False,train
JM1,3369,3128,False,test
JM1,3370,3129,False,validation
JM1,3371,3130,False,train
JM1,3372,3131,False,train
JM1,3373,3132,False,validation
JM1,3374,3133,False,train
JM1,3375,2584,False,train
JM1,3376,3134,False,train
JM1,3377,3135,False,test
JM1,3378,3136,False,train
JM1,3379,3137,False,train
JM1,3380,3138,False,train
JM1,3381,3139,False,train
JM1,3382,3140,False,train
JM1,3383,3141,False,validation
JM1,3384,3142,False,train
JM1,3385,3143,False,train
JM1,3386,3144,False,train
JM1,3387,3114,False,train
JM1,3388,374,False,test
JM1,3389,3145,False,train
JM1,3390,3146,False,test
JM1,3391,3147,False,train
JM1,3392,3148,False,train
JM1,3393,3149,False,test
JM1,3394,3150,False,train
JM1,3395,3151,False,train
JM1,3396,3152,False,validation
JM1,3397,3153,False,train
JM1,3398,3154,False,train
JM1,3399,3155,False,train
JM1,3400,3156,False,train
JM1,3401,3157,False,train
JM1,3402,3158,False,test
JM1,3403,3159,False,train
JM1,3404,3160,False,validation
JM1,3405,3160,False,validation
JM1,3406,3161,False,test
JM1,3407,3162,False,test
JM1,3408,3163,False,train
JM1,3409,151,False,validation
JM1,3410,151,False,validation
JM1,3411,151,False,validation
JM1,3412,151,False,validation
JM1,3413,3164,False,validation
JM1,3414,3165,False,validation
JM1,3415,3166,False,train
JM1,3416,3167,False,validation
JM1,3417,3168,False,train
JM1,3418,3169,False,train
JM1,3419,3170,False,validation
JM1,3420,3171,False,validation
JM1,3421,3172,False,validation
JM1,3422,3173,False,train
JM1,3423,3174,False,train
JM1,3424,2103,False,train
JM1,3425,3175,False,train
JM1,3426,3176,False,train
JM1,3427,3177,False,train
JM1,3428,3178,False,train
JM1,3429,3179,False,train
JM1,3430,3180,False,train
JM1,3431,3181,False,validation
JM1,3432,3182,False,validation
JM1,3433,3183,False,validation
JM1,3434,3184,False,train
JM1,3435,3185,False,train
JM1,3436,3186,False,validation
JM1,3437,3187,False,test
JM1,3438,3188,False,train
JM1,3439,3189,False,train
JM1,3440,3190,False,validation
JM1,3441,3191,False,train
JM1,3442,3192,False,test
JM1,3443,3193,False,train
JM1,3444,3194,False,test
JM1,3445,3195,False,train
JM1,3446,3196,False,test
JM1,3447,3197,False,validation
JM1,3448,3198,False,test
JM1,3449,3199,False,train
JM1,3450,3200,False,test
JM1,3451,3201,False,train
JM1,3452,3202,False,train
JM1,3453,3203,False,train
JM1,3454,3204,False,validation
JM1,3455,3205,False,train
JM1,3456,3206,False,validation
JM1,3457,3207,False,train
JM1,3458,3208,False,train
JM1,3459,3208,False,train
JM1,3460,3209,False,train
JM1,3461,3210,False,train
JM1,3462,3211,False,test
JM1,3463,3212,False,train
JM1,3464,3213,False,train
JM1,3465,3214,False,train
JM1,3466,3215,False,train
JM1,3467,3216,False,train
JM1,3468,2103,False,train
JM1,3469,3217,False,train
JM1,3470,3218,False,validation
JM1,3471,3219,False,test
JM1,3472,3220,False,test
JM1,3473,3221,False,validation
JM1,3474,3222,False,train
JM1,3475,3223,False,train
JM1,3476,3224,False,train
JM1,3477,3225,False,train
JM1,3478,3226,False,test
JM1,3479,3227,False,train
JM1,3480,3228,False,train
JM1,3481,3229,False,train
JM1,3482,3230,False,validation
JM1,3483,3231,False,validation
JM1,3484,3232,False,validation
JM1,3485,3233,False,train
JM1,3486,3234,False,train
JM1,3487,3235,False,test
JM1,3488,3236,False,validation
JM1,3489,3237,False,train
JM1,3490,3238,False,train
JM1,3491,3239,False,train
JM1,3492,3240,False,test
JM1,3493,3241,False,train
JM1,3494,3242,False,train
JM1,3495,3243,False,train
JM1,3496,3244,False,test
JM1,3497,3245,False,train
JM1,3498,3246,False,train
JM1,3499,3247,False,train
JM1,3500,3248,False,train
JM1,3501,1143,False,train
JM1,3502,3249,False,train
JM1,3503,3250,False,test
JM1,3504,3251,False,train
JM1,3505,3252,False,test
JM1,3506,3253,False,validation
JM1,3507,3254,False,train
JM1,3508,3255,False,test
JM1,3509,3256,False,test
JM1,3510,3257,False,train
JM1,3511,3258,False,test
JM1,3512,3259,False,train
JM1,3513,3260,False,validation
JM1,3514,3261,False,train
JM1,3515,3262,False,test
JM1,3516,3263,False,train
JM1,3517,3264,False,validation
JM1,3518,2143,False,train
JM1,3519,3265,False,train
JM1,3520,3266,False,train
JM1,3521,3267,False,train
JM1,3522,3268,False,test
JM1,3523,3269,False,train
JM1,3524,3270,False,train
JM1,3525,3271,False,train
JM1,3526,3272,False,train
JM1,3527,3273,False,test
JM1,3528,3274,False,train
JM1,3529,3275,False,test
JM1,3530,3276,False,test
JM1,3531,3277,False,train
JM1,3532,3278,False,train
JM1,3533,3279,False,validation
JM1,3534,3280,False,train
JM1,3535,3281,False,validation
JM1,3536,3282,False,train
JM1,3537,3283,False,validation
JM1,3538,3284,False,train
JM1,3539,3285,False,train
JM1,3540,3286,False,test
JM1,3541,3287,False,train
JM1,3542,3288,False,train
JM1,3543,3289,False,train
JM1,3544,3290,False,train
JM1,3545,3291,False,validation
JM1,3546,3292,False,test
JM1,3547,1143,False,train
JM1,3548,3293,False,train
JM1,3549,3294,False,train
JM1,3550,3295,False,validation
JM1,3551,3296,False,train
JM1,3552,3297,False,test
JM1,3553,3298,False,train
JM1,3554,3299,False,train
JM1,3555,3300,False,train
JM1,3556,3301,False,train
JM1,3557,3302,False,test
JM1,3558,3303,False,train
JM1,3559,3304,False,train
JM1,3560,3283,False,validation
JM1,3561,3305,False,train
JM1,3562,3306,False,train
JM1,3563,3307,False,test
JM1,3564,3308,False,train
JM1,3565,3309,False,test
JM1,3566,3310,False,validation
JM1,3567,3311,False,train
JM1,3568,3312,False,train
JM1,3569,3313,False,test
JM1,3570,3314,False,train
JM1,3571,3315,False,train
JM1,3572,3316,False,train
JM1,3573,3317,False,train
JM1,3574,3318,False,train
JM1,3575,3273,False,test
JM1,3576,3319,False,train
JM1,3577,812,False,train
JM1,3578,3320,False,train
JM1,3579,3321,False,train
JM1,3580,3322,False,train
JM1,3581,3323,False,validation
JM1,3582,3324,False,validation
JM1,3583,3325,False,train
JM1,3584,3325,False,train
JM1,3585,3326,False,validation
JM1,3586,3327,False,train
JM1,3587,3328,False,test
JM1,3588,3329,False,train
JM1,3589,3330,False,train
JM1,3590,3331,False,train
JM1,3591,3332,False,test
JM1,3592,3333,False,train
JM1,3593,3334,False,train
JM1,3594,3335,False,validation
JM1,3595,3336,False,train
JM1,3596,374,False,test
JM1,3597,755,False,train
JM1,3598,755,False,train
JM1,3599,3337,False,train
JM1,3600,404,False,validation
JM1,3601,3338,False,train
JM1,3602,556,False,validation
JM1,3603,3339,False,validation
JM1,3604,332,False,train
JM1,3605,3340,False,test
JM1,3606,3341,False,train
JM1,3607,3342,False,train
JM1,3608,3343,False,validation
JM1,3609,3344,False,validation
JM1,3610,3345,False,train
JM1,3611,3346,False,train
JM1,3612,3347,False,train
JM1,3613,3348,False,train
JM1,3614,3349,False,train
JM1,3615,3350,False,train
JM1,3616,3351,False,train
JM1,3617,3352,False,train
JM1,3618,3353,False,test
JM1,3619,3354,False,train
JM1,3620,3355,False,train
JM1,3621,3356,False,train
JM1,3622,3357,False,train
JM1,3623,3358,False,validation
JM1,3624,3359,False,train
JM1,3625,3360,False,train
JM1,3626,3361,False,train
JM1,3627,3362,False,train
JM1,3628,3363,False,train
JM1,3629,3364,False,train
JM1,3630,3365,False,validation
JM1,3631,3366,False,train
JM1,3632,3367,False,train
JM1,3633,3368,False,train
JM1,3634,3369,False,train
JM1,3635,3370,False,validation
JM1,3636,3371,False,train
JM1,3637,3372,False,train
JM1,3638,3373,False,train
JM1,3639,3374,False,train
JM1,3640,3375,False,train
JM1,3641,888,False,validation
JM1,3642,3376,False,validation
JM1,3643,3351,False,train
JM1,3644,835,False,train
JM1,3645,404,False,validation
JM1,3646,3377,False,train
JM1,3647,3378,False,train
JM1,3648,3379,False,train
JM1,3649,3380,False,train
JM1,3650,3381,False,train
JM1,3651,755,False,train
JM1,3652,3382,False,validation
JM1,3653,3383,False,train
JM1,3654,3384,False,train
JM1,3655,3385,False,train
JM1,3656,3386,False,train
JM1,3657,3387,False,train
JM1,3658,3388,False,train
JM1,3659,3389,False,test
JM1,3660,3390,False,train
JM1,3661,3391,False,train
JM1,3662,3392,False,train
JM1,3663,3393,False,train
JM1,3664,3394,False,train
JM1,3665,3395,False,train
JM1,3666,3396,False,validation
JM1,3667,3397,False,validation
JM1,3668,3393,False,train
JM1,3669,3398,False,train
JM1,3670,3399,False,train
JM1,3671,835,False,train
JM1,3672,3400,False,validation
JM1,3673,3400,False,validation
JM1,3674,835,False,train
JM1,3675,835,False,train
JM1,3676,835,False,train
JM1,3677,1143,False,train
JM1,3678,1143,False,train
JM1,3679,3401,False,validation
JM1,3680,835,False,train
JM1,3681,835,False,train
JM1,3682,3402,False,train
JM1,3683,3403,False,train
JM1,3684,3404,False,test
JM1,3685,3405,False,train
JM1,3686,3406,False,train
JM1,3687,3407,False,train
JM1,3688,3408,False,train
JM1,3689,3409,False,train
JM1,3690,3410,False,validation
JM1,3691,3411,False,validation
JM1,3692,835,False,train
JM1,3693,3412,False,train
JM1,3694,3413,False,validation
JM1,3695,3414,False,test
JM1,3696,835,False,train
JM1,3697,835,False,train
JM1,3698,3415,False,validation
JM1,3699,3416,False,train
JM1,3700,269,False,test
JM1,3701,3417,False,train
JM1,3702,3418,False,train
JM1,3703,3419,False,train
JM1,3704,3420,False,train
JM1,3705,3421,False,validation
JM1,3706,3422,False,test
JM1,3707,3423,False,validation
JM1,3708,3424,False,train
JM1,3709,3425,False,test
JM1,3710,3376,False,validation
JM1,3711,3426,False,train
JM1,3712,3427,False,train
JM1,3713,3428,False,test
JM1,3714,3429,False,train
JM1,3715,3430,False,train
JM1,3716,2237,False,train
JM1,3717,2237,False,train
JM1,3718,3431,False,train
JM1,3719,3432,False,validation
JM1,3720,3433,False,train
JM1,3721,3434,False,train
JM1,3722,3435,False,train
JM1,3723,2938,False,train
JM1,3724,3436,False,train
JM1,3725,3437,False,test
JM1,3726,3436,False,train
JM1,3727,3436,False,train
JM1,3728,332,False,train
JM1,3729,3438,False,train
JM1,3730,3439,False,test
JM1,3731,3440,False,train
JM1,3732,3441,False,train
JM1,3733,93,False,test
JM1,3734,3442,False,validation
JM1,3735,3443,False,validation
JM1,3736,3444,False,test
JM1,3737,3436,False,train
JM1,3738,3436,False,train
JM1,3739,811,False,train
JM1,3740,811,False,train
JM1,3741,3445,False,train
JM1,3742,3446,False,train
JM1,3743,3447,False,train
JM1,3744,3448,False,train
JM1,3745,3449,False,train
JM1,3746,3450,False,train
JM1,3747,3451,False,train
JM1,3748,331,False,train
JM1,3749,3452,False,validation
JM1,3750,3453,False,train
JM1,3751,3454,False,train
JM1,3752,3455,False,train
JM1,3753,3456,False,validation
JM1,3754,3457,False,train
JM1,3755,3458,False,train
JM1,3756,3459,False,train
JM1,3757,2103,False,train
JM1,3758,3460,False,test
JM1,3759,3461,False,train
JM1,3760,3436,False,train
JM1,3761,3462,False,train
JM1,3762,3438,False,train
JM1,3763,3463,False,train
JM1,3764,3464,False,train
JM1,3765,676,False,train
JM1,3766,2446,False,test
JM1,3767,269,False,test
JM1,3768,2446,False,test
JM1,3769,2938,False,train
JM1,3770,3465,False,train
JM1,3771,3466,False,train
JM1,3772,3467,False,validation
JM1,3773,3468,False,train
JM1,3774,3469,False,train
JM1,3775,3470,False,train
JM1,3776,3471,False,test
JM1,3777,3452,False,validation
JM1,3778,3436,False,train
JM1,3779,2257,False,train
JM1,3780,332,False,train
JM1,3781,332,False,train
JM1,3782,319,False,train
JM1,3783,3432,False,validation
JM1,3784,3472,False,test
JM1,3785,3473,False,test
JM1,3786,3474,False,train
JM1,3787,3122,False,train
JM1,3788,3475,False,test
JM1,3789,2257,False,train
JM1,3790,3476,False,validation
JM1,3791,3477,False,validation
JM1,3792,2240,False,train
JM1,3793,3478,False,train
JM1,3794,3479,False,train
JM1,3795,3480,False,train
JM1,3796,3481,False,train
JM1,3797,3482,False,train
JM1,3798,3483,False,train
JM1,3799,3484,False,test
JM1,3800,3483,False,train
JM1,3801,3485,False,train
JM1,3802,3485,False,train
JM1,3803,3486,False,test
JM1,3804,1601,False,train
JM1,3805,835,False,train
JM1,3806,3487,False,validation
JM1,3807,3488,False,train
JM1,3808,3489,False,train
JM1,3809,3490,False,train
JM1,3810,3491,False,train
JM1,3811,3492,False,validation
JM1,3812,3493,False,validation
JM1,3813,3494,False,train
JM1,3814,2106,False,train
JM1,3815,3495,False,train
JM1,3816,2227,False,validation
JM1,3817,3496,False,train
JM1,3818,404,False,validation
JM1,3819,3497,False,train
JM1,3820,835,False,train
JM1,3821,3498,False,train
JM1,3822,3499,False,test
JM1,3823,3500,False,train
JM1,3824,2926,False,train
JM1,3825,3501,False,train
JM1,3826,3502,False,train
JM1,3827,3503,False,train
JM1,3828,3504,False,train
JM1,3829,3505,False,train
JM1,3830,3506,False,train
JM1,3831,3507,False,train
JM1,3832,3508,False,train
JM1,3833,3509,False,train
JM1,3834,3510,False,train
JM1,3835,835,False,train
JM1,3836,3511,False,train
JM1,3837,3512,False,test
JM1,3838,3513,False,validation
JM1,3839,835,False,train
JM1,3840,3514,False,test
JM1,3841,3515,False,test
JM1,3842,3516,False,validation
JM1,3843,3517,False,test
JM1,3844,3518,False,test
JM1,3845,3519,False,train
JM1,3846,3520,False,train
JM1,3847,3521,False,train
JM1,3848,3522,False,validation
JM1,3849,3523,False,train
JM1,3850,3524,False,train
JM1,3851,3525,False,test
JM1,3852,3526,False,validation
JM1,3853,3527,False,train
JM1,3854,3528,False,train
JM1,3855,3529,False,test
JM1,3856,3530,False,train
JM1,3857,3531,False,train
JM1,3858,3532,False,train
JM1,3859,3533,False,train
JM1,3860,3534,False,train
JM1,3861,3535,False,train
JM1,3862,3536,False,train
JM1,3863,3537,False,validation
JM1,3864,3538,False,train
JM1,3865,3539,False,train
JM1,3866,207,False,train
JM1,3867,3540,False,validation
JM1,3868,3541,False,test
JM1,3869,3542,False,train
JM1,3870,3543,False,train
JM1,3871,3544,False,train
JM1,3872,3545,False,validation
JM1,3873,3546,False,train
JM1,3874,3340,False,test
JM1,3875,3547,False,test
JM1,3876,3548,False,test
JM1,3877,3549,False,test
JM1,3878,3550,False,train
JM1,3879,3551,False,validation
JM1,3880,3552,False,train
JM1,3881,3553,False,train
JM1,3882,3554,False,train
JM1,3883,3555,False,train
JM1,3884,3556,False,train
JM1,3885,3557,False,train
JM1,3886,3558,False,train
JM1,3887,3559,False,train
JM1,3888,3560,False,train
JM1,3889,3561,False,train
JM1,3890,3562,False,train
JM1,3891,3563,False,test
JM1,3892,3564,False,train
JM1,3893,3565,False,train
JM1,3894,3566,False,train
JM1,3895,3567,False,train
JM1,3896,3568,False,validation
JM1,3897,3569,False,test
JM1,3898,3570,False,validation
JM1,3899,3571,False,train
JM1,3900,3571,False,train
JM1,3901,3570,False,validation
JM1,3902,3572,False,train
JM1,3903,3573,False,train
JM1,3904,3574,False,train
JM1,3905,3568,False,validation
JM1,3906,3575,False,test
JM1,3907,3576,False,train
JM1,3908,3577,False,test
JM1,3909,3578,False,train
JM1,3910,3579,False,test
JM1,3911,3580,False,test
JM1,3912,3581,False,train
JM1,3913,3582,False,validation
JM1,3914,3583,False,test
JM1,3915,3584,False,train
JM1,3916,3273,False,test
JM1,3917,3585,False,train
JM1,3918,3586,False,train
JM1,3919,680,False,train
JM1,3920,888,False,validation
JM1,3921,3587,False,train
JM1,3922,3588,False,train
JM1,3923,3589,False,test
JM1,3924,3590,False,test
JM1,3925,3591,False,train
JM1,3926,3591,False,train
JM1,3927,3592,False,test
JM1,3928,3593,False,train
JM1,3929,3594,False,train
JM1,3930,3595,False,train
JM1,3931,3596,False,train
JM1,3932,3597,False,train
JM1,3933,3598,False,train
JM1,3934,3594,False,train
JM1,3935,3590,False,test
JM1,3936,3599,False,train
JM1,3937,3600,False,validation
JM1,3938,332,False,train
JM1,3939,3601,False,train
JM1,3940,3602,False,train
JM1,3941,3603,False,train
JM1,3942,3604,False,train
JM1,3943,3605,False,train
JM1,3944,3606,False,train
JM1,3945,3602,False,train
JM1,3946,3607,False,test
JM1,3947,3602,False,train
JM1,3948,3608,False,test
JM1,3949,3609,False,train
JM1,3950,3610,False,validation
JM1,3951,2240,False,train
JM1,3952,3611,False,validation
JM1,3953,2103,False,train
JM1,3954,3460,False,test
JM1,3955,3612,False,test
JM1,3956,3613,False,validation
JM1,3957,3614,False,train
JM1,3958,2332,False,test
JM1,3959,3615,False,train
JM1,3960,3616,False,train
JM1,3961,3617,False,test
JM1,3962,3618,False,train
JM1,3963,3619,False,train
JM1,3964,3620,False,train
JM1,3965,3621,False,train
JM1,3966,3622,False,test
JM1,3967,3623,False,test
JM1,3968,3624,False,test
JM1,3969,3625,False,validation
JM1,3970,3626,False,test
JM1,3971,3627,False,train
JM1,3972,3628,False,validation
JM1,3973,3629,False,test
JM1,3974,3630,False,test
JM1,3975,3631,False,test
JM1,3976,2723,False,train
JM1,3977,2723,False,train
JM1,3978,3632,False,train
JM1,3979,3633,False,train
JM1,3980,3634,False,train
JM1,3981,3635,False,train
JM1,3982,3636,False,train
JM1,3983,3637,False,test
JM1,3984,3638,False,validation
JM1,3985,3639,False,train
JM1,3986,3640,False,test
JM1,3987,3641,False,train
JM1,3988,3642,False,train
JM1,3989,1143,False,train
JM1,3990,1143,False,train
JM1,3991,3642,False,train
JM1,3992,3642,False,train
JM1,3993,3643,False,train
JM1,3994,151,False,validation
JM1,3995,151,False,validation
JM1,3996,151,False,validation
JM1,3997,3644,False,train
JM1,3998,3645,False,validation
JM1,3999,3646,False,train
JM1,4000,3647,False,train
JM1,4001,3648,False,train
JM1,4002,362,False,train
JM1,4003,2595,False,train
JM1,4004,3649,False,train
JM1,4005,835,False,train
JM1,4006,3650,False,train
JM1,4007,3651,False,test
JM1,4008,3652,False,train
JM1,4009,3653,False,train
JM1,4010,3654,False,train
JM1,4011,3655,False,validation
JM1,4012,3656,False,train
JM1,4013,826,False,test
JM1,4014,3657,False,validation
JM1,4015,3658,False,train
JM1,4016,3659,False,test
JM1,4017,3660,False,train
JM1,4018,3661,False,train
JM1,4019,3662,False,validation
JM1,4020,3663,False,test
JM1,4021,3664,False,train
JM1,4022,3665,False,validation
JM1,4023,3666,False,test
JM1,4024,151,False,validation
JM1,4025,362,False,train
JM1,4026,362,False,train
JM1,4027,3667,False,train
JM1,4028,3668,False,test
JM1,4029,3669,False,train
JM1,4030,151,False,validation
JM1,4031,3670,False,train
JM1,4032,3671,False,train
JM1,4033,3672,False,train
JM1,4034,3654,False,train
JM1,4035,3673,False,train
JM1,4036,3674,False,train
JM1,4037,3675,False,train
JM1,4038,3676,False,train
JM1,4039,3677,False,test
JM1,4040,3678,False,test
JM1,4041,3679,False,validation
JM1,4042,3680,False,train
JM1,4043,3681,False,train
JM1,4044,3682,False,train
JM1,4045,3654,False,train
JM1,4046,3683,False,train
JM1,4047,3684,False,train
JM1,4048,3649,False,train
JM1,4049,3685,False,train
JM1,4050,3686,False,train
JM1,4051,3687,False,train
JM1,4052,3688,False,train
JM1,4053,1002,False,train
JM1,4054,3689,False,validation
JM1,4055,3690,False,validation
JM1,4056,3691,False,train
JM1,4057,93,False,test
JM1,4058,3692,False,train
JM1,4059,3693,False,train
JM1,4060,2545,False,train
JM1,4061,3694,False,train
JM1,4062,3695,False,train
JM1,4063,3696,False,train
JM1,4064,3697,False,test
JM1,4065,3698,False,train
JM1,4066,3699,False,validation
JM1,4067,3700,False,train
JM1,4068,3701,False,test
JM1,4069,3702,False,validation
JM1,4070,3703,False,test
JM1,4071,3704,False,train
JM1,4072,3705,False,test
JM1,4073,3706,False,train
JM1,4074,3707,False,train
JM1,4075,3707,False,train
JM1,4076,3700,False,train
JM1,4077,3708,False,train
JM1,4078,3709,False,train
JM1,4079,3710,False,train
JM1,4080,3700,False,train
JM1,4081,3711,False,train
JM1,4082,3712,False,train
JM1,4083,3713,False,train
JM1,4084,3714,False,train
JM1,4085,3715,False,train
JM1,4086,3716,False,train
JM1,4087,3717,False,train
JM1,4088,3718,False,train
JM1,4089,1143,False,train
JM1,4090,3719,False,train
JM1,4091,835,False,train
JM1,4092,835,False,train
JM1,4093,3720,False,train
JM1,4094,835,False,train
JM1,4095,835,False,train
JM1,4096,3721,False,train
JM1,4097,3722,False,validation
JM1,4098,3723,False,train
JM1,4099,3723,False,train
JM1,4100,3723,False,train
JM1,4101,3724,False,train
JM1,4102,3725,False,validation
JM1,4103,3726,False,train
JM1,4104,3727,False,validation
JM1,4105,3728,False,train
JM1,4106,3729,False,validation
JM1,4107,3730,False,train
JM1,4108,3731,False,train
JM1,4109,3732,False,train
JM1,4110,3733,False,train
JM1,4111,3734,False,train
JM1,4112,3735,False,train
JM1,4113,3736,False,test
JM1,4114,3734,False,train
JM1,4115,3735,False,train
JM1,4116,3737,False,train
JM1,4117,3738,False,test
JM1,4118,3735,False,train
JM1,4119,3734,False,train
JM1,4120,3739,False,train
JM1,4121,3740,False,train
JM1,4122,3741,False,train
JM1,4123,3742,False,train
JM1,4124,3743,False,validation
JM1,4125,3744,False,validation
JM1,4126,3745,False,train
JM1,4127,3746,False,test
JM1,4128,3747,False,train
JM1,4129,3748,False,validation
JM1,4130,3749,False,validation
JM1,4131,3750,False,test
JM1,4132,3751,False,train
JM1,4133,3752,False,train
JM1,4134,3753,False,validation
JM1,4135,3754,False,test
JM1,4136,3755,False,train
JM1,4137,3756,False,train
JM1,4138,3757,False,train
JM1,4139,3758,False,validation
JM1,4140,3759,False,train
JM1,4141,3760,False,test
JM1,4142,3761,False,train
JM1,4143,3762,False,train
JM1,4144,3763,False,test
JM1,4145,3764,False,train
JM1,4146,3765,False,train
JM1,4147,3766,False,train
JM1,4148,3767,False,test
JM1,4149,3768,False,test
JM1,4150,3769,False,train
JM1,4151,3770,False,train
JM1,4152,3771,False,test
JM1,4153,3772,False,test
JM1,4154,3773,False,train
JM1,4155,3774,False,train
JM1,4156,3775,False,validation
JM1,4157,3776,False,train
JM1,4158,3777,False,train
JM1,4159,3778,False,test
JM1,4160,3779,False,train
JM1,4161,3780,False,train
JM1,4162,3781,False,train
JM1,4163,3782,False,test
JM1,4164,3783,False,train
JM1,4165,3784,False,train
JM1,4166,3785,False,test
JM1,4167,3786,False,train
JM1,4168,3787,False,test
JM1,4169,3788,False,validation
JM1,4170,3789,False,train
JM1,4171,3790,False,validation
JM1,4172,3791,False,train
JM1,4173,3792,False,test
JM1,4174,3793,False,train
JM1,4175,3790,False,validation
JM1,4176,3794,False,train
JM1,4177,3795,False,train
JM1,4178,3793,False,train
JM1,4179,3796,False,test
JM1,4180,3797,False,test
JM1,4181,3798,False,test
JM1,4182,3799,False,train
JM1,4183,3800,False,test
JM1,4184,3801,False,test
JM1,4185,3802,False,validation
JM1,4186,3803,False,train
JM1,4187,3804,False,train
JM1,4188,3805,False,train
JM1,4189,3806,False,train
JM1,4190,3807,False,test
JM1,4191,3808,False,train
JM1,4192,3809,False,test
JM1,4193,3810,False,train
JM1,4194,3811,False,train
JM1,4195,3812,False,train
JM1,4196,3813,False,train
JM1,4197,3814,False,train
JM1,4198,3815,False,train
JM1,4199,3816,False,train
JM1,4200,3817,False,train
JM1,4201,3818,False,train
JM1,4202,3819,False,train
JM1,4203,3820,False,validation
JM1,4204,3821,False,train
JM1,4205,3822,False,train
JM1,4206,3823,False,train
JM1,4207,3824,False,train
JM1,4208,3825,False,train
JM1,4209,3826,False,train
JM1,4210,3827,False,train
JM1,4211,3828,False,validation
JM1,4212,3829,False,train
JM1,4213,3830,False,train
JM1,4214,3831,False,test
JM1,4215,3832,False,train
JM1,4216,3833,False,train
JM1,4217,3834,False,train
JM1,4218,3835,False,train
JM1,4219,3836,False,train
JM1,4220,3837,False,train
JM1,4221,3838,False,train
JM1,4222,3839,False,test
JM1,4223,3840,False,train
JM1,4224,3841,False,train
JM1,4225,3842,False,train
JM1,4226,714,False,validation
JM1,4227,3843,False,test
JM1,4228,3844,False,train
JM1,4229,3845,False,test
JM1,4230,768,False,train
JM1,4231,3846,False,train
JM1,4232,3847,False,train
JM1,4233,1701,False,train
JM1,4234,3848,False,validation
JM1,4235,556,False,validation
JM1,4236,71,False,test
JM1,4237,391,False,train
JM1,4238,3849,False,train
JM1,4239,391,False,train
JM1,4240,3850,False,test
JM1,4241,3851,False,validation
JM1,4242,3852,False,test
JM1,4243,556,False,validation
JM1,4244,3853,False,train
JM1,4245,3854,False,train
JM1,4246,3855,False,train
JM1,4247,2240,False,train
JM1,4248,3473,False,test
JM1,4249,3856,False,train
JM1,4250,3857,False,train
JM1,4251,3858,False,train
JM1,4252,3859,False,train
JM1,4253,1255,False,train
JM1,4254,3860,False,train
JM1,4255,2925,False,validation
JM1,4256,3861,False,test
JM1,4257,3862,False,train
JM1,4258,3863,False,train
JM1,4259,3864,False,test
JM1,4260,3865,False,train
JM1,4261,835,False,train
JM1,4262,3682,False,train
JM1,4263,1143,False,train
JM1,4264,3866,False,validation
JM1,4265,151,False,validation
JM1,4266,151,False,validation
JM1,4267,3867,False,train
JM1,4268,3868,False,train
JM1,4269,3869,False,train
JM1,4270,3870,False,train
JM1,4271,3871,False,train
JM1,4272,2877,False,train
JM1,4273,3872,False,train
JM1,4274,3873,False,validation
JM1,4275,3874,False,test
JM1,4276,3875,False,test
JM1,4277,3876,False,train
JM1,4278,3877,False,train
JM1,4279,3878,False,train
JM1,4280,3641,False,train
JM1,4281,3879,False,train
JM1,4282,3880,False,train
JM1,4283,3881,False,validation
JM1,4284,3882,False,train
JM1,4285,2232,False,train
JM1,4286,3883,False,train
JM1,4287,3884,False,validation
JM1,4288,3885,False,validation
JM1,4289,3098,False,test
JM1,4290,3886,False,validation
JM1,4291,3887,False,validation
JM1,4292,3888,False,test
JM1,4293,3889,False,validation
JM1,4294,3890,False,train
JM1,4295,3891,False,train
JM1,4296,3892,False,train
JM1,4297,3893,False,train
JM1,4298,3894,False,validation
JM1,4299,3895,False,train
JM1,4300,3896,False,train
JM1,4301,3897,False,validation
JM1,4302,3898,False,train
JM1,4303,3899,False,test
JM1,4304,3900,False,train
JM1,4305,3901,False,train
JM1,4306,835,False,train
JM1,4307,3902,False,test
JM1,4308,3903,False,test
JM1,4309,3904,False,train
JM1,4310,3905,False,train
JM1,4311,3427,False,train
JM1,4312,3906,False,train
JM1,4313,3907,False,validation
JM1,4314,3908,False,train
JM1,4315,3909,False,train
JM1,4316,3910,False,train
JM1,4317,3911,False,train
JM1,4318,3912,False,test
JM1,4319,3913,False,test
JM1,4320,3913,False,test
JM1,4321,362,False,train
JM1,4322,3914,False,test
JM1,4323,93,False,test
JM1,4324,2240,False,train
JM1,4325,3915,False,train
JM1,4326,93,False,test
JM1,4327,3916,False,train
JM1,4328,3917,False,train
JM1,4329,3918,False,train
JM1,4330,362,False,train
JM1,4331,3919,False,test
JM1,4332,3920,False,test
JM1,4333,3921,False,train
JM1,4334,3579,False,test
JM1,4335,3922,False,validation
JM1,4336,3923,False,train
JM1,4337,835,False,train
JM1,4338,3924,False,train
JM1,4339,3925,False,test
JM1,4340,3924,False,train
JM1,4341,3926,False,test
JM1,4342,3925,False,test
JM1,4343,3924,False,train
JM1,4344,3925,False,test
JM1,4345,3925,False,test
JM1,4346,3023,False,validation
JM1,4347,3927,False,train
JM1,4348,3928,False,test
JM1,4349,3929,False,validation
JM1,4350,3496,False,train
JM1,4351,3930,False,test
JM1,4352,3931,False,train
JM1,4353,3932,False,train
JM1,4354,3933,False,train
JM1,4355,3934,False,test
JM1,4356,3935,False,validation
JM1,4357,3936,False,validation
JM1,4358,3937,False,train
JM1,4359,3938,False,test
JM1,4360,3938,False,test
JM1,4361,3939,False,train
JM1,4362,3940,False,test
JM1,4363,3941,False,test
JM1,4364,3942,False,test
JM1,4365,3943,False,train
JM1,4366,3944,False,test
JM1,4367,3945,False,train
JM1,4368,3946,False,validation
JM1,4369,916,False,train
JM1,4370,2429,False,train
JM1,4371,3945,False,train
JM1,4372,3947,False,train
JM1,4373,3948,False,train
JM1,4374,3949,False,train
JM1,4375,3950,False,train
JM1,4376,3951,False,train
JM1,4377,3950,False,train
JM1,4378,2429,False,train
JM1,4379,3952,False,train
JM1,4380,3953,False,train
JM1,4381,374,False,test
JM1,4382,2429,False,train
JM1,4383,3954,False,validation
JM1,4384,3955,False,train
JM1,4385,2429,False,train
JM1,4386,3956,False,validation
JM1,4387,3957,False,validation
JM1,4388,3958,False,train
JM1,4389,2429,False,train
JM1,4390,3959,False,validation
JM1,4391,2350,False,train
JM1,4392,3960,False,train
JM1,4393,3961,False,test
JM1,4394,3962,False,train
JM1,4395,3963,False,train
JM1,4396,3964,False,validation
JM1,4397,3965,False,train
JM1,4398,3966,False,train
JM1,4399,3947,False,train
JM1,4400,3967,False,train
JM1,4401,2429,False,train
JM1,4402,374,False,test
JM1,4403,2429,False,train
JM1,4404,3968,False,train
JM1,4405,3969,False,validation
JM1,4406,3970,False,test
JM1,4407,3971,False,test
JM1,4408,3972,False,train
JM1,4409,3973,False,train
JM1,4410,3974,False,train
JM1,4411,3975,False,train
JM1,4412,2429,False,train
JM1,4413,2429,False,train
JM1,4414,3976,False,train
JM1,4415,3977,False,train
JM1,4416,3978,False,validation
JM1,4417,3979,False,test
JM1,4418,3980,False,train
JM1,4419,172,False,train
JM1,4420,172,False,train
JM1,4421,3981,False,validation
JM1,4422,3982,False,test
JM1,4423,3981,False,validation
JM1,4424,3983,False,test
JM1,4425,3984,False,train
JM1,4426,3985,False,test
JM1,4427,3986,False,train
JM1,4428,3987,False,validation
JM1,4429,1259,False,test
JM1,4430,3988,False,train
JM1,4431,3989,False,validation
JM1,4432,3990,False,validation
JM1,4433,3991,False,test
JM1,4434,2240,False,train
JM1,4435,3992,False,test
JM1,4436,3993,False,test
JM1,4437,3994,False,train
JM1,4438,3995,False,train
JM1,4439,3996,False,validation
JM1,4440,3997,False,validation
JM1,4441,3998,False,train
JM1,4442,3999,False,test
JM1,4443,4000,False,test
JM1,4444,3959,False,validation
JM1,4445,4001,False,train
JM1,4446,4002,False,train
JM1,4447,4003,False,train
JM1,4448,4004,False,test
JM1,4449,4005,False,test
JM1,4450,4006,False,test
JM1,4451,3843,False,test
JM1,4452,4007,False,train
JM1,4453,4008,False,train
JM1,4454,4009,False,test
JM1,4455,4010,False,train
JM1,4456,4011,False,train
JM1,4457,4012,False,train
JM1,4458,4013,False,train
JM1,4459,4014,False,test
JM1,4460,4015,False,train
JM1,4461,4016,False,train
JM1,4462,4017,False,train
JM1,4463,4018,False,train
JM1,4464,4019,False,test
JM1,4465,4020,False,train
JM1,4466,4021,False,validation
JM1,4467,4022,False,train
JM1,4468,4023,False,test
JM1,4469,4024,False,train
JM1,4470,4025,False,test
JM1,4471,4026,False,test
JM1,4472,4027,False,train
JM1,4473,4028,False,validation
JM1,4474,4029,False,train
JM1,4475,4030,False,train
JM1,4476,4031,False,train
JM1,4477,4032,False,validation
JM1,4478,4033,False,train
JM1,4479,4034,False,train
JM1,4480,332,False,train
JM1,4481,4035,False,train
JM1,4482,4036,False,train
JM1,4483,4037,False,validation
JM1,4484,835,False,train
JM1,4485,835,False,train
JM1,4486,835,False,train
JM1,4487,4038,False,train
JM1,4488,4039,False,train
JM1,4489,4040,False,train
JM1,4490,151,False,validation
JM1,4491,3496,False,train
JM1,4492,4041,False,validation
JM1,4493,151,False,validation
JM1,4494,151,False,validation
JM1,4495,4042,False,train
JM1,4496,4043,False,train
JM1,4497,835,False,train
JM1,4498,835,False,train
JM1,4499,4044,False,validation
JM1,4500,151,False,validation
JM1,4501,4045,False,train
JM1,4502,2925,False,validation
JM1,4503,4046,False,train
JM1,4504,151,False,validation
JM1,4505,4047,False,train
JM1,4506,4048,False,train
JM1,4507,4049,False,test
JM1,4508,4050,False,train
JM1,4509,4051,False,train
JM1,4510,4052,False,train
JM1,4511,835,False,train
JM1,4512,4053,False,train
JM1,4513,4054,False,train
JM1,4514,4054,False,train
JM1,4515,4055,False,train
JM1,4516,4056,False,train
JM1,4517,4057,False,train
JM1,4518,4058,False,validation
JM1,4519,4059,False,train
JM1,4520,4060,False,test
JM1,4521,4061,False,validation
JM1,4522,4062,False,train
JM1,4523,4063,False,train
JM1,4524,4064,False,train
JM1,4525,714,False,validation
JM1,4526,4065,False,train
JM1,4527,4066,False,test
JM1,4528,4067,False,train
JM1,4529,4068,False,train
JM1,4530,4069,False,test
JM1,4531,4070,False,train
JM1,4532,4071,False,validation
JM1,4533,4072,False,test
JM1,4534,4073,False,train
JM1,4535,4074,False,validation
JM1,4536,4075,False,train
JM1,4537,4076,False,train
JM1,4538,4077,False,train
JM1,4539,4078,False,validation
JM1,4540,4079,False,train
JM1,4541,4080,False,test
JM1,4542,4081,False,train
JM1,4543,4082,False,train
JM1,4544,4083,False,train
JM1,4545,4084,False,train
JM1,4546,4085,False,test
JM1,4547,4086,False,train
JM1,4548,4087,False,test
JM1,4549,4088,False,train
JM1,4550,4089,False,train
JM1,4551,4090,False,train
JM1,4552,4091,False,train
JM1,4553,4092,False,validation
JM1,4554,4093,False,train
JM1,4555,4081,False,train
JM1,4556,4094,False,test
JM1,4557,4095,False,test
JM1,4558,4096,False,test
JM1,4559,4097,False,train
JM1,4560,4098,False,train
JM1,4561,4099,False,train
JM1,4562,4100,False,test
JM1,4563,4101,False,train
JM1,4564,4102,False,test
JM1,4565,4103,False,train
JM1,4566,4104,False,test
JM1,4567,4105,False,test
JM1,4568,4106,False,validation
JM1,4569,4107,False,train
JM1,4570,4108,False,train
JM1,4571,4109,False,test
JM1,4572,4110,False,train
JM1,4573,4111,False,train
JM1,4574,4112,False,train
JM1,4575,4113,False,validation
JM1,4576,4114,False,train
JM1,4577,4115,False,train
JM1,4578,4097,False,train
JM1,4579,4116,False,train
JM1,4580,4117,False,train
JM1,4581,4118,False,validation
JM1,4582,4119,False,train
JM1,4583,4081,False,train
JM1,4584,4120,False,validation
JM1,4585,4121,False,train
JM1,4586,4122,False,train
JM1,4587,4123,False,train
JM1,4588,4086,False,train
JM1,4589,4124,False,test
JM1,4590,4125,False,train
JM1,4591,4126,False,validation
JM1,4592,4091,False,train
JM1,4593,4127,False,train
JM1,4594,4128,False,train
JM1,4595,4129,False,train
JM1,4596,4130,False,train
JM1,4597,4131,False,validation
JM1,4598,4132,False,test
JM1,4599,4133,False,validation
JM1,4600,4134,False,test
JM1,4601,4135,False,validation
JM1,4602,4136,False,test
JM1,4603,4137,False,test
JM1,4604,4138,False,train
JM1,4605,4139,False,train
JM1,4606,4140,False,train
JM1,4607,4141,False,train
JM1,4608,4142,False,test
JM1,4609,4143,False,train
JM1,4610,4144,False,test
JM1,4611,4145,False,train
JM1,4612,4146,False,train
JM1,4613,4147,False,test
JM1,4614,4148,False,test
JM1,4615,4149,False,test
JM1,4616,4150,False,train
JM1,4617,4151,False,validation
JM1,4618,4152,False,train
JM1,4619,4153,False,train
JM1,4620,4154,False,train
JM1,4621,4155,False,validation
JM1,4622,4156,False,train
JM1,4623,4157,False,train
JM1,4624,4158,False,test
JM1,4625,4159,False,train
JM1,4626,4160,False,train
JM1,4627,4161,False,train
JM1,4628,4162,False,train
JM1,4629,4163,False,test
JM1,4630,4164,False,validation
JM1,4631,4165,False,train
JM1,4632,4166,False,train
JM1,4633,4167,False,train
JM1,4634,269,False,test
JM1,4635,3937,False,train
JM1,4636,4168,False,train
JM1,4637,4169,False,validation
JM1,4638,4170,False,train
JM1,4639,4171,False,train
JM1,4640,4172,False,train
JM1,4641,4173,False,train
JM1,4642,4174,False,validation
JM1,4643,4175,False,train
JM1,4644,4176,False,train
JM1,4645,4177,False,train
JM1,4646,2239,False,train
JM1,4647,4178,False,train
JM1,4648,4179,False,train
JM1,4649,4180,False,train
JM1,4650,4181,False,test
JM1,4651,4182,False,train
JM1,4652,3049,False,validation
JM1,4653,269,False,test
JM1,4654,4183,False,validation
JM1,4655,4184,False,validation
JM1,4656,4185,False,train
JM1,4657,2744,False,validation
JM1,4658,2744,False,validation
JM1,4659,4186,False,train
JM1,4660,4187,False,test
JM1,4661,4188,False,train
JM1,4662,4181,False,test
JM1,4663,4189,False,train
JM1,4664,4190,False,train
JM1,4665,4191,False,train
JM1,4666,4192,False,train
JM1,4667,4193,False,train
JM1,4668,4194,False,train
JM1,4669,4195,False,train
JM1,4670,4196,False,train
JM1,4671,4197,False,train
JM1,4672,4198,False,train
JM1,4673,4199,False,test
JM1,4674,4200,False,train
JM1,4675,4200,False,train
JM1,4676,4201,False,train
JM1,4677,4184,False,validation
JM1,4678,4184,False,validation
JM1,4679,4184,False,validation
JM1,4680,4184,False,validation
JM1,4681,4202,False,train
JM1,4682,4203,False,train
JM1,4683,4181,False,test
JM1,4684,4204,False,train
JM1,4685,4205,False,test
JM1,4686,4206,False,test
JM1,4687,4207,False,train
JM1,4688,4208,False,train
JM1,4689,4209,False,test
JM1,4690,4210,False,validation
JM1,4691,4211,False,train
JM1,4692,4212,False,train
JM1,4693,4213,False,train
JM1,4694,4214,False,train
JM1,4695,4215,False,validation
JM1,4696,4216,False,validation
JM1,4697,4217,False,train
JM1,4698,680,False,train
JM1,4699,4218,False,train
JM1,4700,4219,False,train
JM1,4701,4220,False,train
JM1,4702,4221,False,train
JM1,4703,4222,False,test
JM1,4704,4181,False,test
JM1,4705,4181,False,test
JM1,4706,4223,False,train
JM1,4707,4224,False,train
JM1,4708,4225,False,validation
JM1,4709,4226,False,train
JM1,4710,4227,False,train
JM1,4711,4228,False,train
JM1,4712,4229,False,train
JM1,4713,4230,False,test
JM1,4714,4231,False,train
JM1,4715,4232,False,validation
JM1,4716,4233,False,train
JM1,4717,4234,False,train
JM1,4718,4235,False,train
JM1,4719,4236,False,train
JM1,4720,4237,False,train
JM1,4721,4238,False,test
JM1,4722,4239,False,train
JM1,4723,4240,False,test
JM1,4724,4241,False,train
JM1,4725,2169,False,test
JM1,4726,4242,False,validation
JM1,4727,4243,False,train
JM1,4728,4244,False,test
JM1,4729,4245,False,validation
JM1,4730,4246,False,train
JM1,4731,4247,False,train
JM1,4732,4248,False,train
JM1,4733,4249,False,train
JM1,4734,4250,False,train
JM1,4735,4251,False,validation
JM1,4736,4189,False,train
JM1,4737,4252,False,validation
JM1,4738,4253,False,validation
JM1,4739,4254,False,train
JM1,4740,463,False,train
JM1,4741,4255,False,train
JM1,4742,4256,False,train
JM1,4743,4257,False,validation
JM1,4744,4258,False,train
JM1,4745,4181,False,test
JM1,4746,4259,False,validation
JM1,4747,4259,False,validation
JM1,4748,2239,False,train
JM1,4749,4179,False,train
JM1,4750,2239,False,train
JM1,4751,4179,False,train
JM1,4752,4260,False,train
JM1,4753,4261,False,train
JM1,4754,4262,False,train
JM1,4755,4262,False,train
JM1,4756,4263,False,train
JM1,4757,4264,False,validation
JM1,4758,4265,False,train
JM1,4759,4266,False,train
JM1,4760,4267,False,train
JM1,4761,4268,False,test
JM1,4762,4269,False,validation
JM1,4763,4270,False,test
JM1,4764,4271,False,test
JM1,4765,680,False,train
JM1,4766,4272,False,train
JM1,4767,4273,False,train
JM1,4768,4184,False,validation
JM1,4769,2446,False,test
JM1,4770,4274,False,train
JM1,4771,4275,False,train
JM1,4772,4276,False,test
JM1,4773,4277,False,train
JM1,4774,4278,False,train
JM1,4775,4279,False,train
JM1,4776,4280,False,test
JM1,4777,4281,False,train
JM1,4778,4282,False,train
JM1,4779,4283,False,train
JM1,4780,4284,False,validation
JM1,4781,4285,False,validation
JM1,4782,4184,False,validation
JM1,4783,4286,False,train
JM1,4784,4287,False,test
JM1,4785,4288,False,train
JM1,4786,4289,False,validation
JM1,4787,4290,False,train
JM1,4788,4291,False,validation
JM1,4789,4292,False,train
JM1,4790,4293,False,test
JM1,4791,4294,False,train
JM1,4792,4295,False,train
JM1,4793,4296,False,validation
JM1,4794,4297,False,train
JM1,4795,4298,False,train
JM1,4796,4299,False,train
JM1,4797,4300,False,train
JM1,4798,4301,False,train
JM1,4799,4302,False,train
JM1,4800,4303,False,train
JM1,4801,4304,False,train
JM1,4802,4305,False,train
JM1,4803,4306,False,test
JM1,4804,4307,False,test
JM1,4805,4308,False,train
JM1,4806,4309,False,train
JM1,4807,4310,False,validation
JM1,4808,4311,False,train
JM1,4809,1469,False,train
JM1,4810,4312,False,test
JM1,4811,4313,False,train
JM1,4812,4314,False,train
JM1,4813,4314,False,train
JM1,4814,4314,False,train
JM1,4815,4315,False,test
JM1,4816,4316,False,train
JM1,4817,4317,False,train
JM1,4818,4317,False,train
JM1,4819,4318,False,validation
JM1,4820,4319,False,train
JM1,4821,4320,False,test
JM1,4822,3087,False,train
JM1,4823,4321,False,train
JM1,4824,3087,False,train
JM1,4825,4322,False,validation
JM1,4826,430,False,train
JM1,4827,430,False,train
JM1,4828,4323,False,train
JM1,4829,4324,False,train
JM1,4830,4325,False,train
JM1,4831,4326,False,train
JM1,4832,4327,False,train
JM1,4833,4328,False,train
JM1,4834,4329,False,test
JM1,4835,4330,False,test
JM1,4836,4331,False,train
JM1,4837,4332,False,train
JM1,4838,835,False,train
JM1,4839,4333,False,train
JM1,4840,4334,False,train
JM1,4841,4335,False,test
JM1,4842,4336,False,validation
JM1,4843,4337,False,test
JM1,4844,4338,False,train
JM1,4845,4339,False,train
JM1,4846,4340,False,train
JM1,4847,4341,False,test
JM1,4848,332,False,train
JM1,4849,4342,False,train
JM1,4850,4343,False,train
JM1,4851,4344,False,train
JM1,4852,190,False,train
JM1,4853,4345,False,train
JM1,4854,4346,False,validation
JM1,4855,4347,False,train
JM1,4856,4348,False,train
JM1,4857,4349,False,train
JM1,4858,4350,False,train
JM1,4859,4351,False,train
JM1,4860,4352,False,train
JM1,4861,4353,False,train
JM1,4862,4354,False,train
JM1,4863,4355,False,train
JM1,4864,4356,False,train
JM1,4865,4357,False,train
JM1,4866,4358,False,train
JM1,4867,4359,False,validation
JM1,4868,4360,False,validation
JM1,4869,4361,False,train
JM1,4870,4362,False,train
JM1,4871,4362,False,train
JM1,4872,4363,False,train
JM1,4873,4364,False,train
JM1,4874,4365,False,train
JM1,4875,4366,False,train
JM1,4876,4367,False,train
JM1,4877,4368,False,train
JM1,4878,4369,False,train
JM1,4879,4370,False,train
JM1,4880,4371,False,test
JM1,4881,4372,False,train
JM1,4882,4373,False,train
JM1,4883,4371,False,test
JM1,4884,4372,False,train
JM1,4885,4373,False,train
JM1,4886,4374,False,validation
JM1,4887,4375,False,train
JM1,4888,4376,False,validation
JM1,4889,4377,False,test
JM1,4890,4378,False,train
JM1,4891,4379,False,test
JM1,4892,4380,False,train
JM1,4893,4381,False,train
JM1,4894,4382,False,train
JM1,4895,4383,False,validation
JM1,4896,4384,False,train
JM1,4897,835,False,train
JM1,4898,4385,False,train
JM1,4899,4386,False,train
JM1,4900,4387,False,test
JM1,4901,4388,False,test
JM1,4902,4389,False,train
JM1,4903,4390,False,train
JM1,4904,4391,False,train
JM1,4905,4392,False,train
JM1,4906,4393,False,test
JM1,4907,4394,False,train
JM1,4908,4395,False,train
JM1,4909,4396,False,train
JM1,4910,4393,False,test
JM1,4911,4393,False,test
JM1,4912,4397,False,train
JM1,4913,4398,False,test
JM1,4914,4399,False,test
JM1,4915,4400,False,validation
JM1,4916,4401,False,train
JM1,4917,4402,False,train
JM1,4918,4403,False,train
JM1,4919,4404,False,validation
JM1,4920,4405,False,validation
JM1,4921,754,False,train
JM1,4922,2239,False,train
JM1,4923,4406,False,train
JM1,4924,4407,False,train
JM1,4925,4408,False,train
JM1,4926,4409,False,train
JM1,4927,4410,False,validation
JM1,4928,3539,False,train
JM1,4929,151,False,validation
JM1,4930,4393,False,test
JM1,4931,4393,False,test
JM1,4932,4411,False,train
JM1,4933,4412,False,validation
JM1,4934,4413,False,train
JM1,4935,4414,False,train
JM1,4936,4415,False,train
JM1,4937,4416,False,test
JM1,4938,4417,False,validation
JM1,4939,4418,False,train
JM1,4940,151,False,validation
JM1,4941,4398,False,test
JM1,4942,4419,False,train
JM1,4943,4420,False,train
JM1,4944,4421,False,train
JM1,4945,4422,False,train
JM1,4946,714,False,validation
JM1,4947,4423,False,test
JM1,4948,4424,False,validation
JM1,4949,4425,False,train
JM1,4950,4426,False,test
JM1,4951,4427,False,train
JM1,4952,4428,False,train
JM1,4953,4429,False,test
JM1,4954,747,False,train
JM1,4955,4430,False,train
JM1,4956,4428,False,train
JM1,4957,2240,False,train
JM1,4958,4431,False,validation
JM1,4959,4432,False,train
JM1,4960,4433,False,test
JM1,4961,4434,False,test
JM1,4962,362,False,train
JM1,4963,4435,False,test
JM1,4964,362,False,train
JM1,4965,2926,False,train
JM1,4966,151,False,validation
JM1,4967,4436,False,train
JM1,4968,4437,False,train
JM1,4969,4438,False,validation
JM1,4970,4439,False,train
JM1,4971,2313,False,validation
JM1,4972,4440,False,train
JM1,4973,4441,False,train
JM1,4974,4442,False,train
JM1,4975,4443,False,train
JM1,4976,4444,False,train
JM1,4977,4445,False,train
JM1,4978,4446,False,test
JM1,4979,4447,False,train
JM1,4980,4448,False,test
JM1,4981,4449,False,validation
JM1,4982,4450,False,train
JM1,4983,4451,False,train
JM1,4984,4452,False,test
JM1,4985,4453,False,train
JM1,4986,2313,False,validation
JM1,4987,4454,False,train
JM1,4988,4455,False,test
JM1,4989,4456,False,train
JM1,4990,556,False,validation
JM1,4991,4457,False,train
JM1,4992,4458,False,validation
JM1,4993,4459,False,train
JM1,4994,4460,False,train
JM1,4995,8,False,validation
JM1,4996,4461,False,train
JM1,4997,4462,False,validation
JM1,4998,8,False,validation
JM1,4999,4463,False,train
JM1,5000,4464,False,train
JM1,5001,4465,False,train
JM1,5002,4466,False,train
JM1,5003,4467,False,train
JM1,5004,4468,False,test
JM1,5005,4467,False,train
JM1,5006,4466,False,train
JM1,5007,4469,False,train
JM1,5008,4463,False,train
JM1,5009,4470,False,train
JM1,5010,4471,False,validation
JM1,5011,4472,False,validation
JM1,5012,4473,False,train
JM1,5013,4474,False,train
JM1,5014,4475,False,validation
JM1,5015,4476,False,train
JM1,5016,4477,False,train
JM1,5017,4466,False,train
JM1,5018,4478,False,train
JM1,5019,4479,False,train
JM1,5020,4480,False,validation
JM1,5021,4481,False,test
JM1,5022,4482,False,test
JM1,5023,2832,False,validation
JM1,5024,4483,False,test
JM1,5025,4484,False,validation
JM1,5026,4485,False,train
JM1,5027,4486,False,train
JM1,5028,4487,False,validation
JM1,5029,4488,False,train
JM1,5030,4489,False,train
JM1,5031,4490,False,test
JM1,5032,4491,False,train
JM1,5033,4492,False,train
JM1,5034,4493,False,train
JM1,5035,4489,False,train
JM1,5036,4494,False,validation
JM1,5037,4495,False,test
JM1,5038,4496,False,train
JM1,5039,4497,False,train
JM1,5040,835,False,train
JM1,5041,4498,False,train
JM1,5042,835,False,train
JM1,5043,4499,False,train
JM1,5044,4500,False,test
JM1,5045,4501,False,test
JM1,5046,4502,False,test
JM1,5047,4503,False,train
JM1,5048,4504,False,test
JM1,5049,4505,False,train
JM1,5050,4506,False,train
JM1,5051,4507,False,test
JM1,5052,835,False,train
JM1,5053,813,False,train
JM1,5054,4508,False,train
JM1,5055,4509,False,test
JM1,5056,2446,False,test
JM1,5057,4510,False,train
JM1,5058,4511,False,train
JM1,5059,4512,False,test
JM1,5060,2952,False,train
JM1,5061,4513,False,train
JM1,5062,4514,False,train
JM1,5063,888,False,validation
JM1,5064,556,False,validation
JM1,5065,4515,False,train
JM1,5066,4516,False,train
JM1,5067,4517,False,train
JM1,5068,4518,False,validation
JM1,5069,2239,False,train
JM1,5070,819,False,validation
JM1,5071,714,False,validation
JM1,5072,4519,False,train
JM1,5073,4184,False,validation
JM1,5074,4519,False,train
JM1,5075,4520,False,train
JM1,5076,4520,False,train
JM1,5077,4521,False,train
JM1,5078,1368,False,train
JM1,5079,4522,False,train
JM1,5080,4523,False,validation
JM1,5081,4524,False,train
JM1,5082,754,False,train
JM1,5083,4525,False,validation
JM1,5084,4526,False,train
JM1,5085,4527,False,train
JM1,5086,4528,False,train
JM1,5087,4529,False,train
JM1,5088,4530,False,train
JM1,5089,4531,False,train
JM1,5090,4532,False,train
JM1,5091,4533,False,train
JM1,5092,2106,False,train
JM1,5093,835,False,train
JM1,5094,4534,False,test
JM1,5095,4535,False,train
JM1,5096,4536,False,train
JM1,5097,4537,False,test
JM1,5098,835,False,train
JM1,5099,4538,False,validation
JM1,5100,4539,False,test
JM1,5101,4540,False,train
JM1,5102,4541,False,test
JM1,5103,835,False,train
JM1,5104,4542,False,train
JM1,5105,535,False,validation
JM1,5106,4543,False,train
JM1,5107,835,False,train
JM1,5108,835,False,train
JM1,5109,4544,False,train
JM1,5110,4544,False,train
JM1,5111,4545,False,train
JM1,5112,4546,False,train
JM1,5113,835,False,train
JM1,5114,835,False,train
JM1,5115,835,False,train
JM1,5116,4547,False,validation
JM1,5117,835,False,train
JM1,5118,4548,False,train
JM1,5119,4549,False,train
JM1,5120,4550,False,validation
JM1,5121,2450,False,validation
JM1,5122,4551,False,train
JM1,5123,4552,False,validation
JM1,5124,4553,False,validation
JM1,5125,835,False,train
JM1,5126,4554,False,validation
JM1,5127,4555,False,train
JM1,5128,4552,False,validation
JM1,5129,4556,False,test
JM1,5130,4557,False,test
JM1,5131,4558,False,validation
JM1,5132,4559,False,train
JM1,5133,4560,False,test
JM1,5134,4268,False,test
JM1,5135,4253,False,validation
JM1,5136,558,False,test
JM1,5137,4561,False,train
JM1,5138,4562,False,train
JM1,5139,4563,False,train
JM1,5140,4564,False,train
JM1,5141,4565,False,test
JM1,5142,4566,False,train
JM1,5143,4567,False,validation
JM1,5144,4568,False,train
JM1,5145,4569,False,test
JM1,5146,835,False,train
JM1,5147,4570,False,test
JM1,5148,4571,False,train
JM1,5149,1143,False,train
JM1,5150,835,False,train
JM1,5151,4572,False,train
JM1,5152,4573,False,validation
JM1,5153,2450,False,validation
JM1,5154,835,False,train
JM1,5155,2364,False,train
JM1,5156,4574,False,validation
JM1,5157,4575,False,train
JM1,5158,4576,False,train
JM1,5159,4577,False,train
JM1,5160,4578,False,train
JM1,5161,4579,False,test
JM1,5162,4580,False,train
JM1,5163,4581,False,train
JM1,5164,2450,False,validation
JM1,5165,835,False,train
JM1,5166,2450,False,validation
JM1,5167,4582,False,train
JM1,5168,835,False,train
JM1,5169,4583,False,train
JM1,5170,326,False,train
JM1,5171,835,False,train
JM1,5172,835,False,train
JM1,5173,835,False,train
JM1,5174,835,False,train
JM1,5175,4584,False,train
JM1,5176,4585,False,train
JM1,5177,4586,False,validation
JM1,5178,4587,False,train
JM1,5179,4588,False,train
JM1,5180,4589,False,test
JM1,5181,4590,False,validation
JM1,5182,4591,False,train
JM1,5183,4592,False,train
JM1,5184,4593,False,train
JM1,5185,4594,False,train
JM1,5186,4537,False,test
JM1,5187,835,False,train
JM1,5188,4595,False,train
JM1,5189,4596,False,train
JM1,5190,835,False,train
JM1,5191,4597,False,train
JM1,5192,4598,False,train
JM1,5193,754,False,train
JM1,5194,4527,False,train
JM1,5195,4599,False,train
JM1,5196,4600,False,train
JM1,5197,4601,False,train
JM1,5198,2237,False,train
JM1,5199,4602,False,train
JM1,5200,4602,False,train
JM1,5201,4499,False,train
JM1,5202,4603,False,train
JM1,5203,4604,False,test
JM1,5204,4605,False,train
JM1,5205,326,False,train
JM1,5206,835,False,train
JM1,5207,4527,False,train
JM1,5208,2450,False,validation
JM1,5209,4606,False,train
JM1,5210,4607,False,train
JM1,5211,4608,False,train
JM1,5212,4609,False,validation
JM1,5213,835,False,train
JM1,5214,835,False,train
JM1,5215,4610,False,validation
JM1,5216,835,False,train
JM1,5217,4611,False,validation
JM1,5218,4523,False,validation
JM1,5219,4612,False,validation
JM1,5220,4613,False,validation
JM1,5221,4614,False,train
JM1,5222,2450,False,validation
JM1,5223,4615,False,validation
JM1,5224,835,False,train
JM1,5225,835,False,train
JM1,5226,835,False,train
JM1,5227,835,False,train
JM1,5228,835,False,train
JM1,5229,835,False,train
JM1,5230,835,False,train
JM1,5231,835,False,train
JM1,5232,835,False,train
JM1,5233,835,False,train
JM1,5234,835,False,train
JM1,5235,835,False,train
JM1,5236,835,False,train
JM1,5237,835,False,train
JM1,5238,835,False,train
JM1,5239,4616,False,train
JM1,5240,4617,False,train
JM1,5241,4618,False,test
JM1,5242,835,False,train
JM1,5243,4619,False,test
JM1,5244,835,False,train
JM1,5245,4620,False,train
JM1,5246,4537,False,test
JM1,5247,4537,False,test
JM1,5248,4618,False,test
JM1,5249,2106,False,train
JM1,5250,4605,False,train
JM1,5251,4621,False,validation
JM1,5252,4622,False,train
JM1,5253,4623,False,validation
JM1,5254,4624,False,train
JM1,5255,4625,False,test
JM1,5256,4626,False,train
JM1,5257,4627,False,train
JM1,5258,4628,False,train
JM1,5259,4629,False,train
JM1,5260,4630,False,train
JM1,5261,4631,False,train
JM1,5262,4632,False,train
JM1,5263,4540,False,train
JM1,5264,4633,False,train
JM1,5265,4634,False,test
JM1,5266,835,False,train
JM1,5267,4635,False,train
JM1,5268,4636,False,train
JM1,5269,4637,False,test
JM1,5270,4638,False,train
JM1,5271,835,False,train
JM1,5272,4639,False,test
JM1,5273,4640,False,train
JM1,5274,4641,False,train
JM1,5275,4642,False,train
JM1,5276,4643,False,train
JM1,5277,4644,False,train
JM1,5278,4645,False,test
JM1,5279,4646,False,train
JM1,5280,4647,False,test
JM1,5281,4648,False,train
JM1,5282,888,False,validation
JM1,5283,556,False,validation
JM1,5284,835,False,train
JM1,5285,835,False,train
JM1,5286,4649,False,train
JM1,5287,4650,False,train
JM1,5288,4651,False,train
JM1,5289,4617,False,train
JM1,5290,4652,False,test
JM1,5291,4653,False,test
JM1,5292,4654,False,train
JM1,5293,4655,False,train
JM1,5294,888,False,validation
JM1,5295,556,False,validation
JM1,5296,4656,False,test
JM1,5297,4623,False,validation
JM1,5298,524,False,train
JM1,5299,4657,False,test
JM1,5300,835,False,train
JM1,5301,1143,False,train
JM1,5302,4658,False,train
JM1,5303,4659,False,train
JM1,5304,4660,False,train
JM1,5305,4661,False,test
JM1,5306,4662,False,train
JM1,5307,4663,False,train
JM1,5308,4664,False,train
JM1,5309,4665,False,validation
JM1,5310,835,False,train
JM1,5311,4536,False,train
JM1,5312,4625,False,test
JM1,5313,4666,False,train
JM1,5314,4627,False,train
JM1,5315,4667,False,validation
JM1,5316,4629,False,train
JM1,5317,4668,False,test
JM1,5318,4669,False,validation
JM1,5319,4537,False,test
JM1,5320,4639,False,test
JM1,5321,4670,False,train
JM1,5322,4671,False,train
JM1,5323,835,False,train
JM1,5324,4672,False,train
JM1,5325,835,False,train
JM1,5326,835,False,train
JM1,5327,4673,False,test
JM1,5328,835,False,train
JM1,5329,4674,False,test
JM1,5330,4675,False,test
JM1,5331,4676,False,train
JM1,5332,4677,False,test
JM1,5333,4678,False,test
JM1,5334,2450,False,validation
JM1,5335,4679,False,test
JM1,5336,1143,False,train
JM1,5337,4680,False,train
JM1,5338,4681,False,train
JM1,5339,835,False,train
JM1,5340,4682,False,test
JM1,5341,4683,False,test
JM1,5342,4684,False,validation
JM1,5343,4685,False,train
JM1,5344,4686,False,train
JM1,5345,4686,False,train
JM1,5346,4687,False,validation
JM1,5347,4688,False,test
JM1,5348,4689,False,test
JM1,5349,4690,False,validation
JM1,5350,4691,False,test
JM1,5351,4692,False,train
JM1,5352,4693,False,train
JM1,5353,835,False,train
JM1,5354,4694,False,train
JM1,5355,4695,False,train
JM1,5356,4696,False,train
JM1,5357,4697,False,train
JM1,5358,4698,False,train
JM1,5359,835,False,train
JM1,5360,4499,False,train
JM1,5361,404,False,validation
JM1,5362,835,False,train
JM1,5363,524,False,train
JM1,5364,524,False,train
JM1,5365,835,False,train
JM1,5366,2450,False,validation
JM1,5367,4699,False,train
JM1,5368,4700,False,test
JM1,5369,4537,False,test
JM1,5370,2239,False,train
JM1,5371,4701,False,validation
JM1,5372,813,False,train
JM1,5373,2450,False,validation
JM1,5374,4672,False,train
JM1,5375,2106,False,train
JM1,5376,4702,False,train
JM1,5377,835,False,train
JM1,5378,4703,False,validation
JM1,5379,4704,False,train
JM1,5380,4705,False,train
JM1,5381,888,False,validation
JM1,5382,556,False,validation
JM1,5383,4706,False,test
JM1,5384,4707,False,validation
JM1,5385,326,False,train
JM1,5386,4708,False,validation
JM1,5387,4709,False,train
JM1,5388,4710,False,test
JM1,5389,4711,False,train
JM1,5390,4712,False,train
JM1,5391,4713,False,train
JM1,5392,4552,False,validation
JM1,5393,4552,False,validation
JM1,5394,4499,False,train
JM1,5395,4499,False,train
JM1,5396,835,False,train
JM1,5397,835,False,train
JM1,5398,835,False,train
JM1,5399,4714,False,train
JM1,5400,4715,False,train
JM1,5401,4716,False,train
JM1,5402,4717,False,test
JM1,5403,4718,False,test
JM1,5404,4719,False,train
JM1,5405,4720,False,train
JM1,5406,4721,False,test
JM1,5407,4527,False,train
JM1,5408,4527,False,train
JM1,5409,4722,False,train
JM1,5410,4605,False,train
JM1,5411,4723,False,test
JM1,5412,4724,False,train
JM1,5413,4725,False,validation
JM1,5414,4726,False,test
JM1,5415,4727,False,test
JM1,5416,4728,False,train
JM1,5417,4729,False,train
JM1,5418,4730,False,test
JM1,5419,4731,False,train
JM1,5420,4732,False,train
JM1,5421,4733,False,train
JM1,5422,4734,False,test
JM1,5423,4735,False,train
JM1,5424,4736,False,train
JM1,5425,4737,False,validation
JM1,5426,4738,False,train
JM1,5427,3166,False,train
JM1,5428,4739,False,validation
JM1,5429,4740,False,train
JM1,5430,4741,False,test
JM1,5431,4742,False,train
JM1,5432,2952,False,train
JM1,5433,4743,False,train
JM1,5434,4744,False,train
JM1,5435,4664,False,train
JM1,5436,4745,False,train
JM1,5437,4746,False,validation
JM1,5438,4645,False,test
JM1,5439,3049,False,validation
JM1,5440,4747,False,validation
JM1,5441,3432,False,validation
JM1,5442,4748,False,train
JM1,5443,4749,False,train
JM1,5444,4750,False,test
JM1,5445,835,False,train
JM1,5446,835,False,train
JM1,5447,835,False,train
JM1,5448,835,False,train
JM1,5449,4751,False,train
JM1,5450,4752,False,test
JM1,5451,4753,False,train
JM1,5452,4754,False,train
JM1,5453,4537,False,test
JM1,5454,2450,False,validation
JM1,5455,4755,False,test
JM1,5456,4755,False,test
JM1,5457,4756,False,train
JM1,5458,835,False,train
JM1,5459,4757,False,train
JM1,5460,835,False,train
JM1,5461,835,False,train
JM1,5462,835,False,train
JM1,5463,4672,False,train
JM1,5464,2450,False,validation
JM1,5465,4758,False,test
JM1,5466,835,False,train
JM1,5467,4759,False,train
JM1,5468,835,False,train
JM1,5469,4760,False,test
JM1,5470,4761,False,train
JM1,5471,4762,False,train
JM1,5472,4763,False,train
JM1,5473,4764,False,validation
JM1,5474,4765,False,validation
JM1,5475,4766,False,train
JM1,5476,4767,False,train
JM1,5477,4768,False,test
JM1,5478,813,False,train
JM1,5479,813,False,train
JM1,5480,524,False,train
JM1,5481,4769,False,validation
JM1,5482,524,False,train
JM1,5483,524,False,train
JM1,5484,4770,False,train
JM1,5485,2106,False,train
JM1,5486,524,False,train
JM1,5487,524,False,train
JM1,5488,4771,False,train
JM1,5489,4517,False,train
JM1,5490,835,False,train
JM1,5491,4772,False,train
JM1,5492,4773,False,validation
JM1,5493,835,False,train
JM1,5494,4774,False,train
JM1,5495,4775,False,test
JM1,5496,4776,False,test
JM1,5497,4777,False,train
JM1,5498,4778,False,train
JM1,5499,4779,False,validation
JM1,5500,4760,False,test
JM1,5501,4780,False,train
JM1,5502,4781,False,train
JM1,5503,4782,False,test
JM1,5504,535,False,validation
JM1,5505,4783,False,test
JM1,5506,2107,False,train
JM1,5507,4784,False,train
JM1,5508,4785,False,train
JM1,5509,4786,False,train
JM1,5510,4787,False,train
JM1,5511,4788,False,train
JM1,5512,4789,False,train
JM1,5513,4790,False,train
JM1,5514,4791,False,validation
JM1,5515,835,False,train
JM1,5516,4792,False,train
JM1,5517,835,False,train
JM1,5518,4537,False,test
JM1,5519,4793,False,test
JM1,5520,4794,False,train
JM1,5521,4795,False,train
JM1,5522,4537,False,test
JM1,5523,835,False,train
JM1,5524,2450,False,validation
JM1,5525,4796,False,train
JM1,5526,4537,False,test
JM1,5527,4797,False,test
JM1,5528,4798,False,train
JM1,5529,4799,False,train
JM1,5530,4537,False,test
JM1,5531,4800,False,validation
JM1,5532,4453,False,train
JM1,5533,4801,False,train
JM1,5534,4802,False,validation
JM1,5535,4734,False,test
JM1,5536,4803,False,train
JM1,5537,835,False,train
JM1,5538,4804,False,train
JM1,5539,835,False,train
JM1,5540,4537,False,test
JM1,5541,4537,False,test
JM1,5542,4602,False,train
JM1,5543,4537,False,test
JM1,5544,4805,False,test
JM1,5545,4806,False,validation
JM1,5546,4807,False,train
JM1,5547,4808,False,train
JM1,5548,4809,False,validation
JM1,5549,4810,False,validation
JM1,5550,4517,False,train
JM1,5551,813,False,train
JM1,5552,4811,False,train
JM1,5553,4812,False,train
JM1,5554,4813,False,test
JM1,5555,835,False,train
JM1,5556,835,False,train
JM1,5557,835,False,train
JM1,5558,2239,False,train
JM1,5559,835,False,train
JM1,5560,835,False,train
JM1,5561,2239,False,train
JM1,5562,835,False,train
JM1,5563,4814,False,test
JM1,5564,4815,False,test
JM1,5565,4816,False,test
JM1,5566,4817,False,train
JM1,5567,4818,False,train
JM1,5568,4819,False,train
JM1,5569,4820,False,train
JM1,5570,4821,False,train
JM1,5571,4822,False,test
JM1,5572,835,False,train
JM1,5573,4823,False,train
JM1,5574,4824,False,train
JM1,5575,4825,False,train
JM1,5576,4826,False,train
JM1,5577,4827,False,validation
JM1,5578,835,False,train
JM1,5579,332,False,train
JM1,5580,4828,False,train
JM1,5581,4829,False,train
JM1,5582,4830,False,train
JM1,5583,4831,False,train
JM1,5584,4832,False,test
JM1,5585,4535,False,train
JM1,5586,4833,False,train
JM1,5587,4834,False,train
JM1,5588,4835,False,test
JM1,5589,4836,False,train
JM1,5590,4837,False,train
JM1,5591,4837,False,train
JM1,5592,4837,False,train
JM1,5593,4837,False,train
JM1,5594,4838,False,train
JM1,5595,4499,False,train
JM1,5596,362,False,train
JM1,5597,4839,False,train
JM1,5598,4840,False,test
JM1,5599,4841,False,train
JM1,5600,4842,False,test
JM1,5601,4843,False,train
JM1,5602,4844,False,train
JM1,5603,4845,False,test
JM1,5604,4846,False,train
JM1,5605,835,False,train
JM1,5606,4847,False,train
JM1,5607,2218,False,train
JM1,5608,4848,False,test
JM1,5609,3087,False,train
JM1,5610,4849,False,train
JM1,5611,3087,False,train
JM1,5612,4850,False,validation
JM1,5613,4851,False,train
JM1,5614,4851,False,train
JM1,5615,4852,False,train
JM1,5616,4853,False,train
JM1,5617,4854,False,train
JM1,5618,4855,False,test
JM1,5619,4856,False,test
JM1,5620,4857,False,train
JM1,5621,4858,False,test
JM1,5622,4859,False,train
JM1,5623,4857,False,train
JM1,5624,4857,False,train
JM1,5625,4860,False,train
JM1,5626,2257,False,train
JM1,5627,4861,False,train
JM1,5628,4862,False,validation
JM1,5629,4863,False,test
JM1,5630,4864,False,train
JM1,5631,4865,False,validation
JM1,5632,4866,False,train
JM1,5633,4867,False,test
JM1,5634,4868,False,train
JM1,5635,4869,False,train
JM1,5636,4870,False,train
JM1,5637,4871,False,train
JM1,5638,4872,False,test
JM1,5639,4873,False,train
JM1,5640,4874,False,train
JM1,5641,4875,False,test
JM1,5642,4876,False,validation
JM1,5643,4877,False,test
JM1,5644,4878,False,train
JM1,5645,4854,False,train
JM1,5646,2017,False,train
JM1,5647,4879,False,test
JM1,5648,4880,False,train
JM1,5649,4881,False,train
JM1,5650,4882,False,test
JM1,5651,4883,False,train
JM1,5652,4884,False,train
JM1,5653,4857,False,train
JM1,5654,4854,False,train
JM1,5655,4885,False,train
JM1,5656,4886,False,train
JM1,5657,4887,False,train
JM1,5658,4888,False,train
JM1,5659,4889,False,validation
JM1,5660,4890,False,train
JM1,5661,754,False,train
JM1,5662,4891,False,test
JM1,5663,2257,False,train
JM1,5664,4892,False,train
JM1,5665,4893,False,train
JM1,5666,4894,False,test
JM1,5667,4895,False,train
JM1,5668,4896,False,train
JM1,5669,4897,False,train
JM1,5670,4898,False,train
JM1,5671,4899,False,train
JM1,5672,4900,False,test
JM1,5673,4901,False,train
JM1,5674,4902,False,test
JM1,5675,4903,False,test
JM1,5676,4904,False,train
JM1,5677,4905,False,test
JM1,5678,4906,False,validation
JM1,5679,4907,False,train
JM1,5680,4896,False,train
JM1,5681,4854,False,train
JM1,5682,4908,False,train
JM1,5683,4896,False,train
JM1,5684,4909,False,test
JM1,5685,4910,False,train
JM1,5686,4911,False,test
JM1,5687,4912,False,train
JM1,5688,4913,False,train
JM1,5689,4914,False,validation
JM1,5690,4915,False,train
JM1,5691,4916,False,validation
JM1,5692,4912,False,train
JM1,5693,4913,False,train
JM1,5694,4914,False,validation
JM1,5695,4917,False,train
JM1,5696,4918,False,train
JM1,5697,4919,False,test
JM1,5698,4920,False,test
JM1,5699,4921,False,train
JM1,5700,4922,False,train
JM1,5701,4923,False,train
JM1,5702,4924,False,train
JM1,5703,4925,False,train
JM1,5704,4926,False,test
JM1,5705,4927,False,validation
JM1,5706,4928,False,train
JM1,5707,4929,False,train
JM1,5708,4930,False,train
JM1,5709,4931,False,train
JM1,5710,4932,False,train
JM1,5711,4933,False,train
JM1,5712,4934,False,train
JM1,5713,4935,False,train
JM1,5714,4889,False,validation
JM1,5715,4936,False,validation
JM1,5716,4937,False,test
JM1,5717,4938,False,train
JM1,5718,4939,False,train
JM1,5719,4860,False,train
JM1,5720,4940,False,train
JM1,5721,4860,False,train
JM1,5722,4941,False,train
JM1,5723,4942,False,validation
JM1,5724,4943,False,test
JM1,5725,4944,False,train
JM1,5726,4945,False,train
JM1,5727,4946,False,train
JM1,5728,4947,False,validation
JM1,5729,4948,False,train
JM1,5730,4949,False,test
JM1,5731,4950,False,train
JM1,5732,4951,False,train
JM1,5733,754,False,train
JM1,5734,4952,False,train
JM1,5735,754,False,train
JM1,5736,4952,False,train
JM1,5737,4953,False,test
JM1,5738,4954,False,train
JM1,5739,4955,False,train
JM1,5740,4956,False,train
JM1,5741,4957,False,train
JM1,5742,4958,False,train
JM1,5743,4959,False,validation
JM1,5744,4960,False,validation
JM1,5745,4961,False,train
JM1,5746,4962,False,train
JM1,5747,4963,False,test
JM1,5748,4964,False,train
JM1,5749,4965,False,train
JM1,5750,4966,False,train
JM1,5751,835,False,train
JM1,5752,4967,False,train
JM1,5753,4968,False,validation
JM1,5754,835,False,train
JM1,5755,2717,False,train
JM1,5756,4969,False,train
JM1,5757,4970,False,train
JM1,5758,4971,False,train
JM1,5759,4972,False,train
JM1,5760,4970,False,train
JM1,5761,3507,False,train
JM1,5762,4973,False,train
JM1,5763,4974,False,test
JM1,5764,2331,False,train
JM1,5765,2332,False,test
JM1,5766,4975,False,test
JM1,5767,2331,False,train
JM1,5768,4976,False,train
JM1,5769,4977,False,train
JM1,5770,4978,False,train
JM1,5771,2332,False,test
JM1,5772,4979,False,validation
JM1,5773,362,False,train
JM1,5774,2106,False,train
JM1,5775,4980,False,train
JM1,5776,4981,False,test
JM1,5777,4982,False,train
JM1,5778,4983,False,train
JM1,5779,4984,False,train
JM1,5780,4760,False,test
JM1,5781,4985,False,train
JM1,5782,4986,False,train
JM1,5783,2420,False,train
JM1,5784,4987,False,train
JM1,5785,4988,False,validation
JM1,5786,4989,False,train
JM1,5787,4990,False,train
JM1,5788,4991,False,train
JM1,5789,4992,False,train
JM1,5790,4993,False,train
JM1,5791,4994,False,train
JM1,5792,4992,False,train
JM1,5793,4992,False,train
JM1,5794,4995,False,test
JM1,5795,2805,False,validation
JM1,5796,4996,False,train
JM1,5797,4997,False,validation
JM1,5798,4998,False,test
JM1,5799,4999,False,validation
JM1,5800,5000,False,test
JM1,5801,5001,False,test
JM1,5802,5002,False,train
JM1,5803,5003,False,test
JM1,5804,5004,False,test
JM1,5805,5005,False,validation
JM1,5806,5006,False,train
JM1,5807,5007,False,validation
JM1,5808,2446,False,test
JM1,5809,5008,False,train
JM1,5810,5009,False,validation
JM1,5811,5010,False,train
JM1,5812,5011,False,test
JM1,5813,5012,False,test
JM1,5814,5013,False,test
JM1,5815,2917,False,train
JM1,5816,5014,False,train
JM1,5817,5015,False,validation
JM1,5818,5016,False,test
JM1,5819,5017,False,test
JM1,5820,5018,False,train
JM1,5821,93,False,test
JM1,5822,5019,False,validation
JM1,5823,5020,False,train
JM1,5824,5021,False,train
JM1,5825,5022,False,train
JM1,5826,5022,False,train
JM1,5827,5023,False,test
JM1,5828,5024,False,train
JM1,5829,5025,False,train
JM1,5830,5026,False,validation
JM1,5831,2239,False,train
JM1,5832,1143,False,train
JM1,5833,835,False,train
JM1,5834,5027,False,validation
JM1,5835,3512,False,test
JM1,5836,4800,False,validation
JM1,5837,5028,False,train
JM1,5838,5029,False,train
JM1,5839,5030,False,test
JM1,5840,5031,False,test
JM1,5841,5032,False,train
JM1,5842,5033,False,train
JM1,5843,5034,False,train
JM1,5844,5035,False,train
JM1,5845,5036,False,test
JM1,5846,5037,False,train
JM1,5847,5038,False,train
JM1,5848,5039,False,train
JM1,5849,5040,False,train
JM1,5850,2925,False,validation
JM1,5851,5041,False,train
JM1,5852,5042,False,train
JM1,5853,5043,False,test
JM1,5854,5044,False,train
JM1,5855,5045,False,train
JM1,5856,5046,False,validation
JM1,5857,2938,False,train
JM1,5858,319,False,train
JM1,5859,5047,False,train
JM1,5860,5048,False,test
JM1,5861,5049,False,train
JM1,5862,5050,False,train
JM1,5863,5051,False,train
JM1,5864,5052,False,test
JM1,5865,5053,False,train
JM1,5866,5054,False,test
JM1,5867,5055,False,train
JM1,5868,5056,False,train
JM1,5869,5057,False,train
JM1,5870,754,False,train
JM1,5871,5058,False,train
JM1,5872,269,False,test
JM1,5873,5059,False,train
JM1,5874,5060,False,train
JM1,5875,5061,False,test
JM1,5876,5062,False,test
JM1,5877,5063,False,train
JM1,5878,5064,False,test
JM1,5879,5065,False,train
JM1,5880,5066,False,test
JM1,5881,5067,False,train
JM1,5882,5068,False,test
JM1,5883,5069,False,train
JM1,5884,5070,False,train
JM1,5885,5071,False,train
JM1,5886,540,False,train
JM1,5887,362,False,train
JM1,5888,5072,False,train
JM1,5889,230,False,train
JM1,5890,5073,False,validation
JM1,5891,5074,False,train
JM1,5892,592,False,train
JM1,5893,5075,False,validation
JM1,5894,5076,False,validation
JM1,5895,5077,False,validation
JM1,5896,5078,False,train
JM1,5897,5079,False,validation
JM1,5898,5080,False,test
JM1,5899,5081,False,train
JM1,5900,5082,False,train
JM1,5901,5083,False,train
JM1,5902,5084,False,test
JM1,5903,5085,False,test
JM1,5904,5085,False,test
JM1,5905,5086,False,validation
JM1,5906,5087,False,train
JM1,5907,151,False,validation
JM1,5908,5088,False,train
JM1,5909,5089,False,validation
JM1,5910,5090,False,test
JM1,5911,5091,False,test
JM1,5912,5092,False,train
JM1,5913,5093,False,train
JM1,5914,5094,False,train
JM1,5915,5095,False,validation
JM1,5916,5093,False,train
JM1,5917,5096,False,test
JM1,5918,5097,False,validation
JM1,5919,5098,False,train
JM1,5920,5099,False,train
JM1,5921,5100,False,test
JM1,5922,5101,False,test
JM1,5923,2239,False,train
JM1,5924,2545,False,train
JM1,5925,5102,False,train
JM1,5926,269,False,test
JM1,5927,5103,False,train
JM1,5928,5104,False,train
JM1,5929,5105,False,train
JM1,5930,5106,False,train
JM1,5931,5107,False,train
JM1,5932,5108,False,validation
JM1,5933,5108,False,validation
JM1,5934,5107,False,train
JM1,5935,1143,False,train
JM1,5936,1143,False,train
JM1,5937,5109,False,train
JM1,5938,5110,False,train
JM1,5939,5111,False,train
JM1,5940,5112,False,train
JM1,5941,5113,False,train
JM1,5942,5114,False,test
JM1,5943,5115,False,test
JM1,5944,5116,False,validation
JM1,5945,5117,False,train
JM1,5946,5118,False,validation
JM1,5947,5119,False,test
JM1,5948,5120,False,validation
JM1,5949,5121,False,test
JM1,5950,5122,False,train
JM1,5951,5123,False,train
JM1,5952,5124,False,train
JM1,5953,5125,False,validation
JM1,5954,5126,False,train
JM1,5955,5127,False,test
JM1,5956,5128,False,validation
JM1,5957,5129,False,train
JM1,5958,5130,False,train
JM1,5959,5131,False,validation
JM1,5960,5132,False,train
JM1,5961,5133,False,train
JM1,5962,5134,False,test
JM1,5963,5135,False,test
JM1,5964,5136,False,validation
JM1,5965,5137,False,validation
JM1,5966,5138,False,train
JM1,5967,5139,False,train
JM1,5968,5140,False,validation
JM1,5969,955,False,test
JM1,5970,5141,False,train
JM1,5971,5142,False,train
JM1,5972,5143,False,train
JM1,5973,5144,False,train
JM1,5974,5145,False,train
JM1,5975,5146,False,test
JM1,5976,5147,False,train
JM1,5977,5148,False,train
JM1,5978,5149,False,test
JM1,5979,5150,False,train
JM1,5980,5151,False,train
JM1,5981,1107,False,validation
JM1,5982,5152,False,train
JM1,5983,5153,False,train
JM1,5984,5154,False,validation
JM1,5985,5155,False,train
JM1,5986,5156,False,test
JM1,5987,5157,False,validation
JM1,5988,5158,False,train
JM1,5989,5159,False,validation
JM1,5990,2106,False,train
JM1,5991,5160,False,train
JM1,5992,5161,False,train
JM1,5993,5162,False,validation
JM1,5994,5163,False,test
JM1,5995,5164,False,train
JM1,5996,5165,False,train
JM1,5997,4014,False,test
JM1,5998,4014,False,test
JM1,5999,5166,False,test
JM1,6000,5167,False,validation
JM1,6001,5168,False,train
JM1,6002,5169,False,train
JM1,6003,5170,False,train
JM1,6004,5171,False,validation
JM1,6005,5172,False,test
JM1,6006,5173,False,train
JM1,6007,5174,False,train
JM1,6008,5175,False,train
JM1,6009,5176,False,train
JM1,6010,5177,False,train
JM1,6011,5178,False,test
JM1,6012,4014,False,test
JM1,6013,5179,False,validation
JM1,6014,5180,False,test
JM1,6015,5181,False,validation
JM1,6016,5182,False,train
JM1,6017,5183,False,train
JM1,6018,5184,False,train
JM1,6019,5185,False,train
JM1,6020,3858,False,train
JM1,6021,5186,False,test
JM1,6022,5187,False,train
JM1,6023,5188,False,train
JM1,6024,5189,False,train
JM1,6025,5190,False,train
JM1,6026,5191,False,train
JM1,6027,5192,False,train
JM1,6028,5193,False,train
JM1,6029,5194,False,train
JM1,6030,5195,False,test
JM1,6031,5196,False,train
JM1,6032,5197,False,train
JM1,6033,5198,False,train
JM1,6034,5199,False,test
JM1,6035,5200,False,validation
JM1,6036,5201,False,train
JM1,6037,5202,False,train
JM1,6038,5203,False,train
JM1,6039,5204,False,train
JM1,6040,5205,False,test
JM1,6041,5206,False,validation
JM1,6042,5207,False,train
JM1,6043,5208,False,validation
JM1,6044,5209,False,validation
JM1,6045,5210,False,test
JM1,6046,5211,False,test
JM1,6047,5212,False,train
JM1,6048,5213,False,train
JM1,6049,5214,False,train
JM1,6050,5215,False,train
JM1,6051,835,False,train
JM1,6052,835,False,train
JM1,6053,835,False,train
JM1,6054,5216,False,test
JM1,6055,5217,False,train
JM1,6056,835,False,train
JM1,6057,835,False,train
JM1,6058,5218,False,validation
JM1,6059,5219,False,train
JM1,6060,5220,False,train
JM1,6061,5221,False,train
JM1,6062,5222,False,test
JM1,6063,524,False,train
JM1,6064,835,False,train
JM1,6065,5223,False,train
JM1,6066,5224,False,train
JM1,6067,5225,False,test
JM1,6068,5226,False,train
JM1,6069,5227,False,test
JM1,6070,5228,False,test
JM1,6071,5229,False,train
JM1,6072,5230,False,train
JM1,6073,5231,False,test
JM1,6074,5232,False,train
JM1,6075,5233,False,validation
JM1,6076,5234,False,train
JM1,6077,466,False,validation
JM1,6078,2106,False,train
JM1,6079,5235,False,train
JM1,6080,5236,False,train
JM1,6081,5226,False,train
JM1,6082,5234,False,train
JM1,6083,835,False,train
JM1,6084,5237,False,test
JM1,6085,5238,False,test
JM1,6086,5239,False,train
JM1,6087,835,False,train
JM1,6088,5240,False,train
JM1,6089,2364,False,train
JM1,6090,5241,False,train
JM1,6091,5242,False,train
JM1,6092,5226,False,train
JM1,6093,556,False,validation
JM1,6094,5232,False,train
JM1,6095,5233,False,validation
JM1,6096,5243,False,train
JM1,6097,5244,False,test
JM1,6098,5245,False,test
JM1,6099,4670,False,train
JM1,6100,4670,False,train
JM1,6101,5246,False,test
JM1,6102,5247,False,train
JM1,6103,5248,False,test
JM1,6104,5247,False,train
JM1,6105,5211,False,test
JM1,6106,5230,False,train
JM1,6107,5249,False,train
JM1,6108,5250,False,validation
JM1,6109,5251,False,train
JM1,6110,5252,False,train
JM1,6111,5253,False,validation
JM1,6112,524,False,train
JM1,6113,5254,False,test
JM1,6114,5211,False,test
JM1,6115,5255,False,train
JM1,6116,5256,False,train
JM1,6117,5257,False,train
JM1,6118,5258,False,test
JM1,6119,5259,False,validation
JM1,6120,5260,False,train
JM1,6121,2106,False,train
JM1,6122,4480,False,validation
JM1,6123,130,False,test
JM1,6124,130,False,test
JM1,6125,4480,False,validation
JM1,6126,5261,False,train
JM1,6127,5262,False,validation
JM1,6128,5263,False,train
JM1,6129,5264,False,train
JM1,6130,5265,False,train
JM1,6131,5266,False,validation
JM1,6132,5267,False,validation
JM1,6133,5268,False,test
JM1,6134,5269,False,test
JM1,6135,5270,False,train
JM1,6136,5271,False,test
JM1,6137,5272,False,train
JM1,6138,5273,False,train
JM1,6139,5274,False,test
JM1,6140,5275,False,train
JM1,6141,5276,False,train
JM1,6142,5277,False,train
JM1,6143,404,False,validation
JM1,6144,404,False,validation
JM1,6145,5278,False,train
JM1,6146,5279,False,test
JM1,6147,5280,False,train
JM1,6148,5281,False,validation
JM1,6149,5282,False,validation
JM1,6150,5283,False,validation
JM1,6151,5284,False,train
JM1,6152,5285,False,train
JM1,6153,5286,False,test
JM1,6154,5287,False,test
JM1,6155,5288,False,validation
JM1,6156,5289,False,test
JM1,6157,5290,False,train
JM1,6158,5291,False,validation
JM1,6159,5292,False,test
JM1,6160,5293,False,train
JM1,6161,5294,False,train
JM1,6162,5295,False,train
JM1,6163,5296,False,train
JM1,6164,5297,False,train
JM1,6165,714,False,validation
JM1,6166,5298,False,test
JM1,6167,5299,False,train
JM1,6168,5300,False,test
JM1,6169,5301,False,train
JM1,6170,5302,False,train
JM1,6171,5303,False,train
JM1,6172,5304,False,train
JM1,6173,5305,False,train
JM1,6174,5306,False,train
JM1,6175,5307,False,train
JM1,6176,5308,False,train
JM1,6177,5309,False,train
JM1,6178,5310,False,train
JM1,6179,5311,False,test
JM1,6180,5299,False,train
JM1,6181,5312,False,test
JM1,6182,5313,False,test
JM1,6183,5314,False,train
JM1,6184,5315,False,train
JM1,6185,362,False,train
JM1,6186,5316,False,validation
JM1,6187,5317,False,test
JM1,6188,5318,False,test
JM1,6189,5319,False,train
JM1,6190,5320,False,test
JM1,6191,5321,False,validation
JM1,6192,5322,False,train
JM1,6193,5323,False,train
JM1,6194,4839,False,train
JM1,6195,5324,False,validation
JM1,6196,5325,False,train
JM1,6197,5326,False,train
JM1,6198,5327,False,train
JM1,6199,5328,False,train
JM1,6200,2257,False,train
JM1,6201,680,False,train
JM1,6202,680,False,train
JM1,6203,5329,False,test
JM1,6204,5330,False,train
JM1,6205,5331,False,train
JM1,6206,714,False,validation
JM1,6207,714,False,validation
JM1,6208,755,False,train
JM1,6209,680,False,train
JM1,6210,5332,False,validation
JM1,6211,5333,False,test
JM1,6212,5334,False,train
JM1,6213,5335,False,test
JM1,6214,5336,False,train
JM1,6215,5337,False,train
JM1,6216,5338,False,test
JM1,6217,5339,False,train
JM1,6218,5340,False,train
JM1,6219,5341,False,test
JM1,6220,5342,False,train
JM1,6221,5343,False,train
JM1,6222,5344,False,train
JM1,6223,5345,False,train
JM1,6224,5346,False,train
JM1,6225,5347,False,validation
JM1,6226,5348,False,train
JM1,6227,151,False,validation
JM1,6228,3973,False,train
JM1,6229,5349,False,train
JM1,6230,5350,False,train
JM1,6231,5351,False,train
JM1,6232,5352,False,train
JM1,6233,5353,False,train
JM1,6234,5354,False,validation
JM1,6235,5349,False,train
JM1,6236,5355,False,validation
JM1,6237,5356,False,validation
JM1,6238,5357,False,train
JM1,6239,269,False,test
JM1,6240,269,False,test
JM1,6241,269,False,test
JM1,6242,269,False,test
JM1,6243,269,False,test
JM1,6244,5358,False,train
JM1,6245,5359,False,train
JM1,6246,835,False,train
JM1,6247,93,False,test
JM1,6248,5360,False,validation
JM1,6249,5361,False,test
JM1,6250,5362,False,train
JM1,6251,5363,False,test
JM1,6252,5364,False,test
JM1,6253,5365,False,test
JM1,6254,5366,False,train
JM1,6255,5367,False,validation
JM1,6256,5368,False,train
JM1,6257,5369,False,train
JM1,6258,5370,False,train
JM1,6259,5371,False,train
JM1,6260,5372,False,train
JM1,6261,5373,False,validation
JM1,6262,5374,False,train
JM1,6263,5375,False,train
JM1,6264,5376,False,test
JM1,6265,5377,False,validation
JM1,6266,5378,False,validation
JM1,6267,5379,False,train
JM1,6268,5006,False,train
JM1,6269,5380,False,test
JM1,6270,5381,False,train
JM1,6271,5382,False,train
JM1,6272,5383,False,validation
JM1,6273,5384,False,test
JM1,6274,5302,False,train
JM1,6275,5385,False,train
JM1,6276,5386,False,validation
JM1,6277,5000,False,test
JM1,6278,5305,False,train
JM1,6279,5001,False,test
JM1,6280,5387,False,train
JM1,6281,5388,False,test
JM1,6282,5389,False,test
JM1,6283,5002,False,train
JM1,6284,5390,False,test
JM1,6285,5391,False,train
JM1,6286,5392,False,test
JM1,6287,5393,False,test
JM1,6288,5394,False,validation
JM1,6289,5395,False,test
JM1,6290,5396,False,test
JM1,6291,5396,False,test
JM1,6292,5397,False,validation
JM1,6293,5398,False,train
JM1,6294,5399,False,train
JM1,6295,5400,False,validation
JM1,6296,5401,False,test
JM1,6297,5005,False,validation
JM1,6298,5402,False,train
JM1,6299,5403,False,train
JM1,6300,5404,False,train
JM1,6301,5405,False,test
JM1,6302,5406,False,test
JM1,6303,5407,False,train
JM1,6304,5408,False,train
JM1,6305,5409,False,test
JM1,6306,5410,False,train
JM1,6307,5411,False,train
JM1,6308,5006,False,train
JM1,6309,5412,False,train
JM1,6310,5413,False,train
JM1,6311,5007,False,validation
JM1,6312,5414,False,validation
JM1,6313,5415,False,train
JM1,6314,5416,False,test
JM1,6315,151,False,validation
JM1,6316,5417,False,train
JM1,6317,5418,False,test
JM1,6318,5419,False,train
JM1,6319,5420,False,test
JM1,6320,5421,False,validation
JM1,6321,5422,False,validation
JM1,6322,5423,False,train
JM1,6323,5424,False,train
JM1,6324,5425,False,train
JM1,6325,5426,False,train
JM1,6326,5427,False,train
JM1,6327,5428,False,train
JM1,6328,5429,False,train
JM1,6329,5430,False,test
JM1,6330,5431,False,train
JM1,6331,151,False,validation
JM1,6332,5432,False,train
JM1,6333,5433,False,train
JM1,6334,5434,False,test
JM1,6335,362,False,train
JM1,6336,5435,False,train
JM1,6337,5436,False,train
JM1,6338,5437,False,train
JM1,6339,5438,False,train
JM1,6340,5439,False,test
JM1,6341,151,False,validation
JM1,6342,835,False,train
JM1,6343,151,False,validation
JM1,6344,5440,False,validation
JM1,6345,5441,False,train
JM1,6346,151,False,validation
JM1,6347,151,False,validation
JM1,6348,5442,False,test
JM1,6349,5443,False,train
JM1,6350,5444,False,train
JM1,6351,5445,False,train
JM1,6352,5446,False,test
JM1,6353,5447,False,train
JM1,6354,5448,False,train
JM1,6355,5449,False,train
JM1,6356,5450,False,test
JM1,6357,404,False,validation
JM1,6358,5451,False,test
JM1,6359,5452,False,train
JM1,6360,5453,False,train
JM1,6361,5454,False,test
JM1,6362,5455,False,train
JM1,6363,5456,False,test
JM1,6364,151,False,validation
JM1,6365,151,False,validation
JM1,6366,5457,False,train
JM1,6367,5458,False,test
JM1,6368,5459,False,train
JM1,6369,5460,False,train
JM1,6370,4499,False,train
JM1,6371,5461,False,test
JM1,6372,5462,False,train
JM1,6373,5463,False,train
JM1,6374,5464,False,train
JM1,6375,5465,False,validation
JM1,6376,5466,False,test
JM1,6377,5467,False,validation
JM1,6378,269,False,test
JM1,6379,5468,False,train
JM1,6380,5469,False,validation
JM1,6381,5470,False,train
JM1,6382,5468,False,train
JM1,6383,5471,False,train
JM1,6384,5472,False,train
JM1,6385,5473,False,validation
JM1,6386,5474,False,test
JM1,6387,5475,False,test
JM1,6388,5476,False,train
JM1,6389,5477,False,test
JM1,6390,5478,False,train
JM1,6391,5479,False,train
JM1,6392,5470,False,train
JM1,6393,5480,False,train
JM1,6394,5481,False,train
JM1,6395,5482,False,train
JM1,6396,4763,False,train
JM1,6397,5483,False,validation
JM1,6398,4763,False,train
JM1,6399,151,False,validation
JM1,6400,5484,False,validation
JM1,6401,5485,False,validation
JM1,6402,5486,False,train
JM1,6403,5487,False,validation
JM1,6404,5488,False,validation
JM1,6405,5489,False,train
JM1,6406,5490,False,test
JM1,6407,5491,False,train
JM1,6408,5492,False,train
JM1,6409,5493,False,validation
JM1,6410,2214,False,train
JM1,6411,5494,False,train
JM1,6412,5495,False,train
JM1,6413,5496,False,train
JM1,6414,5497,False,validation
JM1,6415,5498,False,validation
JM1,6416,5499,False,validation
JM1,6417,5500,False,test
JM1,6418,3687,False,train
JM1,6419,5501,False,train
JM1,6420,5502,False,train
JM1,6421,5503,False,train
JM1,6422,5504,False,validation
JM1,6423,3579,False,test
JM1,6424,5505,False,test
JM1,6425,5506,False,train
JM1,6426,5507,False,train
JM1,6427,5508,False,validation
JM1,6428,5509,False,train
JM1,6429,5510,False,train
JM1,6430,5511,False,train
JM1,6431,5512,False,validation
JM1,6432,5513,False,train
JM1,6433,5514,False,train
JM1,6434,5515,False,train
JM1,6435,5516,False,test
JM1,6436,5517,False,validation
JM1,6437,2386,False,validation
JM1,6438,4547,False,validation
JM1,6439,5518,False,train
JM1,6440,5461,False,test
JM1,6441,5519,False,train
JM1,6442,5520,False,train
JM1,6443,2218,False,train
JM1,6444,524,False,train
JM1,6445,5521,False,test
JM1,6446,5522,False,train
JM1,6447,5523,False,test
JM1,6448,5524,False,train
JM1,6449,5525,False,test
JM1,6450,5526,False,test
JM1,6451,5527,False,train
JM1,6452,5528,False,test
JM1,6453,5529,False,train
JM1,6454,5530,False,validation
JM1,6455,5531,False,train
JM1,6456,5532,False,train
JM1,6457,5533,False,validation
JM1,6458,5534,False,validation
JM1,6459,5535,False,train
JM1,6460,5536,False,train
JM1,6461,5537,False,train
JM1,6462,5538,False,test
JM1,6463,5539,False,validation
JM1,6464,5540,False,test
JM1,6465,5541,False,test
JM1,6466,5542,False,train
JM1,6467,5543,False,validation
JM1,6468,5544,False,test
JM1,6469,3376,False,validation
JM1,6470,3376,False,validation
JM1,6471,5545,False,train
JM1,6472,2277,False,train
JM1,6473,5546,False,test
JM1,6474,2446,False,test
JM1,6475,2446,False,test
JM1,6476,5547,False,train
JM1,6477,5548,False,train
JM1,6478,5549,False,train
JM1,6479,5550,False,train
JM1,6480,2277,False,train
JM1,6481,2277,False,train
JM1,6482,5551,False,train
JM1,6483,5552,False,validation
JM1,6484,2277,False,train
JM1,6485,5546,False,test
JM1,6486,2277,False,train
JM1,6487,5553,False,train
JM1,6488,5554,False,train
JM1,6489,5555,False,train
JM1,6490,5556,False,train
JM1,6491,5557,False,train
JM1,6492,5558,False,train
JM1,6493,5559,False,train
JM1,6494,5560,False,train
JM1,6495,5561,False,train
JM1,6496,1601,False,train
JM1,6497,5562,False,train
JM1,6498,5563,False,validation
JM1,6499,5564,False,train
JM1,6500,5565,False,train
JM1,6501,5566,False,train
JM1,6502,5567,False,train
JM1,6503,5568,False,validation
JM1,6504,5569,False,train
JM1,6505,5570,False,train
JM1,6506,5571,False,test
JM1,6507,5572,False,train
JM1,6508,4272,False,train
JM1,6509,5573,False,train
JM1,6510,5574,False,train
JM1,6511,5575,False,train
JM1,6512,5576,False,train
JM1,6513,5577,False,train
JM1,6514,5578,False,train
JM1,6515,5579,False,train
JM1,6516,2170,False,train
JM1,6517,5580,False,test
JM1,6518,5581,False,test
JM1,6519,5582,False,train
JM1,6520,5583,False,validation
JM1,6521,5583,False,validation
JM1,6522,362,False,train
JM1,6523,5584,False,train
JM1,6524,5585,False,train
JM1,6525,5586,False,train
JM1,6526,5587,False,test
JM1,6527,5588,False,test
JM1,6528,5589,False,test
JM1,6529,5590,False,validation
JM1,6530,5591,False,train
JM1,6531,5592,False,train
JM1,6532,362,False,train
JM1,6533,5593,False,validation
JM1,6534,5594,False,train
JM1,6535,5595,False,train
JM1,6536,5596,False,train
JM1,6537,668,False,validation
JM1,6538,2103,False,train
JM1,6539,5597,False,validation
JM1,6540,5598,False,train
JM1,6541,5599,False,train
JM1,6542,5599,False,train
JM1,6543,5600,False,validation
JM1,6544,3507,False,train
JM1,6545,5601,False,validation
JM1,6546,2450,False,validation
JM1,6547,407,False,train
JM1,6548,5602,False,train
JM1,6549,5603,False,train
JM1,6550,5604,False,train
JM1,6551,5605,False,train
JM1,6552,5606,False,train
JM1,6553,5607,False,train
JM1,6554,5608,False,validation
JM1,6555,5609,False,train
JM1,6556,5610,False,train
JM1,6557,5610,False,train
JM1,6558,5610,False,train
JM1,6559,5611,False,train
JM1,6560,362,False,train
JM1,6561,5612,False,train
JM1,6562,5613,False,train
JM1,6563,5614,False,train
JM1,6564,5615,False,train
JM1,6565,5616,False,test
JM1,6566,5617,False,train
JM1,6567,5618,False,train
JM1,6568,5619,False,test
JM1,6569,5620,False,train
JM1,6570,5621,False,test
JM1,6571,5622,False,validation
JM1,6572,5623,False,train
JM1,6573,5624,False,train
JM1,6574,5624,False,train
JM1,6575,5625,False,train
JM1,6576,5626,False,validation
JM1,6577,5627,False,train
JM1,6578,5628,False,validation
JM1,6579,5629,False,train
JM1,6580,2938,False,train
JM1,6581,5630,False,train
JM1,6582,5631,False,test
JM1,6583,4351,False,train
JM1,6584,5632,False,train
JM1,6585,5633,False,validation
JM1,6586,2143,False,train
JM1,6587,5634,False,validation
JM1,6588,5635,False,train
JM1,6589,5636,False,train
JM1,6590,5637,False,train
JM1,6591,5638,False,validation
JM1,6592,5639,False,test
JM1,6593,5640,False,test
JM1,6594,5619,False,test
JM1,6595,5641,False,train
JM1,6596,5626,False,validation
JM1,6597,5642,False,train
JM1,6598,5643,False,train
JM1,6599,5644,False,train
JM1,6600,3122,False,train
JM1,6601,755,False,train
JM1,6602,5645,False,test
JM1,6603,5646,False,train
JM1,6604,5647,False,train
JM1,6605,5648,False,train
JM1,6606,5649,False,train
JM1,6607,5650,False,train
JM1,6608,5651,False,train
JM1,6609,5652,False,train
JM1,6610,3496,False,train
JM1,6611,5653,False,test
JM1,6612,5654,False,train
JM1,6613,5655,False,train
JM1,6614,2723,False,train
JM1,6615,5656,False,train
JM1,6616,2595,False,train
JM1,6617,5657,False,test
JM1,6618,5658,False,validation
JM1,6619,5659,False,train
JM1,6620,1107,False,validation
JM1,6621,151,False,validation
JM1,6622,5660,False,train
JM1,6623,151,False,validation
JM1,6624,5661,False,train
JM1,6625,5661,False,train
JM1,6626,5662,False,train
JM1,6627,5663,False,test
JM1,6628,5664,False,train
JM1,6629,5665,False,train
JM1,6630,5666,False,train
JM1,6631,5667,False,test
JM1,6632,5668,False,train
JM1,6633,5669,False,train
JM1,6634,362,False,train
JM1,6635,5670,False,train
JM1,6636,5661,False,train
JM1,6637,5671,False,train
JM1,6638,5672,False,validation
JM1,6639,5673,False,train
JM1,6640,5674,False,test
JM1,6641,5675,False,train
JM1,6642,5672,False,validation
JM1,6643,5676,False,validation
JM1,6644,5677,False,train
JM1,6645,362,False,train
JM1,6646,362,False,train
JM1,6647,362,False,train
JM1,6648,362,False,train
JM1,6649,362,False,train
JM1,6650,362,False,train
JM1,6651,362,False,train
JM1,6652,362,False,train
JM1,6653,362,False,train
JM1,6654,362,False,train
JM1,6655,362,False,train
JM1,6656,362,False,train
JM1,6657,362,False,train
JM1,6658,362,False,train
JM1,6659,362,False,train
JM1,6660,362,False,train
JM1,6661,362,False,train
JM1,6662,5678,False,train
JM1,6663,5679,False,test
JM1,6664,812,False,train
JM1,6665,5680,False,test
JM1,6666,5681,False,train
JM1,6667,5682,False,train
JM1,6668,362,False,train
JM1,6669,362,False,train
JM1,6670,5657,False,test
JM1,6671,4336,False,validation
JM1,6672,2239,False,train
JM1,6673,362,False,train
JM1,6674,2938,False,train
JM1,6675,5683,False,train
JM1,6676,5684,False,train
JM1,6677,2959,False,test
JM1,6678,5685,False,train
JM1,6679,3460,False,test
JM1,6680,5686,False,validation
JM1,6681,5687,False,test
JM1,6682,5688,False,test
JM1,6683,5689,False,train
JM1,6684,5690,False,test
JM1,6685,5691,False,train
JM1,6686,682,False,validation
JM1,6687,682,False,validation
JM1,6688,5692,False,test
JM1,6689,151,False,validation
JM1,6690,2239,False,train
JM1,6691,151,False,validation
JM1,6692,4403,False,train
JM1,6693,3496,False,train
JM1,6694,5693,False,validation
JM1,6695,362,False,train
JM1,6696,5694,False,train
JM1,6697,5695,False,train
JM1,6698,5695,False,train
JM1,6699,5696,False,validation
JM1,6700,5697,False,validation
JM1,6701,5698,False,train
JM1,6702,5699,False,train
JM1,6703,5700,False,test
JM1,6704,5701,False,train
JM1,6705,362,False,train
JM1,6706,5702,False,train
JM1,6707,5703,False,train
JM1,6708,5704,False,train
JM1,6709,5705,False,train
JM1,6710,5706,False,test
JM1,6711,5707,False,test
JM1,6712,5708,False,train
JM1,6713,2723,False,train
JM1,6714,5709,False,train
JM1,6715,5710,False,test
JM1,6716,5711,False,validation
JM1,6717,5712,False,train
JM1,6718,5713,False,test
JM1,6719,5714,False,train
JM1,6720,5715,False,train
JM1,6721,5716,False,test
JM1,6722,5717,False,train
JM1,6723,5718,False,train
JM1,6724,5719,False,test
JM1,6725,5720,False,train
JM1,6726,5721,False,test
JM1,6727,5722,False,train
JM1,6728,5723,False,train
JM1,6729,5724,False,train
JM1,6730,5725,False,train
JM1,6731,835,False,train
JM1,6732,1553,False,train
JM1,6733,5726,False,train
JM1,6734,5727,False,validation
JM1,6735,5728,False,train
JM1,6736,5729,False,train
JM1,6737,5730,False,train
JM1,6738,5731,False,train
JM1,6739,5732,False,train
JM1,6740,5733,False,validation
JM1,6741,2358,False,train
JM1,6742,3074,False,validation
JM1,6743,5734,False,validation
JM1,6744,151,False,validation
JM1,6745,5735,False,test
JM1,6746,5736,False,train
JM1,6747,5737,False,validation
JM1,6748,5738,False,train
JM1,6749,5739,False,train
JM1,6750,5740,False,validation
JM1,6751,5741,False,test
JM1,6752,5742,False,test
JM1,6753,5743,False,train
JM1,6754,5744,False,train
JM1,6755,5743,False,train
JM1,6756,5745,False,train
JM1,6757,5744,False,train
JM1,6758,835,False,train
JM1,6759,5746,False,validation
JM1,6760,5747,False,validation
JM1,6761,5748,False,validation
JM1,6762,5749,False,train
JM1,6763,524,False,train
JM1,6764,2214,False,train
JM1,6765,5750,False,train
JM1,6766,5751,False,train
JM1,6767,5752,False,validation
JM1,6768,835,False,train
JM1,6769,835,False,train
JM1,6770,2923,False,train
JM1,6771,5753,False,train
JM1,6772,835,False,train
JM1,6773,5754,False,train
JM1,6774,5755,False,train
JM1,6775,5756,False,test
JM1,6776,5757,False,validation
JM1,6777,5758,False,train
JM1,6778,835,False,train
JM1,6779,5759,False,train
JM1,6780,5760,False,train
JM1,6781,5761,False,train
JM1,6782,5762,False,test
JM1,6783,5763,False,train
JM1,6784,5764,False,train
JM1,6785,5765,False,validation
JM1,6786,5766,False,validation
JM1,6787,5767,False,test
JM1,6788,5768,False,validation
JM1,6789,5769,False,validation
JM1,6790,5770,False,train
JM1,6791,5771,False,train
JM1,6792,2124,False,validation
JM1,6793,5772,False,train
JM1,6794,5773,False,validation
JM1,6795,5774,False,validation
JM1,6796,5775,False,train
JM1,6797,5776,False,train
JM1,6798,5777,False,train
JM1,6799,5778,False,train
JM1,6800,5779,False,train
JM1,6801,5780,False,validation
JM1,6802,5781,False,validation
JM1,6803,4241,False,train
JM1,6804,835,False,train
JM1,6805,5782,False,validation
JM1,6806,5783,False,validation
JM1,6807,5784,False,test
JM1,6808,5785,False,train
JM1,6809,5786,False,train
JM1,6810,5787,False,test
JM1,6811,5788,False,train
JM1,6812,5789,False,train
JM1,6813,5094,False,train
JM1,6814,5790,False,train
JM1,6815,5055,False,train
JM1,6816,5791,False,test
JM1,6817,5792,False,train
JM1,6818,5793,False,train
JM1,6819,5055,False,train
JM1,6820,5794,False,test
JM1,6821,5795,False,test
JM1,6822,5796,False,train
JM1,6823,5797,False,train
JM1,6824,5798,False,test
JM1,6825,5799,False,train
JM1,6826,5800,False,validation
JM1,6827,5801,False,train
JM1,6828,5802,False,train
JM1,6829,5803,False,train
JM1,6830,5804,False,train
JM1,6831,5805,False,train
JM1,6832,5806,False,train
JM1,6833,5807,False,test
JM1,6834,5808,False,train
JM1,6835,5809,False,train
JM1,6836,5810,False,train
JM1,6837,4499,False,train
JM1,6838,5811,False,validation
JM1,6839,5812,False,train
JM1,6840,5813,False,validation
JM1,6841,5814,False,train
JM1,6842,5815,False,train
JM1,6843,5816,False,train
JM1,6844,5817,False,train
JM1,6845,5818,False,train
JM1,6846,5819,False,train
JM1,6847,5820,False,test
JM1,6848,5821,False,train
JM1,6849,5822,False,train
JM1,6850,2723,False,train
JM1,6851,5823,False,train
JM1,6852,5824,False,train
JM1,6853,5824,False,train
JM1,6854,5825,False,validation
JM1,6855,5826,False,train
JM1,6856,5827,False,train
JM1,6857,5828,False,test
JM1,6858,5829,False,validation
JM1,6859,5830,False,validation
JM1,6860,5831,False,train
JM1,6861,5832,False,train
JM1,6862,5833,False,train
JM1,6863,5834,False,test
JM1,6864,5835,False,train
JM1,6865,5836,False,train
JM1,6866,5837,False,validation
JM1,6867,5838,False,train
JM1,6868,5839,False,train
JM1,6869,5840,False,train
JM1,6870,5841,False,validation
JM1,6871,5841,False,validation
JM1,6872,5842,False,train
JM1,6873,5843,False,train
JM1,6874,2925,False,validation
JM1,6875,5844,False,test
JM1,6876,5845,False,validation
JM1,6877,5846,False,train
JM1,6878,5847,False,train
JM1,6879,5848,False,train
JM1,6880,5849,False,train
JM1,6881,3893,False,train
JM1,6882,3893,False,train
JM1,6883,1774,False,validation
JM1,6884,5850,False,train
JM1,6885,5851,False,train
JM1,6886,3119,False,validation
JM1,6887,5852,False,validation
JM1,6888,819,False,validation
JM1,6889,5853,False,train
JM1,6890,5854,False,train
JM1,6891,5855,False,train
JM1,6892,5856,False,train
JM1,6893,5857,False,test
JM1,6894,5858,False,train
JM1,6895,5859,False,train
JM1,6896,5860,False,train
JM1,6897,5861,False,train
JM1,6898,5862,False,train
JM1,6899,5863,False,train
JM1,6900,5864,False,train
JM1,6901,151,False,validation
JM1,6902,5865,False,train
JM1,6903,5866,False,train
JM1,6904,835,False,train
JM1,6905,5867,False,test
JM1,6906,5868,False,train
JM1,6907,5869,False,test
JM1,6908,5870,False,train
JM1,6909,4418,False,train
JM1,6910,5871,False,train
JM1,6911,5872,False,train
JM1,6912,5873,False,train
JM1,6913,5874,False,train
JM1,6914,5875,False,train
JM1,6915,5876,False,validation
JM1,6916,5877,False,validation
JM1,6917,5878,False,validation
JM1,6918,5879,False,train
JM1,6919,5880,False,validation
JM1,6920,5881,False,train
JM1,6921,5882,False,train
JM1,6922,5883,False,train
JM1,6923,5884,False,train
JM1,6924,5885,False,train
JM1,6925,5886,False,train
JM1,6926,2832,False,validation
JM1,6927,5887,False,test
JM1,6928,5888,False,train
JM1,6929,5889,False,train
JM1,6930,5890,False,train
JM1,6931,5891,False,validation
JM1,6932,5892,False,train
JM1,6933,5893,False,train
JM1,6934,5894,False,train
JM1,6935,5895,False,train
JM1,6936,5896,False,test
JM1,6937,3340,False,test
JM1,6938,2239,False,train
JM1,6939,5897,False,train
JM1,6940,5898,False,train
JM1,6941,5899,False,train
JM1,6942,5900,False,train
JM1,6943,5901,False,train
JM1,6944,5902,False,validation
JM1,6945,5903,False,train
JM1,6946,5904,False,train
JM1,6947,3893,False,train
JM1,6948,5905,False,train
JM1,6949,5906,False,test
JM1,6950,5907,False,validation
JM1,6951,5908,False,train
JM1,6952,5909,False,train
JM1,6953,332,False,train
JM1,6954,5910,False,train
JM1,6955,5911,False,train
JM1,6956,5912,False,train
JM1,6957,5913,False,test
JM1,6958,5914,False,train
JM1,6959,5915,False,train
JM1,6960,5916,False,train
JM1,6961,2166,False,train
JM1,6962,5917,False,validation
JM1,6963,5918,False,test
JM1,6964,5919,False,train
JM1,6965,5920,False,train
JM1,6966,5921,False,train
JM1,6967,5921,False,train
JM1,6968,5922,False,train
JM1,6969,5923,False,train
JM1,6970,5924,False,validation
JM1,6971,5925,False,test
JM1,6972,5926,False,train
JM1,6973,5927,False,test
JM1,6974,5928,False,validation
JM1,6975,5928,False,validation
JM1,6976,5922,False,train
JM1,6977,5929,False,train
JM1,6978,5930,False,train
JM1,6979,5931,False,test
JM1,6980,5932,False,train
JM1,6981,5933,False,train
JM1,6982,5934,False,validation
JM1,6983,5935,False,test
JM1,6984,5936,False,validation
JM1,6985,5937,False,test
JM1,6986,5938,False,validation
JM1,6987,5939,False,validation
JM1,6988,5940,False,validation
JM1,6989,5941,False,train
JM1,6990,5942,False,train
JM1,6991,5943,False,validation
JM1,6992,5944,False,test
JM1,6993,5945,False,validation
JM1,6994,5946,False,validation
JM1,6995,5947,False,train
JM1,6996,5948,False,train
JM1,6997,1553,False,train
JM1,6998,5949,False,train
JM1,6999,714,False,validation
JM1,7000,5950,False,train
JM1,7001,5951,False,test
JM1,7002,5952,False,train
JM1,7003,5953,False,train
JM1,7004,5954,False,train
JM1,7005,5955,False,validation
JM1,7006,5956,False,train
JM1,7007,5957,False,train
JM1,7008,5958,False,test
JM1,7009,5959,False,train
JM1,7010,5960,False,validation
JM1,7011,5961,False,train
JM1,7012,5962,False,test
JM1,7013,5961,False,train
JM1,7014,5963,False,validation
JM1,7015,5964,False,train
JM1,7016,5965,False,test
JM1,7017,5966,False,train
JM1,7018,5966,False,train
JM1,7019,5966,False,train
JM1,7020,5966,False,train
JM1,7021,5967,False,train
JM1,7022,5965,False,test
JM1,7023,5966,False,train
JM1,7024,5967,False,train
JM1,7025,5965,False,test
JM1,7026,5968,False,train
JM1,7027,5966,False,train
JM1,7028,5969,False,validation
JM1,7029,5970,False,train
JM1,7030,5971,False,test
JM1,7031,5972,False,train
JM1,7032,5972,False,train
JM1,7033,5973,False,test
JM1,7034,5974,False,train
JM1,7035,5975,False,validation
JM1,7036,5976,False,validation
JM1,7037,2923,False,train
JM1,7038,5977,False,test
JM1,7039,5978,False,train
JM1,7040,5979,False,train
JM1,7041,5980,False,validation
JM1,7042,5981,False,train
JM1,7043,5982,False,train
JM1,7044,5983,False,validation
JM1,7045,5981,False,train
JM1,7046,5984,False,train
JM1,7047,5985,False,train
JM1,7048,5986,False,test
JM1,7049,5987,False,train
JM1,7050,5988,False,train
JM1,7051,5989,False,test
JM1,7052,5990,False,validation
JM1,7053,5991,False,validation
JM1,7054,3526,False,validation
JM1,7055,5992,False,train
JM1,7056,835,False,train
JM1,7057,5993,False,validation
JM1,7058,5994,False,train
JM1,7059,5995,False,train
JM1,7060,5996,False,train
JM1,7061,5997,False,train
JM1,7062,5998,False,train
JM1,7063,5999,False,validation
JM1,7064,6000,False,train
JM1,7065,6001,False,test
JM1,7066,6002,False,train
JM1,7067,6003,False,train
JM1,7068,6004,False,train
JM1,7069,6005,False,test
JM1,7070,6006,False,train
JM1,7071,6007,False,train
JM1,7072,1331,False,test
JM1,7073,6008,False,test
JM1,7074,6009,False,train
JM1,7075,6010,False,validation
JM1,7076,6011,False,test
JM1,7077,6012,False,train
JM1,7078,6013,False,validation
JM1,7079,6014,False,test
JM1,7080,6015,False,train
JM1,7081,6016,False,train
JM1,7082,6017,False,validation
JM1,7083,6018,False,train
JM1,7084,6019,False,train
JM1,7085,6020,False,train
JM1,7086,6021,False,train
JM1,7087,6022,False,train
JM1,7088,6023,False,test
JM1,7089,6024,False,validation
JM1,7090,6025,False,train
JM1,7091,6026,False,train
JM1,7092,6027,False,train
JM1,7093,6028,False,train
JM1,7094,6029,False,train
JM1,7095,6030,False,train
JM1,7096,6031,False,validation
JM1,7097,6032,False,train
JM1,7098,6033,False,train
JM1,7099,6034,False,test
JM1,7100,6035,False,validation
JM1,7101,6036,False,train
JM1,7102,6037,False,train
JM1,7103,6038,False,train
JM1,7104,6039,False,train
JM1,7105,6040,False,validation
JM1,7106,6041,False,test
JM1,7107,6042,False,train
JM1,7108,6043,False,validation
JM1,7109,6044,False,validation
JM1,7110,6045,False,train
JM1,7111,6046,False,train
JM1,7112,6047,False,train
JM1,7113,835,False,train
JM1,7114,6048,False,validation
JM1,7115,6049,False,validation
JM1,7116,6050,False,test
JM1,7117,835,False,train
JM1,7118,835,False,train
JM1,7119,6051,False,test
JM1,7120,835,False,train
JM1,7121,6052,False,validation
JM1,7122,6053,False,validation
JM1,7123,6054,False,train
JM1,7124,6055,False,train
JM1,7125,6056,False,train
JM1,7126,6057,False,validation
JM1,7127,6058,False,train
JM1,7128,6059,False,test
JM1,7129,6060,False,validation
JM1,7130,6061,False,test
JM1,7131,6062,False,validation
JM1,7132,6063,False,train
JM1,7133,6064,False,test
JM1,7134,6065,False,train
JM1,7135,6066,False,train
JM1,7136,6067,False,test
JM1,7137,6068,False,train
JM1,7138,6069,False,train
JM1,7139,6070,False,validation
JM1,7140,6071,False,validation
JM1,7141,6072,False,train
JM1,7142,6073,False,train
JM1,7143,6074,False,validation
JM1,7144,6075,False,test
JM1,7145,6076,False,test
JM1,7146,362,False,train
JM1,7147,6077,False,train
JM1,7148,6078,False,test
JM1,7149,6079,False,train
JM1,7150,6080,False,test
JM1,7151,6081,False,train
JM1,7152,6082,False,test
JM1,7153,6083,False,train
JM1,7154,6084,False,train
JM1,7155,6085,False,train
JM1,7156,6040,False,validation
JM1,7157,6086,False,test
JM1,7158,6087,False,test
JM1,7159,6088,False,validation
JM1,7160,6089,False,train
JM1,7161,3875,False,test
JM1,7162,6090,False,test
JM1,7163,6091,False,train
JM1,7164,6092,False,train
JM1,7165,6093,False,train
JM1,7166,6040,False,validation
JM1,7167,6094,False,test
JM1,7168,6071,False,validation
JM1,7169,6095,False,train
JM1,7170,6096,False,train
JM1,7171,6097,False,train
JM1,7172,6098,False,train
JM1,7173,3875,False,test
JM1,7174,3875,False,test
JM1,7175,3875,False,test
JM1,7176,6099,False,train
JM1,7177,3875,False,test
JM1,7178,6100,False,test
JM1,7179,6101,False,train
JM1,7180,6102,False,test
JM1,7181,6103,False,train
JM1,7182,6104,False,train
JM1,7183,2938,False,train
JM1,7184,6105,False,train
JM1,7185,3954,False,validation
JM1,7186,6106,False,train
JM1,7187,6107,False,validation
JM1,7188,6108,False,test
JM1,7189,4050,False,train
JM1,7190,6109,False,train
JM1,7191,6110,False,train
JM1,7192,6111,False,validation
JM1,7193,6112,False,train
JM1,7194,6113,False,train
JM1,7195,6114,False,test
JM1,7196,6115,False,test
JM1,7197,6116,False,train
JM1,7198,6117,False,train
JM1,7199,1002,False,train
JM1,7200,6118,False,train
JM1,7201,6119,False,test
JM1,7202,6120,False,validation
JM1,7203,6121,False,test
JM1,7204,6122,False,test
JM1,7205,6123,False,validation
JM1,7206,6124,False,train
JM1,7207,6125,False,train
JM1,7208,6126,False,validation
JM1,7209,6127,False,train
JM1,7210,6128,False,train
JM1,7211,6129,False,test
JM1,7212,6130,False,test
JM1,7213,6131,False,validation
JM1,7214,6127,False,train
JM1,7215,6132,False,test
JM1,7216,6133,False,train
JM1,7217,6134,False,train
JM1,7218,6135,False,test
JM1,7219,6136,False,train
JM1,7220,6135,False,test
JM1,7221,6135,False,test
JM1,7222,6137,False,train
JM1,7223,6133,False,train
JM1,7224,6138,False,train
JM1,7225,6139,False,validation
JM1,7226,6140,False,train
JM1,7227,6141,False,train
JM1,7228,6133,False,train
JM1,7229,6142,False,train
JM1,7230,6143,False,test
JM1,7231,6144,False,validation
JM1,7232,6145,False,train
JM1,7233,6146,False,test
JM1,7234,6147,False,train
JM1,7235,6127,False,train
JM1,7236,6148,False,train
JM1,7237,6149,False,validation
JM1,7238,6150,False,test
JM1,7239,6151,False,validation
JM1,7240,6152,False,test
JM1,7241,6153,False,validation
JM1,7242,6154,False,train
JM1,7243,5302,False,train
JM1,7244,6155,False,train
JM1,7245,6156,False,test
JM1,7246,5305,False,train
JM1,7247,6157,False,train
JM1,7248,5307,False,train
JM1,7249,6158,False,validation
JM1,7250,6159,False,train
JM1,7251,6160,False,train
JM1,7252,6161,False,train
JM1,7253,5310,False,train
JM1,7254,6152,False,test
JM1,7255,6162,False,test
JM1,7256,6163,False,train
JM1,7257,6164,False,train
JM1,7258,6165,False,train
JM1,7259,6166,False,validation
JM1,7260,6167,False,train
JM1,7261,6168,False,train
JM1,7262,6169,False,test
JM1,7263,6170,False,train
JM1,7264,6171,False,test
JM1,7265,6172,False,train
JM1,7266,6173,False,train
JM1,7267,6174,False,train
JM1,7268,2895,False,test
JM1,7269,6175,False,validation
JM1,7270,6176,False,train
JM1,7271,6177,False,train
JM1,7272,6178,False,test
JM1,7273,6179,False,train
JM1,7274,1143,False,train
JM1,7275,6180,False,validation
JM1,7276,1143,False,train
JM1,7277,6181,False,train
JM1,7278,6182,False,train
JM1,7279,6183,False,train
JM1,7280,6184,False,validation
JM1,7281,6185,False,validation
JM1,7282,6186,False,test
JM1,7283,6187,False,test
JM1,7284,362,False,train
JM1,7285,6188,False,validation
JM1,7286,6189,False,train
JM1,7287,6190,False,train
JM1,7288,6191,False,train
JM1,7289,6192,False,validation
JM1,7290,6193,False,test
JM1,7291,6194,False,train
JM1,7292,6195,False,train
JM1,7293,6196,False,validation
JM1,7294,6197,False,validation
JM1,7295,6195,False,train
JM1,7296,6198,False,validation
JM1,7297,6199,False,train
JM1,7298,6200,False,train
JM1,7299,6201,False,train
JM1,7300,6202,False,train
JM1,7301,6203,False,train
JM1,7302,6204,False,train
JM1,7303,6205,False,test
JM1,7304,6206,False,validation
JM1,7305,6207,False,train
JM1,7306,6207,False,train
JM1,7307,6207,False,train
JM1,7308,6208,False,train
JM1,7309,6207,False,train
JM1,7310,6209,False,train
JM1,7311,6207,False,train
JM1,7312,6207,False,train
JM1,7313,6210,False,train
JM1,7314,6210,False,train
JM1,7315,6211,False,train
JM1,7316,6212,False,test
JM1,7317,6213,False,train
JM1,7318,6214,False,train
JM1,7319,6215,False,train
JM1,7320,540,False,train
JM1,7321,6216,False,train
JM1,7322,6217,False,train
JM1,7323,6218,False,train
JM1,7324,6219,False,train
JM1,7325,540,False,train
JM1,7326,6220,False,test
JM1,7327,2257,False,train
JM1,7328,6221,False,test
JM1,7329,6222,False,validation
JM1,7330,6223,False,train
JM1,7331,6222,False,validation
JM1,7332,6222,False,validation
JM1,7333,6221,False,test
JM1,7334,6224,False,train
JM1,7335,6225,False,train
JM1,7336,6226,False,test
JM1,7337,755,False,train
JM1,7338,6227,False,train
JM1,7339,6228,False,train
JM1,7340,6229,False,test
JM1,7341,3412,False,train
JM1,7342,6230,False,train
JM1,7343,6231,False,train
JM1,7344,6232,False,train
JM1,7345,6233,False,test
JM1,7346,6234,False,train
JM1,7347,6235,False,train
JM1,7348,6236,False,train
JM1,7349,6237,False,validation
JM1,7350,6238,False,train
JM1,7351,6239,False,train
JM1,7352,6240,False,train
JM1,7353,6241,False,test
JM1,7354,6242,False,test
JM1,7355,6243,False,validation
JM1,7356,6244,False,test
JM1,7357,6245,False,train
JM1,7358,6246,False,train
JM1,7359,6247,False,train
JM1,7360,6248,False,train
JM1,7361,6249,False,train
JM1,7362,6239,False,train
JM1,7363,6250,False,train
JM1,7364,6251,False,train
JM1,7365,6252,False,validation
JM1,7366,6253,False,train
JM1,7367,6254,False,train
JM1,7368,6255,False,train
JM1,7369,6256,False,test
JM1,7370,6257,False,train
JM1,7371,6258,False,train
JM1,7372,6259,False,train
JM1,7373,6260,False,train
JM1,7374,6260,False,train
JM1,7375,6261,False,train
JM1,7376,6262,False,train
JM1,7377,6263,False,train
JM1,7378,6264,False,train
JM1,7379,6265,False,validation
JM1,7380,6266,False,train
JM1,7381,6267,False,train
JM1,7382,790,False,train
JM1,7383,6268,False,test
JM1,7384,6269,False,train
JM1,7385,6224,False,train
JM1,7386,6270,False,validation
JM1,7387,6271,False,train
JM1,7388,6272,False,train
JM1,7389,6273,False,train
JM1,7390,6274,False,test
JM1,7391,6275,False,validation
JM1,7392,6276,False,train
JM1,7393,6277,False,train
JM1,7394,6278,False,train
JM1,7395,6279,False,train
JM1,7396,6280,False,train
JM1,7397,6281,False,train
JM1,7398,6282,False,train
JM1,7399,6283,False,train
JM1,7400,6284,False,validation
JM1,7401,6285,False,test
JM1,7402,6286,False,validation
JM1,7403,6286,False,validation
JM1,7404,755,False,train
JM1,7405,6287,False,train
JM1,7406,6288,False,test
JM1,7407,6272,False,train
JM1,7408,6272,False,train
JM1,7409,6289,False,train
JM1,7410,6288,False,test
JM1,7411,6290,False,train
JM1,7412,6291,False,validation
JM1,7413,6292,False,train
JM1,7414,6293,False,train
JM1,7415,6294,False,train
JM1,7416,6295,False,validation
JM1,7417,6296,False,validation
JM1,7418,6297,False,train
JM1,7419,6298,False,train
JM1,7420,6299,False,validation
JM1,7421,6300,False,validation
JM1,7422,6300,False,validation
JM1,7423,6288,False,test
JM1,7424,6288,False,test
JM1,7425,6300,False,validation
JM1,7426,6288,False,test
JM1,7427,6301,False,train
JM1,7428,6302,False,validation
JM1,7429,6303,False,train
JM1,7430,6304,False,test
JM1,7431,6305,False,train
JM1,7432,6306,False,train
JM1,7433,6307,False,test
JM1,7434,6308,False,test
JM1,7435,6309,False,train
JM1,7436,6310,False,train
JM1,7437,6311,False,validation
JM1,7438,6312,False,train
JM1,7439,6313,False,train
JM1,7440,6314,False,train
JM1,7441,6315,False,train
JM1,7442,6282,False,train
JM1,7443,6316,False,validation
JM1,7444,6317,False,train
JM1,7445,755,False,train
JM1,7446,6318,False,validation
JM1,7447,6319,False,validation
JM1,7448,6320,False,validation
JM1,7449,6321,False,train
JM1,7450,3412,False,train
JM1,7451,6322,False,train
JM1,7452,6323,False,train
JM1,7453,6324,False,test
JM1,7454,6209,False,train
JM1,7455,6209,False,train
JM1,7456,6295,False,validation
JM1,7457,6325,False,train
JM1,7458,6326,False,train
JM1,7459,6209,False,train
JM1,7460,6327,False,train
JM1,7461,6328,False,train
JM1,7462,6329,False,train
JM1,7463,790,False,train
JM1,7464,6282,False,train
JM1,7465,1354,False,train
JM1,7466,790,False,train
JM1,7467,6330,False,train
JM1,7468,6331,False,validation
JM1,7469,6332,False,train
JM1,7470,6333,False,test
JM1,7471,6334,False,validation
JM1,7472,151,False,validation
JM1,7473,151,False,validation
JM1,7474,6335,False,train
JM1,7475,6336,False,train
JM1,7476,6282,False,train
JM1,7477,6282,False,train
JM1,7478,6282,False,train
JM1,7479,6337,False,train
JM1,7480,6338,False,train
JM1,7481,6209,False,train
JM1,7482,6339,False,train
JM1,7483,6340,False,train
JM1,7484,6341,False,validation
JM1,7485,6210,False,train
JM1,7486,6288,False,test
JM1,7487,6288,False,test
JM1,7488,790,False,train
JM1,7489,6342,False,train
JM1,7490,6343,False,train
JM1,7491,6344,False,validation
JM1,7492,6345,False,train
JM1,7493,6330,False,train
JM1,7494,6346,False,validation
JM1,7495,6272,False,train
JM1,7496,6272,False,train
JM1,7497,3519,False,train
JM1,7498,6347,False,train
JM1,7499,6347,False,train
JM1,7500,6348,False,train
JM1,7501,6347,False,train
JM1,7502,4763,False,train
JM1,7503,6349,False,train
JM1,7504,6350,False,validation
JM1,7505,6351,False,validation
JM1,7506,6352,False,test
JM1,7507,6353,False,validation
JM1,7508,6354,False,train
JM1,7509,6355,False,validation
JM1,7510,6356,False,train
JM1,7511,6357,False,test
JM1,7512,6358,False,validation
JM1,7513,6359,False,test
JM1,7514,6360,False,train
JM1,7515,6361,False,train
JM1,7516,6362,False,train
JM1,7517,6363,False,train
JM1,7518,6364,False,train
JM1,7519,6282,False,train
JM1,7520,6282,False,train
JM1,7521,6282,False,train
JM1,7522,6282,False,train
JM1,7523,6282,False,train
JM1,7524,4222,False,test
JM1,7525,6288,False,test
JM1,7526,6365,False,train
JM1,7527,6366,False,test
JM1,7528,6367,False,validation
JM1,7529,768,False,train
JM1,7530,6368,False,validation
JM1,7531,6369,False,test
JM1,7532,6370,False,test
JM1,7533,6347,False,train
JM1,7534,6371,False,train
JM1,7535,6372,False,train
JM1,7536,6372,False,train
JM1,7537,6373,False,test
JM1,7538,6272,False,train
JM1,7539,6374,False,train
JM1,7540,6375,False,train
JM1,7541,6375,False,train
JM1,7542,6376,False,test
JM1,7543,6377,False,test
JM1,7544,6376,False,test
JM1,7545,6378,False,validation
JM1,7546,6379,False,validation
JM1,7547,6380,False,validation
JM1,7548,6381,False,train
JM1,7549,6382,False,train
JM1,7550,6383,False,train
JM1,7551,6384,False,train
JM1,7552,151,False,validation
JM1,7553,151,False,validation
JM1,7554,6385,False,train
JM1,7555,6282,False,train
JM1,7556,6272,False,train
JM1,7557,6288,False,test
JM1,7558,6288,False,test
JM1,7559,6288,False,test
JM1,7560,6288,False,test
JM1,7561,6288,False,test
JM1,7562,6386,False,train
JM1,7563,4763,False,train
JM1,7564,6387,False,train
JM1,7565,6388,False,validation
JM1,7566,6389,False,train
JM1,7567,6390,False,train
JM1,7568,6391,False,train
JM1,7569,6392,False,train
JM1,7570,3125,False,train
JM1,7571,6393,False,validation
JM1,7572,6288,False,test
JM1,7573,6394,False,train
JM1,7574,6272,False,train
JM1,7575,6395,False,test
JM1,7576,6396,False,test
JM1,7577,6397,False,train
JM1,7578,6376,False,test
JM1,7579,6398,False,train
JM1,7580,6399,False,test
JM1,7581,6400,False,train
JM1,7582,6401,False,validation
JM1,7583,6400,False,train
JM1,7584,6402,False,train
JM1,7585,6400,False,train
JM1,7586,6403,False,train
JM1,7587,6404,False,train
JM1,7588,6405,False,train
JM1,7589,6406,False,train
JM1,7590,6407,False,validation
JM1,7591,6282,False,train
JM1,7592,6408,False,validation
JM1,7593,6409,False,test
JM1,7594,1356,False,train
JM1,7595,6282,False,train
JM1,7596,6282,False,train
JM1,7597,6410,False,train
JM1,7598,6410,False,train
JM1,7599,6411,False,train
JM1,7600,6412,False,test
JM1,7601,6413,False,test
JM1,7602,6414,False,train
JM1,7603,6295,False,validation
JM1,7604,6415,False,validation
JM1,7605,6416,False,validation
JM1,7606,2240,False,train
JM1,7607,2923,False,train
JM1,7608,6417,False,train
JM1,7609,2595,False,train
JM1,7610,6418,False,test
JM1,7611,790,False,train
JM1,7612,789,False,train
JM1,7613,6419,False,train
JM1,7614,6420,False,train
JM1,7615,6421,False,train
JM1,7616,6422,False,train
JM1,7617,6423,False,validation
JM1,7618,6424,False,train
JM1,7619,6425,False,train
JM1,7620,6426,False,train
JM1,7621,6427,False,train
JM1,7622,6428,False,train
JM1,7623,6426,False,train
JM1,7624,6429,False,test
JM1,7625,6430,False,train
JM1,7626,6426,False,train
JM1,7627,6427,False,train
JM1,7628,6431,False,validation
JM1,7629,6432,False,test
JM1,7630,6433,False,train
JM1,7631,6434,False,train
JM1,7632,6435,False,test
JM1,7633,6422,False,train
JM1,7634,6436,False,test
JM1,7635,6426,False,train
JM1,7636,6427,False,train
JM1,7637,6437,False,test
JM1,7638,6438,False,validation
JM1,7639,6439,False,test
JM1,7640,6422,False,train
JM1,7641,6440,False,test
JM1,7642,6426,False,train
JM1,7643,6427,False,train
JM1,7644,6426,False,train
JM1,7645,6427,False,train
JM1,7646,6422,False,train
JM1,7647,2240,False,train
JM1,7648,6441,False,train
JM1,7649,6442,False,train
JM1,7650,6443,False,test
JM1,7651,6444,False,validation
JM1,7652,6445,False,train
JM1,7653,6446,False,train
JM1,7654,6447,False,train
JM1,7655,6448,False,validation
JM1,7656,6449,False,train
JM1,7657,6450,False,train
JM1,7658,6450,False,train
JM1,7659,6451,False,train
JM1,7660,6452,False,train
JM1,7661,6453,False,train
JM1,7662,6454,False,train
JM1,7663,6455,False,validation
JM1,7664,6456,False,validation
JM1,7665,6457,False,train
JM1,7666,6272,False,train
JM1,7667,6458,False,test
JM1,7668,6332,False,train
JM1,7669,6459,False,train
JM1,7670,6459,False,train
JM1,7671,6460,False,train
JM1,7672,6461,False,train
JM1,7673,6332,False,train
JM1,7674,6462,False,train
JM1,7675,6463,False,validation
JM1,7676,6368,False,validation
JM1,7677,6369,False,test
JM1,7678,3412,False,train
JM1,7679,6464,False,validation
JM1,7680,6465,False,train
JM1,7681,6466,False,train
JM1,7682,6467,False,train
JM1,7683,6466,False,train
JM1,7684,6466,False,train
JM1,7685,6468,False,test
JM1,7686,784,False,train
JM1,7687,6469,False,validation
JM1,7688,6470,False,train
JM1,7689,6282,False,train
JM1,7690,6471,False,validation
JM1,7691,6467,False,train
JM1,7692,6472,False,train
JM1,7693,6473,False,validation
JM1,7694,6466,False,train
JM1,7695,6474,False,test
JM1,7696,151,False,validation
JM1,7697,151,False,validation
JM1,7698,6475,False,train
JM1,7699,6355,False,validation
JM1,7700,434,False,train
JM1,7701,6476,False,validation
JM1,7702,6477,False,test
JM1,7703,6478,False,validation
JM1,7704,6479,False,train
JM1,7705,2127,False,train
JM1,7706,6480,False,train
JM1,7707,790,False,train
JM1,7708,789,False,train
JM1,7709,6481,False,train
JM1,7710,3125,False,train
JM1,7711,6482,False,train
JM1,7712,6483,False,validation
JM1,7713,6288,False,test
JM1,7714,6340,False,train
JM1,7715,6288,False,test
JM1,7716,6288,False,test
JM1,7717,6272,False,train
JM1,7718,6484,False,train
JM1,7719,6485,False,train
JM1,7720,6282,False,train
JM1,7721,6339,False,train
JM1,7722,6486,False,test
JM1,7723,6487,False,train
JM1,7724,6488,False,test
JM1,7725,6489,False,validation
JM1,7726,6490,False,train
JM1,7727,6288,False,test
JM1,7728,6491,False,test
JM1,7729,6288,False,test
JM1,7730,6436,False,test
JM1,7731,6288,False,test
JM1,7732,6288,False,test
JM1,7733,6492,False,test
JM1,7734,6493,False,validation
JM1,7735,151,False,validation
JM1,7736,151,False,validation
JM1,7737,6385,False,train
JM1,7738,6335,False,train
JM1,7739,6494,False,train
JM1,7740,6495,False,test
JM1,7741,2240,False,train
JM1,7742,2923,False,train
JM1,7743,6496,False,train
JM1,7744,6497,False,train
JM1,7745,6498,False,train
JM1,7746,6499,False,test
JM1,7747,6282,False,train
JM1,7748,6282,False,train
JM1,7749,6282,False,train
JM1,7750,6500,False,train
JM1,7751,6501,False,train
JM1,7752,6502,False,train
JM1,7753,6503,False,train
JM1,7754,6504,False,train
JM1,7755,6505,False,validation
JM1,7756,6506,False,validation
JM1,7757,6507,False,train
JM1,7758,6209,False,train
JM1,7759,6209,False,train
JM1,7760,6209,False,train
JM1,7761,4760,False,test
JM1,7762,6209,False,train
JM1,7763,4760,False,test
JM1,7764,4760,False,test
JM1,7765,4760,False,test
JM1,7766,6508,False,train
JM1,7767,151,False,validation
JM1,7768,151,False,validation
JM1,7769,6509,False,test
JM1,7770,6510,False,test
JM1,7771,6511,False,train
JM1,7772,6512,False,train
JM1,7773,6513,False,test
JM1,7774,6514,False,validation
JM1,7775,6339,False,train
JM1,7776,6514,False,validation
JM1,7777,6514,False,validation
JM1,7778,6514,False,validation
JM1,7779,6515,False,test
JM1,7780,6437,False,test
JM1,7781,6516,False,train
JM1,7782,331,False,train
JM1,7783,790,False,train
JM1,7784,3098,False,test
JM1,7785,6517,False,train
JM1,7786,768,False,train
JM1,7787,6518,False,train
JM1,7788,6518,False,train
JM1,7789,6519,False,train
JM1,7790,6520,False,train
JM1,7791,6521,False,train
JM1,7792,6415,False,validation
JM1,7793,6522,False,train
JM1,7794,6523,False,validation
JM1,7795,6524,False,test
JM1,7796,6330,False,train
JM1,7797,6288,False,test
JM1,7798,6209,False,train
JM1,7799,6525,False,train
JM1,7800,2239,False,train
JM1,7801,6526,False,train
JM1,7802,6527,False,test
JM1,7803,6528,False,train
JM1,7804,6529,False,train
JM1,7805,6530,False,train
JM1,7806,6531,False,train
JM1,7807,6288,False,test
JM1,7808,6532,False,train
JM1,7809,790,False,train
JM1,7810,6533,False,train
JM1,7811,6534,False,train
JM1,7812,6535,False,train
JM1,7813,4537,False,test
JM1,7814,6536,False,test
JM1,7815,6537,False,validation
JM1,7816,6538,False,train
JM1,7817,6539,False,validation
JM1,7818,6540,False,train
JM1,7819,6541,False,train
JM1,7820,6542,False,test
JM1,7821,6543,False,validation
JM1,7822,6544,False,train
JM1,7823,6545,False,validation
JM1,7824,6546,False,train
JM1,7825,6547,False,train
JM1,7826,6548,False,validation
JM1,7827,6549,False,train
JM1,7828,6550,False,validation
JM1,7829,6551,False,train
JM1,7830,6552,False,train
JM1,7831,6553,False,train
JM1,7832,6554,False,train
JM1,7833,6555,False,test
JM1,7834,6556,False,test
JM1,7835,6557,False,test
JM1,7836,6558,False,train
JM1,7837,6559,False,train
JM1,7838,6560,False,validation
JM1,7839,6561,False,validation
JM1,7840,6562,False,train
JM1,7841,6563,False,train
JM1,7842,6560,False,validation
JM1,7843,6564,False,validation
JM1,7844,1601,False,train
JM1,7845,6565,False,test
JM1,7846,6566,False,train
JM1,7847,6567,False,train
JM1,7848,835,False,train
JM1,7849,6568,False,validation
JM1,7850,6569,False,train
JM1,7851,6570,False,train
JM1,7852,6571,False,test
JM1,7853,6572,False,train
JM1,7854,6573,False,validation
JM1,7855,2545,False,train
JM1,7856,6574,False,train
JM1,7857,6575,False,train
JM1,7858,6576,False,test
JM1,7859,6577,False,train
JM1,7860,6578,False,validation
JM1,7861,6579,False,train
JM1,7862,6580,False,test
JM1,7863,6581,False,test
JM1,7864,6582,False,validation
JM1,7865,3473,False,test
JM1,7866,6583,False,validation
JM1,7867,6584,False,train
JM1,7868,6585,False,train
JM1,7869,6586,False,test
JM1,7870,6587,False,train
JM1,7871,6588,False,validation
JM1,7872,6589,False,validation
JM1,7873,6590,False,test
JM1,7874,6591,False,train
JM1,7875,3411,False,validation
JM1,7876,4432,False,train
JM1,7877,6592,False,train
JM1,7878,6593,False,train
JM1,7879,6594,False,train
JM1,7880,434,False,train
JM1,7881,6595,False,train
JM1,7882,6596,False,train
JM1,7883,6597,False,train
JM1,7884,6598,False,test
JM1,7885,6599,False,train
JM1,7886,3587,False,train
JM1,7887,6600,False,train
JM1,7888,6601,False,validation
JM1,7889,6602,False,test
JM1,7890,6603,False,test
JM1,7891,6604,False,train
JM1,7892,6605,False,validation
JM1,7893,6606,False,test
JM1,7894,2925,False,validation
JM1,7895,6607,False,train
JM1,7896,6608,False,train
JM1,7897,6609,False,train
JM1,7898,6610,False,train
JM1,7899,6611,False,train
JM1,7900,6612,False,train
JM1,7901,6613,False,train
JM1,7902,6614,False,test
JM1,7903,6615,False,validation
JM1,7904,151,False,validation
JM1,7905,754,False,train
JM1,7906,6616,False,train
JM1,7907,6617,False,test
JM1,7908,6618,False,train
JM1,7909,6619,False,train
JM1,7910,269,False,test
JM1,7911,6620,False,train
JM1,7912,6621,False,train
JM1,7913,6622,False,train
JM1,7914,6623,False,train
JM1,7915,6624,False,train
JM1,7916,6625,False,train
JM1,7917,6626,False,test
JM1,7918,6627,False,train
JM1,7919,6628,False,validation
JM1,7920,6629,False,train
JM1,7921,6630,False,validation
JM1,7922,6631,False,train
JM1,7923,6632,False,train
JM1,7924,6633,False,train
JM1,7925,6634,False,train
JM1,7926,6635,False,validation
JM1,7927,6636,False,validation
JM1,7928,6637,False,train
JM1,7929,6638,False,train
JM1,7930,6639,False,train
JM1,7931,6640,False,train
JM1,7932,269,False,test
JM1,7933,6641,False,train
JM1,7934,6642,False,train
JM1,7935,6643,False,test
JM1,7936,6644,False,train
JM1,7937,6645,False,train
JM1,7938,2278,False,train
JM1,7939,6646,False,validation
JM1,7940,6647,False,train
JM1,7941,6648,False,train
JM1,7942,6649,False,validation
JM1,7943,6650,False,validation
JM1,7944,6651,False,train
JM1,7945,6652,False,train
JM1,7946,6653,False,train
JM1,7947,6654,False,train
JM1,7948,6655,False,test
JM1,7949,6656,False,train
JM1,7950,6657,False,train
JM1,7951,6658,False,train
JM1,7952,6659,False,train
JM1,7953,6660,False,train
JM1,7954,6660,False,train
JM1,7955,6661,False,train
JM1,7956,6662,False,test
JM1,7957,6663,False,test
JM1,7958,6664,False,test
JM1,7959,6665,False,test
JM1,7960,6666,False,validation
JM1,7961,2166,False,train
JM1,7962,2166,False,train
JM1,7963,6667,False,test
JM1,7964,6668,False,validation
JM1,7965,6669,False,train
JM1,7966,6670,False,train
JM1,7967,6671,False,train
JM1,7968,6672,False,validation
JM1,7969,6673,False,test
JM1,7970,6674,False,validation
JM1,7971,6675,False,train
JM1,7972,6676,False,train
JM1,7973,6677,False,train
JM1,7974,5094,False,train
JM1,7975,6678,False,train
JM1,7976,6679,False,test
JM1,7977,6680,False,test
JM1,7978,6681,False,test
JM1,7979,6682,False,train
JM1,7980,6683,False,train
JM1,7981,6684,False,train
JM1,7982,6685,False,train
JM1,7983,6686,False,train
JM1,7984,6687,False,validation
JM1,7985,6688,False,test
JM1,7986,6689,False,train
JM1,7987,6690,False,train
JM1,7988,6691,False,train
JM1,7989,6692,False,test
JM1,7990,6693,False,test
JM1,7991,6694,False,train
JM1,7992,6695,False,train
JM1,7993,6696,False,test
JM1,7994,6697,False,train
JM1,7995,6698,False,test
JM1,7996,6699,False,train
JM1,7997,6700,False,train
JM1,7998,6701,False,test
JM1,7999,6702,False,train
JM1,8000,6703,False,test
JM1,8001,6704,False,train
JM1,8002,6705,False,train
JM1,8003,6706,False,train
JM1,8004,6707,False,validation
JM1,8005,6708,False,train
JM1,8006,6709,False,train
JM1,8007,6710,False,train
JM1,8008,6711,False,train
JM1,8009,6712,False,train
JM1,8010,6713,False,validation
JM1,8011,1601,False,train
JM1,8012,6714,False,train
JM1,8013,6715,False,train
JM1,8014,955,False,test
JM1,8015,6716,False,train
JM1,8016,6717,False,train
JM1,8017,6718,False,train
JM1,8018,362,False,train
JM1,8019,362,False,train
JM1,8020,2738,False,train
JM1,8021,1601,False,train
JM1,8022,6719,False,train
JM1,8023,6720,False,train
JM1,8024,6721,False,test
JM1,8025,6722,False,train
JM1,8026,2277,False,train
JM1,8027,6723,False,test
JM1,8028,6724,False,test
JM1,8029,6725,False,validation
JM1,8030,6726,False,train
JM1,8031,6727,False,validation
JM1,8032,6728,False,test
JM1,8033,5829,False,validation
JM1,8034,6729,False,test
JM1,8035,6730,False,train
JM1,8036,6731,False,train
JM1,8037,6732,False,train
JM1,8038,6733,False,train
JM1,8039,6734,False,train
JM1,8040,1143,False,train
JM1,8041,6735,False,train
JM1,8042,6736,False,train
JM1,8043,6737,False,train
JM1,8044,6738,False,train
JM1,8045,6739,False,train
JM1,8046,6740,False,validation
JM1,8047,6741,False,validation
JM1,8048,6742,False,test
JM1,8049,6743,False,test
JM1,8050,6744,False,train
JM1,8051,6745,False,train
JM1,8052,6746,False,test
JM1,8053,6747,False,train
JM1,8054,6748,False,test
JM1,8055,6749,False,test
JM1,8056,6750,False,train
JM1,8057,6751,False,test
JM1,8058,6752,False,train
JM1,8059,6753,False,test
JM1,8060,6754,False,train
JM1,8061,6755,False,train
JM1,8062,6756,False,validation
JM1,8063,4351,False,train
JM1,8064,6757,False,train
JM1,8065,6758,False,train
JM1,8066,6759,False,train
JM1,8067,6760,False,validation
JM1,8068,6761,False,train
JM1,8069,6760,False,validation
JM1,8070,6762,False,train
JM1,8071,6762,False,train
JM1,8072,6760,False,validation
JM1,8073,6762,False,train
JM1,8074,6762,False,train
JM1,8075,6763,False,train
JM1,8076,6764,False,test
JM1,8077,6765,False,test
JM1,8078,6766,False,validation
JM1,8079,6767,False,train
JM1,8080,6768,False,train
JM1,8081,4893,False,train
JM1,8082,6769,False,train
JM1,8083,6770,False,train
JM1,8084,3136,False,train
JM1,8085,6771,False,validation
JM1,8086,6772,False,train
JM1,8087,6773,False,train
JM1,8088,6774,False,train
JM1,8089,6775,False,validation
JM1,8090,6776,False,train
JM1,8091,6777,False,train
JM1,8092,6778,False,validation
JM1,8093,6779,False,test
JM1,8094,6780,False,train
JM1,8095,6781,False,train
JM1,8096,6782,False,validation
JM1,8097,3925,False,test
JM1,8098,6783,False,validation
JM1,8099,6784,False,validation
JM1,8100,4486,False,train
JM1,8101,6785,False,test
JM1,8102,6786,False,validation
JM1,8103,6786,False,validation
JM1,8104,6787,False,test
JM1,8105,6788,False,train
JM1,8106,151,False,validation
JM1,8107,6789,False,train
JM1,8108,6790,False,test
JM1,8109,6791,False,validation
JM1,8110,6792,False,validation
JM1,8111,6793,False,test
JM1,8112,6794,False,train
JM1,8113,6795,False,validation
JM1,8114,6793,False,test
JM1,8115,6796,False,train
JM1,8116,6797,False,train
JM1,8117,6798,False,test
JM1,8118,6799,False,train
JM1,8119,4172,False,train
JM1,8120,6800,False,train
JM1,8121,6801,False,validation
JM1,8122,6802,False,test
JM1,8123,6803,False,test
JM1,8124,6804,False,train
JM1,8125,2578,False,train
JM1,8126,6805,False,train
JM1,8127,6806,False,validation
JM1,8128,6807,False,train
JM1,8129,6808,False,validation
JM1,8130,6809,False,train
JM1,8131,6810,False,train
JM1,8132,2218,False,train
JM1,8133,6811,False,validation
JM1,8134,6812,False,train
JM1,8135,5048,False,test
JM1,8136,4800,False,validation
JM1,8137,4800,False,validation
JM1,8138,4800,False,validation
JM1,8139,4800,False,validation
JM1,8140,754,False,train
JM1,8141,6813,False,test
JM1,8142,6814,False,validation
JM1,8143,6815,False,train
JM1,8144,6816,False,train
JM1,8145,6817,False,test
JM1,8146,6818,False,validation
JM1,8147,6819,False,test
JM1,8148,6820,False,validation
JM1,8149,6821,False,train
JM1,8150,6822,False,train
JM1,8151,6823,False,train
JM1,8152,6824,False,train
JM1,8153,6825,False,validation
JM1,8154,6826,False,train
JM1,8155,6827,False,train
JM1,8156,5094,False,train
JM1,8157,6828,False,train
JM1,8158,5094,False,train
JM1,8159,6829,False,train
JM1,8160,6830,False,train
JM1,8161,6831,False,test
JM1,8162,151,False,validation
JM1,8163,6832,False,train
JM1,8164,6833,False,train
JM1,8165,6834,False,train
JM1,8166,6835,False,test
JM1,8167,6836,False,test
JM1,8168,6837,False,test
JM1,8169,6838,False,validation
JM1,8170,6838,False,validation
JM1,8171,6839,False,test
JM1,8172,6840,False,train
JM1,8173,6841,False,train
JM1,8174,6842,False,validation
JM1,8175,6843,False,train
JM1,8176,6844,False,validation
JM1,8177,6845,False,train
JM1,8178,6846,False,train
JM1,8179,6847,False,train
JM1,8180,6848,False,train
JM1,8181,6849,False,train
JM1,8182,835,False,train
JM1,8183,6850,False,validation
JM1,8184,6851,False,train
JM1,8185,6852,False,train
JM1,8186,6853,False,train
JM1,8187,6854,False,test
JM1,8188,151,False,validation
JM1,8189,6855,False,test
JM1,8190,6856,False,train
JM1,8191,6857,False,validation
JM1,8192,6858,False,train
JM1,8193,6859,False,train
JM1,8194,6860,False,test
JM1,8195,6861,False,train
JM1,8196,6862,False,validation
JM1,8197,6863,False,train
JM1,8198,6864,False,train
JM1,8199,6865,False,train
JM1,8200,6866,False,train
JM1,8201,6867,False,validation
JM1,8202,6868,False,test
JM1,8203,6869,False,train
JM1,8204,6870,False,test
JM1,8205,524,False,train
JM1,8206,6871,False,validation
JM1,8207,6872,False,train
JM1,8208,6873,False,test
JM1,8209,6874,False,train
JM1,8210,6875,False,test
JM1,8211,6876,False,train
JM1,8212,6877,False,test
JM1,8213,6878,False,train
JM1,8214,6879,False,train
JM1,8215,6880,False,train
JM1,8216,6881,False,train
JM1,8217,6882,False,train
JM1,8218,6883,False,train
JM1,8219,6884,False,train
JM1,8220,6885,False,train
JM1,8221,6886,False,train
JM1,8222,6887,False,train
JM1,8223,6888,False,test
JM1,8224,6889,False,train
JM1,8225,6890,False,test
JM1,8226,6891,False,train
JM1,8227,6892,False,test
JM1,8228,6893,False,train
JM1,8229,6894,False,train
JM1,8230,6895,False,train
JM1,8231,362,False,train
JM1,8232,6896,False,validation
JM1,8233,6897,False,train
JM1,8234,6898,False,train
JM1,8235,6899,False,train
JM1,8236,6900,False,train
JM1,8237,6901,False,train
JM1,8238,6902,False,validation
JM1,8239,835,False,train
JM1,8240,6903,False,validation
JM1,8241,5504,False,validation
JM1,8242,6904,False,train
JM1,8243,6905,False,train
JM1,8244,6906,False,train
JM1,8245,6907,False,validation
JM1,8246,6908,False,test
JM1,8247,6909,False,train
JM1,8248,6910,False,train
JM1,8249,6911,False,train
JM1,8250,6912,False,test
JM1,8251,6913,False,train
JM1,8252,6914,False,train
JM1,8253,6915,False,test
JM1,8254,2277,False,train
JM1,8255,6916,False,test
JM1,8256,6917,False,test
JM1,8257,6918,False,train
JM1,8258,6919,False,train
JM1,8259,2139,False,train
JM1,8260,6920,False,test
JM1,8261,6921,False,train
JM1,8262,6921,False,train
JM1,8263,6922,False,test
JM1,8264,6923,False,train
JM1,8265,6920,False,test
JM1,8266,6922,False,test
JM1,8267,6924,False,test
JM1,8268,6925,False,train
JM1,8269,6926,False,validation
JM1,8270,6927,False,train
JM1,8271,6928,False,train
JM1,8272,6929,False,train
JM1,8273,6930,False,train
JM1,8274,6929,False,train
JM1,8275,6931,False,train
JM1,8276,5219,False,train
JM1,8277,6932,False,train
JM1,8278,6933,False,train
JM1,8279,6934,False,train
JM1,8280,6935,False,train
JM1,8281,6936,False,test
JM1,8282,6937,False,train
JM1,8283,6938,False,train
JM1,8284,6939,False,validation
JM1,8285,6940,False,train
JM1,8286,6941,False,train
JM1,8287,6942,False,train
JM1,8288,6943,False,train
JM1,8289,6944,False,train
JM1,8290,6945,False,train
JM1,8291,6946,False,train
JM1,8292,6947,False,train
JM1,8293,6948,False,train
JM1,8294,6949,False,test
JM1,8295,6950,False,train
JM1,8296,6951,False,validation
JM1,8297,6952,False,train
JM1,8298,6953,False,train
JM1,8299,6954,False,train
JM1,8300,6955,False,validation
JM1,8301,6956,False,train
JM1,8302,6957,False,train
JM1,8303,6958,False,validation
JM1,8304,6959,False,train
JM1,8305,6960,False,test
JM1,8306,6961,False,train
JM1,8307,6962,False,train
JM1,8308,6963,False,train
JM1,8309,6964,False,train
JM1,8310,6965,False,train
JM1,8311,6966,False,train
JM1,8312,1002,False,train
JM1,8313,6967,False,train
JM1,8314,6968,False,test
JM1,8315,6969,False,train
JM1,8316,6970,False,train
JM1,8317,6971,False,train
JM1,8318,6972,False,train
JM1,8319,6973,False,test
JM1,8320,6974,False,validation
JM1,8321,6975,False,test
JM1,8322,6976,False,test
JM1,8323,6977,False,train
JM1,8324,6978,False,test
JM1,8325,6979,False,train
JM1,8326,6980,False,validation
JM1,8327,6981,False,train
JM1,8328,6982,False,train
JM1,8329,6983,False,train
JM1,8330,6984,False,train
JM1,8331,6985,False,train
JM1,8332,6986,False,test
JM1,8333,6986,False,test
JM1,8334,716,False,test
JM1,8335,6987,False,train
JM1,8336,6988,False,train
JM1,8337,6989,False,train
JM1,8338,6990,False,train
JM1,8339,6991,False,train
JM1,8340,6992,False,train
JM1,8341,6993,False,train
JM1,8342,6994,False,validation
JM1,8343,6995,False,test
JM1,8344,6996,False,test
JM1,8345,6997,False,test
JM1,8346,6998,False,train
JM1,8347,6999,False,validation
JM1,8348,7000,False,test
JM1,8349,7001,False,train
JM1,8350,7002,False,train
JM1,8351,7003,False,train
JM1,8352,7004,False,train
JM1,8353,7005,False,train
JM1,8354,7006,False,train
JM1,8355,7007,False,test
JM1,8356,7008,False,train
JM1,8357,7009,False,train
JM1,8358,7010,False,train
JM1,8359,7011,False,train
JM1,8360,7012,False,test
JM1,8361,7013,False,train
JM1,8362,7014,False,train
JM1,8363,7015,False,validation
JM1,8364,7016,False,train
JM1,8365,7017,False,test
JM1,8366,7018,False,validation
JM1,8367,7019,False,train
JM1,8368,7020,False,train
JM1,8369,7021,False,validation
JM1,8370,7022,False,train
JM1,8371,7023,False,train
JM1,8372,7024,False,validation
JM1,8373,7025,False,train
JM1,8374,7026,False,train
JM1,8375,7026,False,train
JM1,8376,7026,False,train
JM1,8377,3376,False,validation
JM1,8378,7027,False,test
JM1,8379,7028,False,train
JM1,8380,7029,False,train
JM1,8381,7030,False,train
JM1,8382,381,False,train
JM1,8383,7031,False,train
JM1,8384,7031,False,train
JM1,8385,7032,False,test
JM1,8386,7033,False,train
JM1,8387,7034,False,train
JM1,8388,7035,False,train
JM1,8389,7036,False,test
JM1,8390,5094,False,train
JM1,8391,7037,False,train
JM1,8392,7038,False,train
JM1,8393,71,False,test
JM1,8394,7039,False,train
JM1,8395,7040,False,train
JM1,8396,7041,False,validation
JM1,8397,7031,False,train
JM1,8398,7042,False,test
JM1,8399,7031,False,train
JM1,8400,7043,False,train
JM1,8401,7044,False,train
JM1,8402,7045,False,train
JM1,8403,7046,False,train
JM1,8404,7047,False,train
JM1,8405,7048,False,test
JM1,8406,7049,False,train
JM1,8407,7050,False,train
JM1,8408,7051,False,train
JM1,8409,7052,False,train
JM1,8410,7053,False,test
JM1,8411,7054,False,validation
JM1,8412,7055,False,train
JM1,8413,6997,False,test
JM1,8414,7056,False,train
JM1,8415,7057,False,train
JM1,8416,7058,False,train
JM1,8417,7059,False,test
JM1,8418,7060,False,test
JM1,8419,7058,False,train
JM1,8420,7061,False,train
JM1,8421,7062,False,train
JM1,8422,7063,False,train
JM1,8423,7064,False,train
JM1,8424,7065,False,validation
JM1,8425,7066,False,test
JM1,8426,7067,False,train
JM1,8427,7068,False,test
JM1,8428,7069,False,train
JM1,8429,7070,False,test
JM1,8430,7071,False,test
JM1,8431,7072,False,train
JM1,8432,7073,False,validation
JM1,8433,7074,False,train
JM1,8434,7075,False,test
JM1,8435,7075,False,test
JM1,8436,7076,False,train
JM1,8437,7077,False,train
JM1,8438,7078,False,test
JM1,8439,7079,False,train
JM1,8440,7080,False,train
JM1,8441,7081,False,validation
JM1,8442,7082,False,train
JM1,8443,7083,False,train
JM1,8444,7084,False,train
JM1,8445,7085,False,train
JM1,8446,7086,False,test
JM1,8447,7087,False,train
JM1,8448,7088,False,train
JM1,8449,7089,False,test
JM1,8450,7090,False,train
JM1,8451,7091,False,test
JM1,8452,7092,False,train
JM1,8453,7093,False,train
JM1,8454,7094,False,train
JM1,8455,7095,False,validation
JM1,8456,7096,False,train
JM1,8457,7097,False,validation
JM1,8458,7098,False,train
JM1,8459,7099,False,train
JM1,8460,7100,False,train
JM1,8461,7101,False,train
JM1,8462,7102,False,train
JM1,8463,7103,False,train
JM1,8464,7104,False,train
JM1,8465,7105,False,test
JM1,8466,7106,False,validation
JM1,8467,7107,False,train
JM1,8468,7108,False,train
JM1,8469,7109,False,validation
JM1,8470,7110,False,train
JM1,8471,7111,False,train
JM1,8472,7112,False,validation
JM1,8473,7105,False,test
JM1,8474,7113,False,train
JM1,8475,7105,False,test
JM1,8476,7112,False,validation
JM1,8477,7114,False,train
JM1,8478,7115,False,train
JM1,8479,7116,False,test
JM1,8480,7108,False,train
JM1,8481,7117,False,test
JM1,8482,7118,False,train
JM1,8483,7119,False,test
JM1,8484,7120,False,train
JM1,8485,7115,False,train
JM1,8486,7121,False,test
JM1,8487,7122,False,train
JM1,8488,716,False,test
JM1,8489,7123,False,train
JM1,8490,7124,False,validation
JM1,8491,556,False,validation
JM1,8492,7125,False,train
JM1,8493,7126,False,test
JM1,8494,7127,False,train
JM1,8495,7128,False,train
JM1,8496,7129,False,train
JM1,8497,7130,False,train
JM1,8498,7131,False,validation
JM1,8499,7131,False,validation
JM1,8500,7132,False,test
JM1,8501,7133,False,validation
JM1,8502,7134,False,validation
JM1,8503,7135,False,test
JM1,8504,7136,False,validation
JM1,8505,7137,False,train
JM1,8506,7138,False,train
JM1,8507,7139,False,train
JM1,8508,7140,False,train
JM1,8509,7141,False,test
JM1,8510,5807,False,test
JM1,8511,680,False,train
JM1,8512,7142,False,train
JM1,8513,7127,False,train
JM1,8514,7143,False,train
JM1,8515,7144,False,validation
JM1,8516,7145,False,train
JM1,8517,7146,False,validation
JM1,8518,7147,False,test
JM1,8519,7148,False,train
JM1,8520,7127,False,train
JM1,8521,7149,False,train
JM1,8522,319,False,train
JM1,8523,319,False,train
JM1,8524,7150,False,train
JM1,8525,7151,False,test
JM1,8526,7152,False,train
JM1,8527,7152,False,train
JM1,8528,7153,False,train
JM1,8529,7154,False,train
JM1,8530,7154,False,train
JM1,8531,7155,False,test
JM1,8532,7156,False,train
JM1,8533,7157,False,train
JM1,8534,7158,False,train
JM1,8535,7159,False,test
JM1,8536,7160,False,train
JM1,8537,7161,False,train
JM1,8538,7162,False,validation
JM1,8539,7019,False,train
JM1,8540,7163,False,train
JM1,8541,7164,False,train
JM1,8542,7165,False,train
JM1,8543,7166,False,test
JM1,8544,7138,False,train
JM1,8545,7167,False,train
JM1,8546,7168,False,train
JM1,8547,7169,False,test
JM1,8548,7170,False,test
JM1,8549,7171,False,train
JM1,8550,7172,False,train
JM1,8551,7173,False,train
JM1,8552,7174,False,train
JM1,8553,7175,False,train
JM1,8554,7176,False,test
JM1,8555,900,False,train
JM1,8556,7177,False,train
JM1,8557,7178,False,train
JM1,8558,7179,False,train
JM1,8559,7180,False,test
JM1,8560,7181,False,test
JM1,8561,7182,False,validation
JM1,8562,7183,False,validation
JM1,8563,7184,False,test
JM1,8564,7185,False,train
JM1,8565,7186,False,train
JM1,8566,5141,False,train
JM1,8567,7187,False,train
JM1,8568,7188,False,train
JM1,8569,7189,False,train
JM1,8570,7190,False,train
JM1,8571,1391,False,test
JM1,8572,7191,False,train
JM1,8573,7192,False,test
JM1,8574,7193,False,test
JM1,8575,7194,False,train
JM1,8576,2446,False,test
JM1,8577,7195,False,train
JM1,8578,7196,False,train
JM1,8579,7197,False,validation
JM1,8580,7198,False,test
JM1,8581,7199,False,train
JM1,8582,5094,False,train
JM1,8583,7200,False,test
JM1,8584,7201,False,validation
JM1,8585,7202,False,test
JM1,8586,7203,False,train
JM1,8587,7204,False,train
JM1,8588,7205,False,train
JM1,8589,7206,False,test
JM1,8590,7207,False,train
JM1,8591,7208,False,test
JM1,8592,7209,False,train
JM1,8593,7210,False,train
JM1,8594,1701,False,train
JM1,8595,7211,False,train
JM1,8596,7212,False,test
JM1,8597,7099,False,train
JM1,8598,7213,False,train
JM1,8599,7214,False,train
JM1,8600,7215,False,train
JM1,8601,7108,False,train
JM1,8602,7216,False,train
JM1,8603,7112,False,validation
JM1,8604,7217,False,train
JM1,8605,7218,False,train
JM1,8606,7115,False,train
JM1,8607,556,False,validation
JM1,8608,7219,False,train
JM1,8609,7220,False,test
JM1,8610,7221,False,train
JM1,8611,7222,False,train
JM1,8612,7223,False,test
JM1,8613,7224,False,test
JM1,8614,7225,False,train
JM1,8615,7226,False,train
JM1,8616,7227,False,train
JM1,8617,7228,False,train
JM1,8618,7229,False,train
JM1,8619,7230,False,train
JM1,8620,7231,False,test
JM1,8621,7232,False,train
JM1,8622,7233,False,validation
JM1,8623,7234,False,train
JM1,8624,7235,False,validation
JM1,8625,151,False,validation
JM1,8626,7236,False,train
JM1,8627,7237,False,test
JM1,8628,151,False,validation
JM1,8629,7238,False,train
JM1,8630,7239,False,validation
JM1,8631,7240,False,train
JM1,8632,2805,False,validation
JM1,8633,7241,False,test
JM1,8634,7242,False,test
JM1,8635,7243,False,test
JM1,8636,6903,False,validation
JM1,8637,4537,False,test
JM1,8638,2945,False,train
JM1,8639,6170,False,train
JM1,8640,7244,False,train
JM1,8641,7245,False,test
JM1,8642,7246,False,train
JM1,8643,7247,False,train
JM1,8644,7248,False,train
JM1,8645,7249,False,test
JM1,8646,7250,False,train
JM1,8647,7251,False,train
JM1,8648,7252,False,test
JM1,8649,7253,False,train
JM1,8650,7254,False,train
JM1,8651,7255,False,test
JM1,8652,7256,False,train
JM1,8653,7257,False,train
JM1,8654,362,False,train
JM1,8655,2235,False,train
JM1,8656,7258,False,validation
JM1,8657,7259,False,test
JM1,8658,7260,False,train
JM1,8659,7261,False,train
JM1,8660,7262,False,train
JM1,8661,7263,False,validation
JM1,8662,6099,False,train
JM1,8663,7264,False,test
JM1,8664,362,False,train
JM1,8665,7265,False,validation
JM1,8666,7266,False,validation
JM1,8667,7267,False,test
JM1,8668,7268,False,train
JM1,8669,7269,False,train
JM1,8670,7270,False,train
JM1,8671,7271,False,train
JM1,8672,7272,False,train
JM1,8673,7269,False,train
JM1,8674,7273,False,train
JM1,8675,7274,False,train
JM1,8676,7275,False,train
JM1,8677,7276,False,train
JM1,8678,7277,False,train
JM1,8679,7278,False,test
JM1,8680,7279,False,train
JM1,8681,7280,False,test
JM1,8682,7281,False,train
JM1,8683,7282,False,train
JM1,8684,7283,False,validation
JM1,8685,362,False,train
JM1,8686,7284,False,train
JM1,8687,7285,False,train
JM1,8688,7286,False,test
JM1,8689,7287,False,validation
JM1,8690,7288,False,train
JM1,8691,362,False,train
JM1,8692,2239,False,train
JM1,8693,2938,False,train
JM1,8694,7289,False,validation
JM1,8695,2952,False,train
JM1,8696,2240,False,train
JM1,8697,7290,False,train
JM1,8698,7291,False,train
JM1,8699,7292,False,test
JM1,8700,7293,False,train
JM1,8701,7294,False,test
JM1,8702,374,False,test
JM1,8703,1706,False,train
JM1,8704,1706,False,train
JM1,8705,1706,False,train
JM1,8706,7295,False,train
JM1,8707,7296,False,validation
JM1,8708,7297,False,test
JM1,8709,7298,False,validation
JM1,8710,7299,False,train
JM1,8711,2103,False,train
JM1,8712,7300,False,train
JM1,8713,7301,False,validation
JM1,8714,7302,False,test
JM1,8715,7303,False,train
JM1,8716,7304,False,validation
JM1,8717,7305,False,train
JM1,8718,7306,False,train
JM1,8719,7307,False,train
JM1,8720,93,False,test
JM1,8721,362,False,train
JM1,8722,7308,False,train
JM1,8723,151,False,validation
JM1,8724,7309,False,train
JM1,8725,151,False,validation
JM1,8726,4760,False,test
JM1,8727,362,False,train
JM1,8728,362,False,train
JM1,8729,7310,False,train
JM1,8730,676,False,train
JM1,8731,7311,False,train
JM1,8732,7312,False,train
JM1,8733,813,False,train
JM1,8734,7313,False,train
JM1,8735,7314,False,train
JM1,8736,2235,False,train
JM1,8737,7315,False,train
JM1,8738,7316,False,train
JM1,8739,2235,False,train
JM1,8740,2235,False,train
JM1,8741,7317,False,test
JM1,8742,4541,False,test
JM1,8743,7318,False,validation
JM1,8744,7319,False,train
JM1,8745,7320,False,test
JM1,8746,7321,False,train
JM1,8747,7322,False,train
JM1,8748,7323,False,train
JM1,8749,7324,False,train
JM1,8750,7325,False,validation
JM1,8751,7326,False,validation
JM1,8752,6636,False,validation
JM1,8753,7327,False,test
JM1,8754,7327,False,test
JM1,8755,7328,False,validation
JM1,8756,7329,False,validation
JM1,8757,7330,False,train
JM1,8758,362,False,train
JM1,8759,362,False,train
JM1,8760,7331,False,test
JM1,8761,7332,False,train
JM1,8762,7333,False,train
JM1,8763,7334,False,test
JM1,8764,7335,False,train
JM1,8765,7336,False,test
JM1,8766,7337,False,test
JM1,8767,7338,False,train
JM1,8768,7339,False,train
JM1,8769,7339,False,train
JM1,8770,7340,False,train
JM1,8771,362,False,train
JM1,8772,7341,False,train
JM1,8773,7342,False,train
JM1,8774,2239,False,train
JM1,8775,2738,False,train
JM1,8776,7343,False,train
JM1,8777,7344,False,train
JM1,8778,269,False,test
JM1,8779,7345,False,test
JM1,8780,7346,False,train
JM1,8781,362,False,train
JM1,8782,7347,False,train
JM1,8783,7348,False,train
JM1,8784,7349,False,validation
JM1,8785,7350,False,train
JM1,8786,1002,False,train
JM1,8787,362,False,train
JM1,8788,1143,False,train
JM1,8789,7351,False,validation
JM1,8790,7352,False,test
JM1,8791,7353,False,validation
JM1,8792,2239,False,train
JM1,8793,362,False,train
JM1,8794,7354,False,train
JM1,8795,3496,False,train
JM1,8796,7355,False,train
JM1,8797,7356,False,validation
JM1,8798,374,False,test
JM1,8799,7357,False,train
JM1,8800,4738,False,train
JM1,8801,7358,False,train
JM1,8802,813,False,train
JM1,8803,7359,False,test
JM1,8804,7360,False,train
JM1,8805,362,False,train
JM1,8806,7361,False,validation
JM1,8807,7362,False,train
JM1,8808,7363,False,train
JM1,8809,7363,False,train
JM1,8810,7364,False,train
JM1,8811,7365,False,train
JM1,8812,2167,False,test
JM1,8813,1002,False,train
JM1,8814,7366,False,validation
JM1,8815,7367,False,test
JM1,8816,7368,False,validation
JM1,8817,7369,False,train
JM1,8818,7370,False,train
JM1,8819,7371,False,train
JM1,8820,7372,False,train
JM1,8821,7373,False,train
JM1,8822,2103,False,train
JM1,8823,7374,False,train
JM1,8824,7375,False,test
JM1,8825,93,False,test
JM1,8826,93,False,test
JM1,8827,7376,False,train
JM1,8828,151,False,validation
JM1,8829,7377,False,train
JM1,8830,7378,False,train
JM1,8831,7379,False,train
JM1,8832,7380,False,validation
JM1,8833,7381,False,train
JM1,8834,7353,False,validation
JM1,8835,7382,False,train
JM1,8836,7383,False,validation
JM1,8837,7384,False,train
JM1,8838,7385,False,train
JM1,8839,7386,False,test
JM1,8840,2103,False,train
JM1,8841,7387,False,test
JM1,8842,1143,False,train
JM1,8843,7388,False,train
JM1,8844,362,False,train
JM1,8845,7389,False,train
JM1,8846,7390,False,train
JM1,8847,7391,False,train
JM1,8848,362,False,train
JM1,8849,7392,False,train
JM1,8850,362,False,train
JM1,8851,7393,False,test
JM1,8852,7394,False,test
JM1,8853,7395,False,train
JM1,8854,7396,False,train
JM1,8855,7397,False,train
JM1,8856,7398,False,train
JM1,8857,7399,False,train
JM1,8858,7400,False,train
JM1,8859,7401,False,validation
JM1,8860,3158,False,test
JM1,8861,7402,False,train
JM1,8862,2952,False,train
JM1,8863,7403,False,train
JM1,8864,7404,False,train
JM1,8865,7405,False,train
JM1,8866,93,False,test
JM1,8867,7406,False,validation
JM1,8868,7407,False,test
JM1,8869,7408,False,train
JM1,8870,7409,False,train
JM1,8871,7410,False,validation
JM1,8872,7411,False,test
JM1,8873,7412,False,test
JM1,8874,7413,False,train
JM1,8875,7414,False,train
JM1,8876,813,False,train
JM1,8877,7415,False,train
JM1,8878,7414,False,train
JM1,8879,813,False,train
JM1,8880,7416,False,validation
JM1,8881,7417,False,train
JM1,8882,7418,False,train
JM1,8883,2239,False,train
JM1,8884,7419,False,train
JM1,8885,7420,False,train
JM1,8886,7421,False,train
JM1,8887,151,False,validation
JM1,8888,151,False,validation
JM1,8889,7422,False,validation
JM1,8890,835,False,train
JM1,8891,7423,False,test
JM1,8892,7424,False,train
JM1,8893,7425,False,validation
JM1,8894,7426,False,train
JM1,8895,7427,False,validation
JM1,8896,7428,False,train
JM1,8897,2166,False,train
JM1,8898,6272,False,train
JM1,8899,2926,False,train
JM1,8900,2106,False,train
JM1,8901,7429,False,train
JM1,8902,5660,False,train
JM1,8903,7430,False,test
JM1,8904,7431,False,train
JM1,8905,7432,False,train
JM1,8906,7433,False,train
JM1,8907,7434,False,test
JM1,8908,7359,False,test
JM1,8909,7435,False,train
JM1,8910,7436,False,train
JM1,8911,7437,False,train
JM1,8912,7359,False,test
JM1,8913,7438,False,train
JM1,8914,7439,False,train
JM1,8915,7440,False,test
JM1,8916,7441,False,train
JM1,8917,7359,False,test
JM1,8918,7442,False,train
JM1,8919,7443,False,train
JM1,8920,7444,False,train
JM1,8921,7445,False,train
JM1,8922,7446,False,validation
JM1,8923,7447,False,validation
JM1,8924,7448,False,test
JM1,8925,7449,False,train
JM1,8926,7450,False,train
JM1,8927,151,False,validation
JM1,8928,7451,False,train
JM1,8929,7452,False,validation
JM1,8930,7453,False,validation
JM1,8931,7454,False,train
JM1,8932,7455,False,test
JM1,8933,7455,False,test
JM1,8934,362,False,train
JM1,8935,362,False,train
JM1,8936,362,False,train
JM1,8937,362,False,train
JM1,8938,362,False,train
JM1,8939,362,False,train
JM1,8940,7300,False,train
JM1,8941,362,False,train
JM1,8942,7456,False,test
JM1,8943,2926,False,train
JM1,8944,7457,False,train
JM1,8945,7458,False,train
JM1,8946,7459,False,train
JM1,8947,2239,False,train
JM1,8948,7460,False,train
JM1,8949,7461,False,train
JM1,8950,151,False,validation
JM1,8951,1417,False,train
JM1,8952,7462,False,train
JM1,8953,7463,False,train
JM1,8954,7464,False,train
JM1,8955,7465,False,train
JM1,8956,7466,False,validation
JM1,8957,813,False,train
JM1,8958,7467,False,validation
JM1,8959,7468,False,test
JM1,8960,7469,False,train
JM1,8961,7441,False,train
JM1,8962,7359,False,test
JM1,8963,7470,False,test
JM1,8964,7471,False,train
JM1,8965,7472,False,train
JM1,8966,7473,False,test
JM1,8967,7474,False,test
JM1,8968,7475,False,train
JM1,8969,7476,False,train
JM1,8970,3167,False,validation
JM1,8971,2915,False,test
JM1,8972,7477,False,validation
JM1,8973,7478,False,test
JM1,8974,7479,False,test
JM1,8975,7480,False,test
JM1,8976,7481,False,train
JM1,8977,7482,False,train
JM1,8978,7483,False,test
JM1,8979,7484,False,train
JM1,8980,7485,False,test
JM1,8981,7486,False,train
JM1,8982,7487,False,validation
JM1,8983,7488,False,train
JM1,8984,7489,False,train
JM1,8985,7490,False,train
JM1,8986,7491,False,train
JM1,8987,3594,False,train
JM1,8988,7492,False,validation
JM1,8989,151,False,validation
JM1,8990,7493,False,train
JM1,8991,2915,False,test
JM1,8992,3098,False,test
JM1,8993,3098,False,test
JM1,8994,7494,False,validation
JM1,8995,7495,False,train
JM1,8996,7496,False,train
JM1,8997,7497,False,train
JM1,8998,7498,False,test
JM1,8999,7499,False,train
JM1,9000,7500,False,train
JM1,9001,7501,False,train
JM1,9002,362,False,train
JM1,9003,7502,False,train
JM1,9004,7503,False,train
JM1,9005,1143,False,train
JM1,9006,7504,False,test
JM1,9007,7505,False,train
JM1,9008,7504,False,test
JM1,9009,7506,False,train
JM1,9010,7507,False,train
JM1,9011,7504,False,test
JM1,9012,7508,False,train
JM1,9013,7509,False,test
JM1,9014,7510,False,train
JM1,9015,7504,False,test
JM1,9016,7511,False,test
JM1,9017,7512,False,train
JM1,9018,7513,False,test
JM1,9019,813,False,train
JM1,9020,2239,False,train
JM1,9021,1143,False,train
JM1,9022,7514,False,train
JM1,9023,7485,False,test
JM1,9024,7515,False,train
JM1,9025,7516,False,train
JM1,9026,7517,False,train
JM1,9027,7518,False,validation
JM1,9028,7519,False,test
JM1,9029,7520,False,train
JM1,9030,7521,False,train
JM1,9031,362,False,train
JM1,9032,7522,False,test
JM1,9033,7353,False,validation
JM1,9034,7523,False,validation
JM1,9035,362,False,train
JM1,9036,2480,False,test
JM1,9037,1143,False,train
JM1,9038,7524,False,test
JM1,9039,7525,False,test
JM1,9040,7316,False,train
JM1,9041,7526,False,validation
JM1,9042,680,False,train
JM1,9043,680,False,train
JM1,9044,3377,False,train
JM1,9045,7527,False,validation
JM1,9046,7528,False,train
JM1,9047,6036,False,train
JM1,9048,7529,False,test
JM1,9049,7530,False,validation
JM1,9050,2239,False,train
JM1,9051,7531,False,validation
JM1,9052,7532,False,test
JM1,9053,7533,False,train
JM1,9054,7534,False,train
JM1,9055,362,False,train
JM1,9056,7535,False,train
JM1,9057,2239,False,train
JM1,9058,7536,False,test
JM1,9059,7537,False,train
JM1,9060,7538,False,train
JM1,9061,362,False,train
JM1,9062,7539,False,train
JM1,9063,7539,False,train
JM1,9064,7540,False,test
JM1,9065,151,False,validation
JM1,9066,7541,False,train
JM1,9067,2010,False,test
JM1,9068,7542,False,validation
JM1,9069,7543,False,train
JM1,9070,7544,False,test
JM1,9071,7545,False,train
JM1,9072,7546,False,train
JM1,9073,7547,False,train
JM1,9074,7548,False,train
JM1,9075,7549,False,validation
JM1,9076,7550,False,train
JM1,9077,2915,False,test
JM1,9078,7551,False,train
JM1,9079,7551,False,train
JM1,9080,7551,False,train
JM1,9081,7552,False,validation
JM1,9082,4750,False,test
JM1,9083,7553,False,train
JM1,9084,7554,False,train
JM1,9085,7555,False,test
JM1,9086,7556,False,train
JM1,9087,7557,False,validation
JM1,9088,2152,False,train
JM1,9089,7558,False,train
JM1,9090,7559,False,test
JM1,9091,7560,False,test
JM1,9092,7561,False,train
JM1,9093,7562,False,test
JM1,9094,7563,False,train
JM1,9095,7564,False,train
JM1,9096,7565,False,train
JM1,9097,7565,False,train
JM1,9098,7566,False,test
JM1,9099,813,False,train
JM1,9100,1143,False,train
JM1,9101,3875,False,test
JM1,9102,7567,False,train
JM1,9103,7568,False,train
JM1,9104,7569,False,test
JM1,9105,2010,False,test
JM1,9106,151,False,validation
JM1,9107,7570,False,train
JM1,9108,7571,False,train
JM1,9109,7572,False,train
JM1,9110,7573,False,train
JM1,9111,2235,False,train
JM1,9112,7574,False,test
JM1,9113,7575,False,train
JM1,9114,7576,False,train
JM1,9115,7494,False,validation
JM1,9116,7577,False,train
JM1,9117,7578,False,train
JM1,9118,7579,False,validation
JM1,9119,7580,False,train
JM1,9120,7581,False,test
JM1,9121,7582,False,validation
JM1,9122,7583,False,validation
JM1,9123,7584,False,train
JM1,9124,7585,False,test
JM1,9125,7586,False,train
JM1,9126,7587,False,train
JM1,9127,7588,False,test
JM1,9128,7589,False,test
JM1,9129,362,False,train
JM1,9130,1107,False,validation
JM1,9131,1002,False,train
JM1,9132,7504,False,test
JM1,9133,7590,False,test
JM1,9134,7591,False,train
JM1,9135,7592,False,train
JM1,9136,7593,False,validation
JM1,9137,7594,False,train
JM1,9138,7595,False,test
JM1,9139,7596,False,train
JM1,9140,2010,False,test
JM1,9141,7597,False,validation
JM1,9142,7598,False,train
JM1,9143,7599,False,train
JM1,9144,7598,False,train
JM1,9145,7600,False,train
JM1,9146,7601,False,train
JM1,9147,7601,False,train
JM1,9148,7602,False,train
JM1,9149,7601,False,train
JM1,9150,7601,False,train
JM1,9151,7603,False,train
JM1,9152,813,False,train
JM1,9153,7604,False,train
JM1,9154,7605,False,train
JM1,9155,362,False,train
JM1,9156,362,False,train
JM1,9157,813,False,train
JM1,9158,7606,False,validation
JM1,9159,7607,False,train
JM1,9160,7608,False,train
JM1,9161,952,False,train
JM1,9162,7609,False,train
JM1,9163,7610,False,train
JM1,9164,7611,False,train
JM1,9165,813,False,train
JM1,9166,7612,False,test
JM1,9167,7613,False,train
JM1,9168,813,False,train
JM1,9169,4810,False,validation
JM1,9170,7614,False,train
JM1,9171,740,False,train
JM1,9172,7615,False,validation
JM1,9173,7616,False,validation
JM1,9174,813,False,train
JM1,9175,813,False,train
JM1,9176,7617,False,validation
JM1,9177,7618,False,train
JM1,9178,813,False,train
JM1,9179,7619,False,test
JM1,9180,7620,False,train
JM1,9181,3122,False,train
JM1,9182,7621,False,train
JM1,9183,7622,False,train
JM1,9184,7623,False,train
JM1,9185,7624,False,validation
JM1,9186,362,False,train
JM1,9187,1002,False,train
JM1,9188,362,False,train
JM1,9189,362,False,train
JM1,9190,362,False,train
JM1,9191,2239,False,train
JM1,9192,362,False,train
JM1,9193,1002,False,train
JM1,9194,362,False,train
JM1,9195,362,False,train
JM1,9196,2239,False,train
JM1,9197,362,False,train
JM1,9198,1143,False,train
JM1,9199,7625,False,train
JM1,9200,7626,False,train
JM1,9201,7627,False,train
JM1,9202,7628,False,train
JM1,9203,7629,False,test
JM1,9204,4819,False,train
JM1,9205,7630,False,train
JM1,9206,362,False,train
JM1,9207,7631,False,train
JM1,9208,7632,False,validation
JM1,9209,7633,False,train
JM1,9210,2480,False,test
JM1,9211,7634,False,train
JM1,9212,7635,False,test
JM1,9213,7636,False,validation
JM1,9214,7637,False,train
JM1,9215,7638,False,train
JM1,9216,7639,False,test
JM1,9217,7640,False,train
JM1,9218,4800,False,validation
JM1,9219,7641,False,train
JM1,9220,7642,False,train
JM1,9221,7643,False,test
JM1,9222,7378,False,train
JM1,9223,7644,False,train
JM1,9224,7645,False,train
JM1,9225,7646,False,train
JM1,9226,7647,False,train
JM1,9227,151,False,validation
JM1,9228,2446,False,test
JM1,9229,7648,False,train
JM1,9230,7649,False,validation
JM1,9231,7650,False,validation
JM1,9232,7651,False,train
JM1,9233,7652,False,train
JM1,9234,7653,False,train
JM1,9235,7654,False,test
JM1,9236,7655,False,validation
JM1,9237,7656,False,train
JM1,9238,151,False,validation
JM1,9239,5935,False,test
JM1,9240,7657,False,test
JM1,9241,93,False,test
JM1,9242,7658,False,train
JM1,9243,7659,False,train
JM1,9244,7660,False,train
JM1,9245,7661,False,train
JM1,9246,7662,False,train
JM1,9247,7663,False,train
JM1,9248,7664,False,train
JM1,9249,7665,False,train
JM1,9250,2925,False,validation
JM1,9251,7666,False,train
JM1,9252,7667,False,train
JM1,9253,7668,False,validation
JM1,9254,7669,False,test
JM1,9255,2166,False,train
JM1,9256,7670,False,test
JM1,9257,7671,False,test
JM1,9258,2923,False,train
JM1,9259,7672,False,train
JM1,9260,362,False,train
JM1,9261,7673,False,train
JM1,9262,7674,False,test
JM1,9263,7675,False,test
JM1,9264,7676,False,test
JM1,9265,7677,False,train
JM1,9266,7678,False,test
JM1,9267,2166,False,train
JM1,9268,7679,False,train
JM1,9269,2925,False,validation
JM1,9270,7680,False,train
JM1,9271,7681,False,train
JM1,9272,7682,False,train
JM1,9273,7683,False,test
JM1,9274,7684,False,train
JM1,9275,7685,False,validation
JM1,9276,2738,False,train
JM1,9277,7686,False,train
JM1,9278,7687,False,train
JM1,9279,2738,False,train
JM1,9280,2738,False,train
JM1,9281,2738,False,train
JM1,9282,2738,False,train
JM1,9283,2738,False,train
JM1,9284,7613,False,train
JM1,9285,7688,False,validation
JM1,9286,7688,False,validation
JM1,9287,3062,False,test
JM1,9288,7688,False,validation
JM1,9289,7689,False,test
JM1,9290,7690,False,validation
JM1,9291,7691,False,train
JM1,9292,7692,False,train
JM1,9293,7693,False,train
JM1,9294,7694,False,test
JM1,9295,7695,False,train
JM1,9296,7696,False,train
JM1,9297,7697,False,train
JM1,9298,7697,False,train
JM1,9299,2214,False,train
JM1,9300,7698,False,train
JM1,9301,7699,False,validation
JM1,9302,7700,False,train
JM1,9303,7701,False,test
JM1,9304,7702,False,train
JM1,9305,7703,False,test
JM1,9306,7704,False,validation
JM1,9307,7705,False,validation
JM1,9308,7706,False,train
JM1,9309,7707,False,train
JM1,9310,7708,False,test
JM1,9311,7709,False,validation
JM1,9312,7710,False,validation
JM1,9313,7711,False,validation
JM1,9314,7712,False,train
JM1,9315,7713,False,train
JM1,9316,7714,False,train
JM1,9317,7715,False,train
JM1,9318,7716,False,test
JM1,9319,7717,False,train
JM1,9320,7718,False,train
JM1,9321,7713,False,train
JM1,9322,7718,False,train
JM1,9323,7719,False,train
JM1,9324,7720,False,train
JM1,9325,7721,False,train
JM1,9326,7722,False,test
JM1,9327,7723,False,test
JM1,9328,7724,False,train
JM1,9329,7723,False,test
JM1,9330,7723,False,test
JM1,9331,7725,False,train
JM1,9332,7726,False,train
JM1,9333,7727,False,validation
JM1,9334,7728,False,train
JM1,9335,7729,False,train
JM1,9336,7730,False,validation
JM1,9337,7731,False,train
JM1,9338,4615,False,validation
JM1,9339,7732,False,train
JM1,9340,7733,False,train
JM1,9341,7732,False,train
JM1,9342,7734,False,train
JM1,9343,7725,False,train
JM1,9344,7735,False,test
JM1,9345,7736,False,train
JM1,9346,7737,False,train
JM1,9347,7738,False,test
JM1,9348,7732,False,train
JM1,9349,7732,False,train
JM1,9350,7739,False,test
JM1,9351,7740,False,train
JM1,9352,7741,False,train
JM1,9353,7742,False,validation
JM1,9354,7743,False,train
JM1,9355,7744,False,test
JM1,9356,7745,False,test
JM1,9357,7746,False,train
JM1,9358,7747,False,train
JM1,9359,7748,False,validation
JM1,9360,7749,False,train
JM1,9361,7750,False,train
JM1,9362,151,False,validation
JM1,9363,7718,False,train
JM1,9364,7718,False,train
JM1,9365,7751,False,train
JM1,9366,7752,False,train
JM1,9367,7718,False,train
JM1,9368,7753,False,train
JM1,9369,7754,False,validation
JM1,9370,7755,False,test
JM1,9371,7756,False,train
JM1,9372,1143,False,train
JM1,9373,7757,False,train
JM1,9374,7758,False,train
JM1,9375,7759,False,train
JM1,9376,7718,False,train
JM1,9377,7718,False,train
JM1,9378,7713,False,train
JM1,9379,7760,False,validation
JM1,9380,7718,False,train
JM1,9381,7718,False,train
JM1,9382,7718,False,train
JM1,9383,7761,False,train
JM1,9384,7762,False,train
JM1,9385,7763,False,train
JM1,9386,151,False,validation
JM1,9387,7764,False,test
JM1,9388,7765,False,validation
JM1,9389,7766,False,train
JM1,9390,7767,False,train
JM1,9391,7768,False,train
JM1,9392,7769,False,train
JM1,9393,7770,False,validation
JM1,9394,7771,False,train
JM1,9395,7772,False,train
JM1,9396,7772,False,train
JM1,9397,7773,False,train
JM1,9398,7774,False,validation
JM1,9399,7775,False,validation
JM1,9400,7776,False,train
JM1,9401,7777,False,train
JM1,9402,7778,False,train
JM1,9403,7779,False,validation
JM1,9404,7780,False,train
JM1,9405,7781,False,validation
JM1,9406,7782,False,train
JM1,9407,7783,False,train
JM1,9408,7784,False,validation
JM1,9409,7785,False,validation
JM1,9410,7786,False,train
JM1,9411,7787,False,train
JM1,9412,7788,False,train
JM1,9413,7789,False,validation
JM1,9414,83,False,validation
JM1,9415,7790,False,train
JM1,9416,7791,False,test
JM1,9417,7792,False,train
JM1,9418,7793,False,train
JM1,9419,7794,False,train
JM1,9420,7795,False,train
JM1,9421,7796,False,train
JM1,9422,7797,False,train
JM1,9423,7798,False,test
JM1,9424,7799,False,test
JM1,9425,7800,False,train
JM1,9426,7801,False,train
JM1,9427,7799,False,test
JM1,9428,7802,False,train
JM1,9429,7803,False,train
JM1,9430,7804,False,train
JM1,9431,2450,False,validation
JM1,9432,7805,False,validation
JM1,9433,7806,False,train
JM1,9434,7807,False,train
JM1,9435,7808,False,test
JM1,9436,7809,False,train
JM1,9437,7810,False,validation
JM1,9438,7811,False,train
JM1,9439,7812,False,train
JM1,9440,7813,False,test
JM1,9441,4157,False,train
JM1,9442,7814,False,test
JM1,9443,7815,False,train
JM1,9444,7816,False,validation
JM1,9445,7817,False,train
JM1,9446,7818,False,train
JM1,9447,7819,False,train
JM1,9448,7820,False,validation
JM1,9449,7821,False,test
JM1,9450,7822,False,test
JM1,9451,819,False,validation
JM1,9452,7823,False,train
JM1,9453,7824,False,train
JM1,9454,7825,False,test
JM1,9455,7826,False,train
JM1,9456,7827,False,test
JM1,9457,7828,False,train
JM1,9458,7829,False,train
JM1,9459,7830,False,train
JM1,9460,7831,False,train
JM1,9461,7832,False,train
JM1,9462,7833,False,train
JM1,9463,7834,False,train
JM1,9464,7835,False,train
JM1,9465,7836,False,test
JM1,9466,7837,False,train
JM1,9467,7838,False,train
JM1,9468,7839,False,test
JM1,9469,7840,False,train
JM1,9470,7841,False,validation
JM1,9471,7842,False,test
JM1,9472,7843,False,train
JM1,9473,7844,False,train
JM1,9474,7845,False,train
JM1,9475,835,False,train
JM1,9476,7846,False,validation
JM1,9477,7847,False,validation
JM1,9478,7848,False,train
JM1,9479,7849,False,train
JM1,9480,7850,False,test
JM1,9481,7851,False,train
JM1,9482,7852,False,train
JM1,9483,7853,False,train
JM1,9484,7854,False,train
JM1,9485,7855,False,train
JM1,9486,7856,False,train
JM1,9487,7857,False,train
JM1,9488,7856,False,train
JM1,9489,7858,False,train
JM1,9490,7859,False,test
JM1,9491,7860,False,train
JM1,9492,7861,False,test
JM1,9493,2332,False,test
JM1,9494,7862,False,validation
JM1,9495,7863,False,test
JM1,9496,1601,False,train
JM1,9497,835,False,train
JM1,9498,1601,False,train
JM1,9499,7864,False,train
JM1,9500,7865,False,train
JM1,9501,7866,False,train
JM1,9502,7867,False,train
JM1,9503,7868,False,train
JM1,9504,7869,False,train
JM1,9505,7870,False,train
JM1,9506,7871,False,train
JM1,9507,7872,False,train
JM1,9508,7873,False,train
JM1,9509,7871,False,train
JM1,9510,7874,False,validation
JM1,9511,7872,False,train
JM1,9512,7872,False,train
JM1,9513,7871,False,train
JM1,9514,7875,False,train
JM1,9515,7876,False,train
JM1,9516,7749,False,train
JM1,9517,7877,False,validation
JM1,9518,7878,False,validation
JM1,9519,7879,False,validation
JM1,9520,7880,False,train
JM1,9521,7881,False,validation
JM1,9522,7882,False,train
JM1,9523,7883,False,train
JM1,9524,7884,False,train
JM1,9525,7885,False,train
JM1,9526,362,False,train
JM1,9527,7886,False,train
JM1,9528,7887,False,train
JM1,9529,7888,False,validation
JM1,9530,7889,False,test
JM1,9531,7890,False,train
JM1,9532,7891,False,validation
JM1,9533,7892,False,train
JM1,9534,7893,False,test
JM1,9535,835,False,train
JM1,9536,7894,False,train
JM1,9537,7895,False,test
JM1,9538,7896,False,train
JM1,9539,835,False,train
JM1,9540,7897,False,validation
JM1,9541,404,False,validation
JM1,9542,7898,False,validation
JM1,9543,7848,False,train
JM1,9544,7899,False,train
JM1,9545,7900,False,train
JM1,9546,7901,False,train
JM1,9547,7900,False,train
JM1,9548,7902,False,train
JM1,9549,7903,False,test
JM1,9550,7904,False,train
JM1,9551,7905,False,train
JM1,9552,7906,False,train
JM1,9553,7907,False,train
JM1,9554,7908,False,train
JM1,9555,7909,False,validation
JM1,9556,7910,False,test
JM1,9557,7911,False,train
JM1,9558,7912,False,validation
JM1,9559,7913,False,validation
JM1,9560,7914,False,test
JM1,9561,7915,False,train
JM1,9562,7916,False,train
JM1,9563,7738,False,test
JM1,9564,7917,False,train
JM1,9565,7918,False,train
JM1,9566,7917,False,train
JM1,9567,7918,False,train
JM1,9568,7919,False,train
JM1,9569,7920,False,train
JM1,9570,7921,False,test
JM1,9571,7922,False,test
JM1,9572,93,False,test
JM1,9573,7923,False,train
JM1,9574,93,False,test
JM1,9575,7923,False,train
JM1,9576,7924,False,test
JM1,9577,7925,False,train
JM1,9578,3682,False,train
JM1,9579,7926,False,train
JM1,9580,7927,False,train
JM1,9581,3087,False,train
JM1,9582,7928,False,train
JM1,9583,7929,False,train
JM1,9584,7930,False,test
JM1,9585,7931,False,test
JM1,9586,7932,False,test
JM1,9587,7933,False,test
JM1,9588,4326,False,train
JM1,9589,7934,False,train
JM1,9590,7935,False,test
JM1,9591,7936,False,train
JM1,9592,7937,False,test
JM1,9593,7938,False,train
JM1,9594,7939,False,train
JM1,9595,6631,False,train
JM1,9596,7940,False,test
JM1,9597,7941,False,test
JM1,9598,7942,False,train
JM1,9599,7943,False,test
JM1,9600,7944,False,train
JM1,9601,7944,False,train
JM1,9602,7945,False,validation
JM1,9603,7946,False,test
JM1,9604,2240,False,train
JM1,9605,7947,False,train
JM1,9606,7948,False,train
JM1,9607,7949,False,test
JM1,9608,2717,False,train
JM1,9609,7950,False,validation
JM1,9610,362,False,train
JM1,9611,7936,False,train
JM1,9612,7950,False,validation
JM1,9613,7951,False,train
JM1,9614,7952,False,train
JM1,9615,7953,False,train
JM1,9616,7954,False,train
JM1,9617,7954,False,train
JM1,9618,7955,False,train
JM1,9619,7954,False,train
JM1,9620,7956,False,train
JM1,9621,7957,False,train
JM1,9622,7958,False,validation
JM1,9623,7959,False,test
JM1,9624,7960,False,train
JM1,9625,7961,False,train
JM1,9626,7962,False,test
JM1,9627,7963,False,test
JM1,9628,7964,False,train
JM1,9629,7965,False,validation
JM1,9630,7966,False,train
JM1,9631,2214,False,train
JM1,9632,7967,False,train
JM1,9633,7968,False,validation
JM1,9634,7969,False,test
JM1,9635,7970,False,test
JM1,9636,7971,False,validation
JM1,9637,7972,False,train
JM1,9638,7973,False,train
JM1,9639,7974,False,validation
JM1,9640,7975,False,train
JM1,9641,7976,False,train
JM1,9642,7977,False,test
JM1,9643,7978,False,train
JM1,9644,7979,False,train
JM1,9645,7980,False,train
JM1,9646,7981,False,train
JM1,9647,7982,False,train
JM1,9648,7983,False,train
JM1,9649,7984,False,validation
JM1,9650,7985,False,train
JM1,9651,7986,False,test
JM1,9652,7987,False,train
JM1,9653,7988,False,train
JM1,9654,7989,False,train
JM1,9655,7990,False,train
JM1,9656,7991,False,train
JM1,9657,7992,False,train
JM1,9658,7993,False,train
JM1,9659,7994,False,test
JM1,9660,7995,False,test
JM1,9661,4336,False,validation
JM1,9662,7996,False,validation
JM1,9663,7997,False,train
JM1,9664,7998,False,train
JM1,9665,2723,False,train
JM1,9666,7999,False,train
JM1,9667,151,False,validation
JM1,9668,8000,False,validation
JM1,9669,8001,False,train
JM1,9670,8002,False,train
JM1,9671,8003,False,train
JM1,9672,8004,False,test
JM1,9673,8005,False,validation
JM1,9674,8006,False,train
JM1,9675,8007,False,train
JM1,9676,8008,False,test
JM1,9677,8008,False,test
JM1,9678,8009,False,test
JM1,9679,8010,False,train
JM1,9680,8011,False,train
JM1,9681,8012,False,train
JM1,9682,8013,False,train
JM1,9683,8014,False,test
JM1,9684,8015,False,train
JM1,9685,8016,False,train
JM1,9686,8017,False,train
JM1,9687,8018,False,validation
JM1,9688,8019,False,train
JM1,9689,8020,False,train
JM1,9690,8021,False,validation
JM1,9691,8022,False,train
JM1,9692,8023,False,train
JM1,9693,8024,False,train
JM1,9694,8025,False,train
JM1,9695,8026,False,train
JM1,9696,8027,False,train
JM1,9697,8028,False,test
JM1,9698,8029,False,train
JM1,9699,8030,False,train
JM1,9700,8031,False,test
JM1,9701,8032,False,train
JM1,9702,8033,False,train
JM1,9703,8034,False,train
JM1,9704,8035,False,train
JM1,9705,8035,False,train
JM1,9706,6829,False,train
JM1,9707,8036,False,train
JM1,9708,2446,False,test
JM1,9709,8037,False,train
JM1,9710,8038,False,train
JM1,9711,8039,False,train
JM1,9712,8040,False,train
JM1,9713,8041,False,train
JM1,9714,8042,False,validation
JM1,9715,8043,False,train
JM1,9716,8044,False,train
JM1,9717,8045,False,train
JM1,9718,8046,False,test
JM1,9719,8047,False,train
JM1,9720,714,False,validation
JM1,9721,8048,False,train
JM1,9722,8042,False,validation
JM1,9723,3376,False,validation
JM1,9724,8049,False,train
JM1,9725,8050,False,train
JM1,9726,8051,False,validation
JM1,9727,8052,False,validation
JM1,9728,8053,False,train
JM1,9729,8054,False,test
JM1,9730,6099,False,train
JM1,9731,151,False,validation
JM1,9732,8055,False,validation
JM1,9733,8056,False,validation
JM1,9734,8057,False,validation
JM1,9735,8058,False,train
JM1,9736,8059,False,train
JM1,9737,8059,False,train
JM1,9738,8059,False,train
JM1,9739,8060,False,validation
JM1,9740,8059,False,train
JM1,9741,8061,False,train
JM1,9742,8062,False,train
JM1,9743,8063,False,train
JM1,9744,8064,False,validation
JM1,9745,8065,False,validation
JM1,9746,8066,False,train
JM1,9747,8067,False,train
JM1,9748,8068,False,test
JM1,9749,8067,False,train
JM1,9750,8069,False,train
JM1,9751,8070,False,test
JM1,9752,8071,False,validation
JM1,9753,8072,False,train
JM1,9754,8071,False,validation
JM1,9755,8073,False,train
JM1,9756,8074,False,train
JM1,9757,8075,False,train
JM1,9758,8076,False,train
JM1,9759,8077,False,validation
JM1,9760,8078,False,train
JM1,9761,8079,False,test
JM1,9762,8080,False,train
JM1,9763,8081,False,train
JM1,9764,8082,False,validation
JM1,9765,8083,False,train
JM1,9766,8084,False,test
JM1,9767,8084,False,test
JM1,9768,8084,False,test
JM1,9769,8084,False,test
JM1,9770,8085,False,validation
JM1,9771,8084,False,test
JM1,9772,8086,False,train
JM1,9773,8087,False,train
JM1,9774,8086,False,train
JM1,9775,8088,False,train
JM1,9776,8089,False,train
JM1,9777,8090,False,train
JM1,9778,8091,False,train
JM1,9779,8088,False,train
JM1,9780,8092,False,validation
JM1,9781,398,False,train
JM1,9782,8086,False,train
JM1,9783,6272,False,train
JM1,9784,2569,False,validation
JM1,9785,2569,False,validation
JM1,9786,2569,False,validation
JM1,9787,2569,False,validation
JM1,9788,8093,False,train
JM1,9789,8093,False,train
JM1,9790,8094,False,train
JM1,9791,8093,False,train
JM1,9792,8095,False,train
JM1,9793,8093,False,train
JM1,9794,8093,False,train
JM1,9795,8093,False,train
JM1,9796,8093,False,train
JM1,9797,8096,False,train
JM1,9798,8097,False,validation
JM1,9799,8093,False,train
JM1,9800,8095,False,train
JM1,9801,8098,False,train
JM1,9802,835,False,train
JM1,9803,8099,False,train
JM1,9804,8100,False,test
JM1,9805,2877,False,train
JM1,9806,8101,False,test
JM1,9807,2879,False,train
JM1,9808,413,False,train
JM1,9809,414,False,train
JM1,9810,8102,False,train
JM1,9811,8103,False,validation
JM1,9812,8104,False,train
JM1,9813,8105,False,validation
JM1,9814,8105,False,validation
JM1,9815,8106,False,test
JM1,9816,362,False,train
JM1,9817,8107,False,test
JM1,9818,8108,False,test
JM1,9819,8109,False,train
JM1,9820,8110,False,train
JM1,9821,8111,False,train
JM1,9822,8105,False,validation
JM1,9823,8112,False,train
JM1,9824,8113,False,test
JM1,9825,8114,False,test
JM1,9826,8115,False,train
JM1,9827,151,False,validation
JM1,9828,835,False,train
JM1,9829,8105,False,validation
JM1,9830,8116,False,test
JM1,9831,8114,False,test
JM1,9832,8114,False,test
JM1,9833,8117,False,train
JM1,9834,8105,False,validation
JM1,9835,151,False,validation
JM1,9836,835,False,train
JM1,9837,8118,False,train
JM1,9838,8119,False,train
JM1,9839,8120,False,test
JM1,9840,8121,False,train
JM1,9841,8122,False,train
JM1,9842,8123,False,train
JM1,9843,8124,False,train
JM1,9844,8125,False,test
JM1,9845,8126,False,train
JM1,9846,8127,False,train
JM1,9847,8128,False,test
JM1,9848,8128,False,test
JM1,9849,8129,False,train
JM1,9850,362,False,train
JM1,9851,8130,False,train
JM1,9852,362,False,train
JM1,9853,8131,False,train
JM1,9854,8132,False,train
JM1,9855,8133,False,train
JM1,9856,8134,False,validation
JM1,9857,8135,False,test
JM1,9858,8136,False,train
JM1,9859,8137,False,train
JM1,9860,8138,False,validation
JM1,9861,362,False,train
JM1,9862,8139,False,train
JM1,9863,8140,False,train
JM1,9864,362,False,train
JM1,9865,8141,False,test
JM1,9866,8142,False,train
JM1,9867,8143,False,train
JM1,9868,8144,False,train
JM1,9869,362,False,train
JM1,9870,8145,False,validation
JM1,9871,362,False,train
JM1,9872,362,False,train
JM1,9873,8146,False,train
JM1,9874,8147,False,train
JM1,9875,362,False,train
JM1,9876,362,False,train
JM1,9877,1002,False,train
JM1,9878,362,False,train
JM1,9879,6712,False,train
JM1,9880,362,False,train
JM1,9881,8148,False,test
JM1,9882,8149,False,test
JM1,9883,8150,False,train
JM1,9884,362,False,train
JM1,9885,362,False,train
JM1,9886,362,False,train
JM1,9887,362,False,train
JM1,9888,8151,False,train
JM1,9889,8152,False,train
JM1,9890,8153,False,test
JM1,9891,8154,False,test
JM1,9892,8154,False,test
JM1,9893,8155,False,train
JM1,9894,8156,False,test
JM1,9895,8157,False,train
JM1,9896,8158,False,validation
JM1,9897,8159,False,train
JM1,9898,8160,False,train
JM1,9899,362,False,train
JM1,9900,1107,False,validation
JM1,9901,4499,False,train
JM1,9902,362,False,train
JM1,9903,8161,False,validation
JM1,9904,8162,False,train
JM1,9905,8163,False,train
JM1,9906,8164,False,train
JM1,9907,8165,False,train
JM1,9908,362,False,train
JM1,9909,5657,False,test
JM1,9910,8166,False,train
JM1,9911,8167,False,train
JM1,9912,8168,False,train
JM1,9913,8169,False,train
JM1,9914,8168,False,train
JM1,9915,8169,False,train
JM1,9916,8170,False,test
JM1,9917,151,False,validation
JM1,9918,8171,False,train
JM1,9919,8172,False,validation
JM1,9920,8173,False,test
JM1,9921,8174,False,train
JM1,9922,8175,False,test
JM1,9923,362,False,train
JM1,9924,8176,False,validation
JM1,9925,8177,False,test
JM1,9926,8178,False,train
JM1,9927,2945,False,train
JM1,9928,8179,False,test
JM1,9929,8180,False,train
JM1,9930,8181,False,train
JM1,9931,822,False,train
JM1,9932,362,False,train
JM1,9933,7387,False,test
JM1,9934,7387,False,test
JM1,9935,8182,False,validation
JM1,9936,8183,False,train
JM1,9937,8184,False,train
JM1,9938,8185,False,train
JM1,9939,8186,False,test
JM1,9940,8187,False,validation
JM1,9941,8188,False,train
JM1,9942,8189,False,train
JM1,9943,8190,False,test
JM1,9944,362,False,train
JM1,9945,8171,False,train
JM1,9946,8191,False,train
JM1,9947,8192,False,train
JM1,9948,362,False,train
JM1,9949,8193,False,train
JM1,9950,8194,False,train
JM1,9951,8195,False,train
JM1,9952,8196,False,train
JM1,9953,8197,False,train
JM1,9954,8198,False,validation
JM1,9955,8199,False,test
JM1,9956,3875,False,test
JM1,9957,8200,False,train
JM1,9958,8201,False,train
JM1,9959,8202,False,train
JM1,9960,8203,False,train
JM1,9961,8204,False,test
JM1,9962,8205,False,train
JM1,9963,8203,False,train
JM1,9964,8206,False,train
JM1,9965,8203,False,train
JM1,9966,8207,False,train
JM1,9967,8203,False,train
JM1,9968,8208,False,train
JM1,9969,8209,False,test
JM1,9970,8210,False,train
JM1,9971,8211,False,train
JM1,9972,8212,False,train
JM1,9973,8213,False,validation
JM1,9974,2221,False,train
JM1,9975,8214,False,test
JM1,9976,8215,False,train
JM1,9977,8216,False,test
JM1,9978,8217,False,train
JM1,9979,8218,False,test
JM1,9980,3125,False,train
JM1,9981,8219,False,train
JM1,9982,8220,False,train
JM1,9983,8221,False,train
JM1,9984,8222,False,test
JM1,9985,8223,False,train
JM1,9986,8224,False,train
JM1,9987,8225,False,validation
JM1,9988,8226,False,test
JM1,9989,8227,False,train
JM1,9990,8228,False,train
JM1,9991,8229,False,test
JM1,9992,8230,False,train
JM1,9993,8231,False,test
JM1,9994,8232,False,test
JM1,9995,8233,False,train
JM1,9996,8234,False,train
JM1,9997,8235,False,test
JM1,9998,8236,False,validation
JM1,9999,8237,False,test
JM1,10000,8238,False,test
JM1,10001,8239,False,test
JM1,10002,8240,False,train
JM1,10003,8241,False,train
JM1,10004,8242,False,train
JM1,10005,8243,False,train
JM1,10006,8244,False,test
JM1,10007,8245,False,train
JM1,10008,8246,False,validation
JM1,10009,8247,False,test
JM1,10010,8248,False,train
JM1,10011,8249,False,train
JM1,10012,8250,False,train
JM1,10013,8251,False,train
JM1,10014,8252,False,train
JM1,10015,8253,False,train
JM1,10016,8254,False,test
JM1,10017,8255,False,train
JM1,10018,2545,False,train
JM1,10019,5977,False,test
JM1,10020,8256,False,test
JM1,10021,5977,False,test
JM1,10022,8257,False,train
JM1,10023,8258,False,train
JM1,10024,2805,False,validation
JM1,10025,8259,False,train
JM1,10026,8260,False,train
JM1,10027,8261,False,train
JM1,10028,8262,False,train
JM1,10029,8263,False,train
JM1,10030,8264,False,train
JM1,10031,8265,False,train
JM1,10032,8266,False,train
JM1,10033,8267,False,train
JM1,10034,6133,False,train
JM1,10035,8268,False,test
JM1,10036,835,False,train
JM1,10037,8269,False,train
JM1,10038,8270,False,train
JM1,10039,8271,False,train
JM1,10040,8272,False,test
JM1,10041,8273,False,train
JM1,10042,8274,False,train
JM1,10043,8275,False,test
JM1,10044,8276,False,train
JM1,10045,6133,False,train
JM1,10046,6133,False,train
JM1,10047,8277,False,train
JM1,10048,8278,False,train
JM1,10049,8279,False,train
JM1,10050,8280,False,test
JM1,10051,5660,False,train
JM1,10052,8281,False,train
JM1,10053,8282,False,train
JM1,10054,151,False,validation
JM1,10055,93,False,test
JM1,10056,8283,False,test
JM1,10057,8284,False,train
JM1,10058,5505,False,test
JM1,10059,8285,False,train
JM1,10060,2166,False,train
JM1,10061,4424,False,validation
JM1,10062,8286,False,train
JM1,10063,8287,False,train
JM1,10064,8288,False,train
JM1,10065,8289,False,train
JM1,10066,8290,False,train
JM1,10067,5455,False,train
JM1,10068,5735,False,test
JM1,10069,8291,False,train
JM1,10070,8292,False,train
JM1,10071,8293,False,test
JM1,10072,5739,False,train
JM1,10073,5740,False,validation
JM1,10074,5742,False,test
JM1,10075,5743,False,train
JM1,10076,5744,False,train
JM1,10077,5743,False,train
JM1,10078,5745,False,train
JM1,10079,5744,False,train
JM1,10080,8294,False,train
JM1,10081,8295,False,train
JM1,10082,8296,False,train
JM1,10083,8297,False,train
JM1,10084,8298,False,train
JM1,10085,8299,False,validation
JM1,10086,8300,False,test
JM1,10087,8301,False,train
JM1,10088,8300,False,test
JM1,10089,8301,False,train
JM1,10090,8302,False,train
JM1,10091,8303,False,test
JM1,10092,8304,False,test
JM1,10093,8305,False,test
JM1,10094,2908,False,validation
JM1,10095,8306,False,train
JM1,10096,8307,False,test
JM1,10097,8308,False,test
JM1,10098,8306,False,train
JM1,10099,8306,False,train
JM1,10100,8309,False,train
JM1,10101,362,False,train
JM1,10102,8310,False,train
JM1,10103,8311,False,test
JM1,10104,362,False,train
JM1,10105,5527,False,train
JM1,10106,8312,False,train
JM1,10107,8313,False,train
JM1,10108,8314,False,validation
JM1,10109,8315,False,train
JM1,10110,8316,False,train
JM1,10111,8317,False,test
JM1,10112,8318,False,test
JM1,10113,8319,False,train
JM1,10114,8320,False,test
JM1,10115,8321,False,validation
JM1,10116,8322,False,train
JM1,10117,8323,False,train
JM1,10118,8324,False,validation
JM1,10119,8325,False,validation
JM1,10120,8326,False,train
JM1,10121,5527,False,train
JM1,10122,8327,False,validation
JM1,10123,8328,False,train
JM1,10124,8329,False,train
JM1,10125,8330,False,train
JM1,10126,8331,False,train
JM1,10127,8332,False,train
JM1,10128,8333,False,test
JM1,10129,8334,False,test
JM1,10130,8335,False,validation
JM1,10131,8336,False,train
JM1,10132,8337,False,validation
JM1,10133,8338,False,validation
JM1,10134,8339,False,validation
JM1,10135,8340,False,test
JM1,10136,8341,False,test
JM1,10137,8342,False,train
JM1,10138,8343,False,train
JM1,10139,8344,False,train
JM1,10140,8345,False,train
JM1,10141,8346,False,test
JM1,10142,8347,False,train
JM1,10143,8348,False,validation
JM1,10144,8349,False,train
JM1,10145,657,False,train
JM1,10146,8350,False,train
JM1,10147,8351,False,test
JM1,10148,8352,False,train
JM1,10149,8353,False,train
JM1,10150,8354,False,test
JM1,10151,8355,False,train
JM1,10152,8356,False,train
JM1,10153,8357,False,test
JM1,10154,8358,False,train
JM1,10155,8359,False,train
JM1,10156,8360,False,validation
JM1,10157,8361,False,train
JM1,10158,8362,False,test
JM1,10159,8363,False,train
JM1,10160,8364,False,test
JM1,10161,8365,False,train
JM1,10162,8366,False,train
JM1,10163,8367,False,train
JM1,10164,8368,False,train
JM1,10165,8369,False,test
JM1,10166,8370,False,validation
JM1,10167,8371,False,test
JM1,10168,8372,False,validation
JM1,10169,8373,False,train
JM1,10170,8374,False,train
JM1,10171,8375,False,train
JM1,10172,8376,False,test
JM1,10173,8377,False,train
JM1,10174,8378,False,train
JM1,10175,8379,False,test
JM1,10176,8380,False,validation
JM1,10177,8381,False,train
JM1,10178,8382,False,validation
JM1,10179,8383,False,test
JM1,10180,8384,False,train
JM1,10181,5527,False,train
JM1,10182,8385,False,train
JM1,10183,8386,False,test
JM1,10184,8387,False,validation
JM1,10185,8388,False,train
JM1,10186,8389,False,train
JM1,10187,8390,False,train
JM1,10188,8391,False,train
JM1,10189,8392,False,train
JM1,10190,8393,False,train
JM1,10191,8394,False,validation
JM1,10192,8395,False,validation
JM1,10193,8396,False,train
JM1,10194,8397,False,train
JM1,10195,8398,False,train
JM1,10196,8399,False,train
JM1,10197,8400,False,train
JM1,10198,8401,False,test
JM1,10199,8402,False,train
JM1,10200,8403,False,train
JM1,10201,8404,False,validation
JM1,10202,8405,False,train
JM1,10203,75,False,train
JM1,10204,8406,False,validation
JM1,10205,8407,False,validation
JM1,10206,8408,False,validation
JM1,10207,8409,False,train
JM1,10208,8410,False,train
JM1,10209,8411,False,train
JM1,10210,8412,False,train
JM1,10211,8413,False,train
JM1,10212,8414,False,train
JM1,10213,8415,False,train
JM1,10214,8416,False,train
JM1,10215,8417,False,validation
JM1,10216,8418,False,train
JM1,10217,8419,False,train
JM1,10218,8420,False,train
JM1,10219,3162,False,test
JM1,10220,8421,False,train
JM1,10221,8422,False,test
JM1,10222,8423,False,train
JM1,10223,8424,False,train
JM1,10224,8425,False,train
JM1,10225,8426,False,train
JM1,10226,8427,False,validation
JM1,10227,8428,False,test
JM1,10228,8429,False,train
JM1,10229,8430,False,test
JM1,10230,8431,False,test
JM1,10231,8432,False,train
JM1,10232,8433,False,test
JM1,10233,8434,False,train
JM1,10234,8435,False,train
JM1,10235,8436,False,test
JM1,10236,8437,False,train
JM1,10237,8438,False,train
JM1,10238,8439,False,train
JM1,10239,8440,False,train
JM1,10240,8441,False,train
JM1,10241,8442,False,train
JM1,10242,8443,False,train
JM1,10243,5106,False,train
JM1,10244,8444,False,train
JM1,10245,8445,False,train
JM1,10246,8446,False,validation
JM1,10247,362,False,train
JM1,10248,8447,False,validation
JM1,10249,8448,False,train
JM1,10250,8449,False,train
JM1,10251,8450,False,test
JM1,10252,8451,False,train
JM1,10253,8452,False,validation
JM1,10254,8453,False,train
JM1,10255,8454,False,test
JM1,10256,8455,False,train
JM1,10257,8456,False,validation
JM1,10258,8457,False,train
JM1,10259,8458,False,train
JM1,10260,8459,False,validation
JM1,10261,8460,False,train
JM1,10262,8461,False,validation
JM1,10263,8462,False,test
JM1,10264,8463,False,train
JM1,10265,8464,False,train
JM1,10266,8465,False,train
JM1,10267,8466,False,train
JM1,10268,8467,False,train
JM1,10269,8468,False,train
JM1,10270,8469,False,train
JM1,10271,8470,False,validation
JM1,10272,8471,False,train
JM1,10273,8472,False,test
JM1,10274,1143,False,train
JM1,10275,8473,False,validation
JM1,10276,8474,False,train
JM1,10277,8475,False,train
JM1,10278,8476,False,train
JM1,10279,8477,False,train
JM1,10280,8478,False,train
JM1,10281,362,False,train
JM1,10282,8479,False,validation
JM1,10283,8480,False,test
JM1,10284,8481,False,train
JM1,10285,8482,False,train
JM1,10286,8483,False,train
JM1,10287,8484,False,train
JM1,10288,8485,False,train
JM1,10289,8486,False,train
JM1,10290,5527,False,train
JM1,10291,8487,False,train
JM1,10292,8488,False,train
JM1,10293,8489,False,test
JM1,10294,8490,False,test
JM1,10295,93,False,test
JM1,10296,8491,False,train
JM1,10297,8492,False,train
JM1,10298,8493,False,train
JM1,10299,8494,False,train
JM1,10300,8494,False,train
JM1,10301,5373,False,validation
JM1,10302,8495,False,train
JM1,10303,8496,False,train
JM1,10304,8497,False,validation
JM1,10305,8497,False,validation
JM1,10306,6780,False,train
JM1,10307,8498,False,test
JM1,10308,8499,False,train
JM1,10309,404,False,validation
JM1,10310,8500,False,test
JM1,10311,8501,False,train
JM1,10312,8502,False,train
JM1,10313,8503,False,train
JM1,10314,8504,False,test
JM1,10315,1331,False,test
JM1,10316,8505,False,test
JM1,10317,8506,False,train
JM1,10318,8507,False,train
JM1,10319,8508,False,validation
JM1,10320,8509,False,train
JM1,10321,8510,False,test
JM1,10322,5048,False,test
JM1,10323,8511,False,train
JM1,10324,5302,False,train
JM1,10325,8512,False,test
JM1,10326,6156,False,test
JM1,10327,5305,False,train
JM1,10328,8513,False,train
JM1,10329,5307,False,train
JM1,10330,8514,False,train
JM1,10331,8515,False,test
JM1,10332,8516,False,test
JM1,10333,8517,False,train
JM1,10334,8518,False,train
JM1,10335,8519,False,train
JM1,10336,5308,False,train
JM1,10337,8520,False,train
JM1,10338,8521,False,train
JM1,10339,8522,False,train
JM1,10340,8523,False,validation
JM1,10341,5310,False,train
JM1,10342,8524,False,train
JM1,10343,8525,False,train
JM1,10344,5311,False,test
JM1,10345,8526,False,train
JM1,10346,8527,False,train
JM1,10347,8528,False,train
JM1,10348,8529,False,test
JM1,10349,8530,False,train
JM1,10350,8531,False,test
JM1,10351,8532,False,train
JM1,10352,8533,False,train
JM1,10353,8534,False,train
JM1,10354,8533,False,train
JM1,10355,8535,False,train
JM1,10356,8536,False,train
JM1,10357,8537,False,train
JM1,10358,8533,False,train
JM1,10359,8533,False,train
JM1,10360,8538,False,train
JM1,10361,8539,False,train
JM1,10362,8540,False,validation
JM1,10363,8541,False,validation
JM1,10364,8541,False,validation
JM1,10365,8542,False,validation
JM1,10366,8533,False,train
JM1,10367,8543,False,train
JM1,10368,8544,False,test
JM1,10369,8545,False,train
JM1,10370,8546,False,train
JM1,10371,8547,False,test
JM1,10372,8548,False,train
JM1,10373,8549,False,train
JM1,10374,8550,False,train
JM1,10375,8551,False,train
JM1,10376,8552,False,train
JM1,10377,8553,False,validation
JM1,10378,8554,False,train
JM1,10379,8555,False,train
JM1,10380,8556,False,test
JM1,10381,8557,False,train
JM1,10382,8558,False,train
JM1,10383,8559,False,test
JM1,10384,8560,False,train
JM1,10385,2480,False,test
JM1,10386,8561,False,test
JM1,10387,8562,False,train
JM1,10388,8563,False,train
JM1,10389,8564,False,test
JM1,10390,8565,False,train
JM1,10391,8566,False,train
JM1,10392,8567,False,train
JM1,10393,8568,False,train
JM1,10394,8569,False,train
JM1,10395,8570,False,train
JM1,10396,8570,False,train
JM1,10397,8571,False,train
JM1,10398,8572,False,test
JM1,10399,8572,False,test
JM1,10400,8561,False,test
JM1,10401,8573,False,train
JM1,10402,8574,False,train
JM1,10403,8575,False,train
JM1,10404,8576,False,train
JM1,10405,8577,False,train
JM1,10406,8578,False,train
JM1,10407,8579,False,train
JM1,10408,8580,False,train
JM1,10409,8581,False,train
JM1,10410,8582,False,train
JM1,10411,8583,False,train
JM1,10412,8584,False,test
JM1,10413,8585,False,train
JM1,10414,8586,False,validation
JM1,10415,8587,False,validation
JM1,10416,8577,False,train
JM1,10417,8588,False,test
JM1,10418,8589,False,train
JM1,10419,362,False,train
JM1,10420,835,False,train
JM1,10421,8590,False,train
JM1,10422,8591,False,train
JM1,10423,8592,False,train
JM1,10424,8593,False,train
JM1,10425,8594,False,train
JM1,10426,8595,False,train
JM1,10427,8596,False,validation
JM1,10428,8597,False,validation
JM1,10429,8598,False,train
JM1,10430,2239,False,train
JM1,10431,8599,False,train
JM1,10432,8600,False,test
JM1,10433,8601,False,validation
JM1,10434,151,False,validation
JM1,10435,151,False,validation
JM1,10436,8602,False,train
JM1,10437,8603,False,train
JM1,10438,8604,False,train
JM1,10439,8605,False,train
JM1,10440,8606,False,test
JM1,10441,8607,False,validation
JM1,10442,8608,False,validation
JM1,10443,8609,False,train
JM1,10444,8610,False,validation
JM1,10445,3898,False,train
JM1,10446,8611,False,train
JM1,10447,8612,False,test
JM1,10448,8613,False,train
JM1,10449,8614,False,train
JM1,10450,8615,False,train
JM1,10451,8616,False,train
JM1,10452,8617,False,train
JM1,10453,524,False,train
JM1,10454,8618,False,test
JM1,10455,835,False,train
JM1,10456,8619,False,validation
JM1,10457,6981,False,train
JM1,10458,8620,False,train
JM1,10459,8621,False,train
JM1,10460,8122,False,train
JM1,10461,8622,False,train
JM1,10462,3608,False,test
JM1,10463,8623,False,validation
JM1,10464,8624,False,validation
JM1,10465,8625,False,validation
JM1,10466,8626,False,train
JM1,10467,369,False,train
JM1,10468,369,False,train
JM1,10469,369,False,train
JM1,10470,8627,False,test
JM1,10471,369,False,train
JM1,10472,8628,False,test
JM1,10473,369,False,train
JM1,10474,369,False,train
JM1,10475,8629,False,train
JM1,10476,381,False,train
JM1,10477,8630,False,train
JM1,10478,8631,False,train
JM1,10479,6272,False,train
JM1,10480,8632,False,train
JM1,10481,8625,False,validation
JM1,10482,8633,False,validation
JM1,10483,8634,False,test
JM1,10484,8635,False,train
JM1,10485,6272,False,train
JM1,10486,6272,False,train
JM1,10487,8636,False,validation
JM1,10488,6272,False,train
JM1,10489,8637,False,train
JM1,10490,8638,False,validation
JM1,10491,8639,False,train
JM1,10492,8640,False,validation
JM1,10493,8641,False,train
JM1,10494,8642,False,train
JM1,10495,4637,False,test
JM1,10496,2165,False,train
JM1,10497,6272,False,train
JM1,10498,6272,False,train
JM1,10499,369,False,train
JM1,10500,8643,False,train
JM1,10501,8643,False,train
JM1,10502,8644,False,train
JM1,10503,8645,False,train
JM1,10504,2925,False,validation
JM1,10505,2925,False,validation
JM1,10506,2925,False,validation
JM1,10507,8646,False,train
JM1,10508,2925,False,validation
JM1,10509,8647,False,test
JM1,10510,2925,False,validation
JM1,10511,369,False,train
JM1,10512,369,False,train
JM1,10513,2925,False,validation
JM1,10514,2925,False,validation
JM1,10515,369,False,train
JM1,10516,2925,False,validation
JM1,10517,8648,False,train
JM1,10518,7482,False,train
JM1,10519,8649,False,train
JM1,10520,2165,False,train
JM1,10521,8650,False,train
JM1,10522,6272,False,train
JM1,10523,8651,False,train
JM1,10524,8652,False,validation
JM1,10525,8653,False,train
JM1,10526,8654,False,test
JM1,10527,8655,False,test
JM1,10528,8656,False,train
JM1,10529,8657,False,train
JM1,10530,8658,False,train
JM1,10531,8641,False,train
JM1,10532,8659,False,train
JM1,10533,8660,False,validation
JM1,10534,8661,False,train
JM1,10535,8661,False,train
JM1,10536,8628,False,test
JM1,10537,8628,False,test
JM1,10538,2925,False,validation
JM1,10539,8628,False,test
JM1,10540,8662,False,train
JM1,10541,8642,False,train
JM1,10542,369,False,train
JM1,10543,6272,False,train
JM1,10544,8663,False,test
JM1,10545,6272,False,train
JM1,10546,369,False,train
JM1,10547,6272,False,train
JM1,10548,381,False,train
JM1,10549,8664,False,validation
JM1,10550,8665,False,train
JM1,10551,6717,False,train
JM1,10552,8666,False,train
JM1,10553,8667,False,train
JM1,10554,8659,False,train
JM1,10555,8668,False,test
JM1,10556,2925,False,validation
JM1,10557,8669,False,train
JM1,10558,8670,False,train
JM1,10559,151,False,validation
JM1,10560,151,False,validation
JM1,10561,8671,False,train
JM1,10562,369,False,train
JM1,10563,369,False,train
JM1,10564,369,False,train
JM1,10565,8628,False,test
JM1,10566,87,False,test
JM1,10567,8672,False,train
JM1,10568,4637,False,test
JM1,10569,4637,False,test
JM1,10570,8673,False,train
JM1,10571,8629,False,train
JM1,10572,2925,False,validation
JM1,10573,2925,False,validation
JM1,10574,6712,False,train
JM1,10575,2165,False,train
JM1,10576,2925,False,validation
JM1,10577,8674,False,validation
JM1,10578,8675,False,test
JM1,10579,381,False,train
JM1,10580,2925,False,validation
JM1,10581,2925,False,validation
JM1,10582,5483,False,validation
JM1,10583,8676,False,train
JM1,10584,8677,False,validation
JM1,10585,8678,False,train
JM1,10586,8679,False,test
JM1,10587,8680,False,test
JM1,10588,8681,False,train
JM1,10589,2165,False,train
JM1,10590,6272,False,train
JM1,10591,369,False,train
JM1,10592,369,False,train
JM1,10593,369,False,train
JM1,10594,369,False,train
JM1,10595,369,False,train
JM1,10596,8682,False,train
JM1,10597,2925,False,validation
JM1,10598,2925,False,validation
JM1,10599,2166,False,train
JM1,10600,8683,False,validation
JM1,10601,8684,False,test
JM1,10602,6272,False,train
JM1,10603,8643,False,train
JM1,10604,8643,False,train
JM1,10605,6657,False,train
JM1,10606,2165,False,train
JM1,10607,2925,False,validation
JM1,10608,8685,False,test
JM1,10609,8686,False,train
JM1,10610,8687,False,test
JM1,10611,151,False,validation
JM1,10612,151,False,validation
JM1,10613,369,False,train
JM1,10614,369,False,train
JM1,10615,2925,False,validation
JM1,10616,2925,False,validation
JM1,10617,2925,False,validation
JM1,10618,2925,False,validation
JM1,10619,2925,False,validation
JM1,10620,2925,False,validation
JM1,10621,5483,False,validation
JM1,10622,8637,False,train
JM1,10623,8688,False,train
JM1,10624,8689,False,train
JM1,10625,8690,False,validation
JM1,10626,8691,False,train
JM1,10627,8692,False,train
JM1,10628,6272,False,train
JM1,10629,5899,False,train
JM1,10630,2925,False,validation
JM1,10631,2925,False,validation
JM1,10632,2925,False,validation
JM1,10633,8693,False,validation
JM1,10634,2925,False,validation
JM1,10635,8694,False,train
JM1,10636,5483,False,validation
JM1,10637,369,False,train
JM1,10638,2165,False,train
JM1,10639,369,False,train
JM1,10640,369,False,train
JM1,10641,8695,False,train
JM1,10642,8695,False,train
JM1,10643,8696,False,train
JM1,10644,8697,False,train
JM1,10645,8698,False,validation
JM1,10646,2165,False,train
JM1,10647,2925,False,validation
JM1,10648,6415,False,validation
JM1,10649,6272,False,train
JM1,10650,8699,False,validation
JM1,10651,8700,False,test
JM1,10652,8701,False,train
JM1,10653,8702,False,train
JM1,10654,8703,False,test
JM1,10655,8702,False,train
JM1,10656,8704,False,train
JM1,10657,8702,False,train
JM1,10658,8705,False,train
JM1,10659,8706,False,train
JM1,10660,8707,False,train
JM1,10661,8708,False,train
JM1,10662,8709,False,train
JM1,10663,8710,False,train
JM1,10664,8711,False,train
JM1,10665,8702,False,train
JM1,10666,8712,False,train
JM1,10667,8713,False,train
JM1,10668,8700,False,test
JM1,10669,8714,False,train
JM1,10670,8702,False,train
JM1,10671,8702,False,train
JM1,10672,8700,False,test
JM1,10673,8715,False,train
JM1,10674,8641,False,train
JM1,10675,8627,False,test
JM1,10676,8716,False,test
JM1,10677,6272,False,train
JM1,10678,2925,False,validation
JM1,10679,2925,False,validation
JM1,10680,4536,False,train
JM1,10681,7494,False,validation
JM1,10682,8717,False,train
JM1,10683,5483,False,validation
JM1,10684,2925,False,validation
JM1,10685,8718,False,train
JM1,10686,8719,False,train
JM1,10687,8719,False,train
JM1,10688,8720,False,train
JM1,10689,8719,False,train
JM1,10690,8718,False,train
JM1,10691,8641,False,train
JM1,10692,8683,False,validation
JM1,10693,8684,False,test
JM1,10694,2165,False,train
JM1,10695,8721,False,train
JM1,10696,8722,False,train
JM1,10697,4336,False,validation
JM1,10698,369,False,train
JM1,10699,8723,False,train
JM1,10700,151,False,validation
JM1,10701,151,False,validation
JM1,10702,8724,False,test
JM1,10703,8725,False,train
JM1,10704,8726,False,train
JM1,10705,2925,False,validation
JM1,10706,8727,False,train
JM1,10707,8628,False,test
JM1,10708,8728,False,train
JM1,10709,8729,False,test
JM1,10710,8730,False,test
JM1,10711,6272,False,train
JM1,10712,8699,False,validation
JM1,10713,8637,False,train
JM1,10714,6272,False,train
JM1,10715,2925,False,validation
JM1,10716,6272,False,train
JM1,10717,8731,False,train
JM1,10718,8732,False,test
JM1,10719,2925,False,validation
JM1,10720,4637,False,test
JM1,10721,2925,False,validation
JM1,10722,2925,False,validation
JM1,10723,2925,False,validation
JM1,10724,2925,False,validation
JM1,10725,87,False,test
JM1,10726,8699,False,validation
JM1,10727,8733,False,train
JM1,10728,8734,False,train
JM1,10729,8735,False,train
JM1,10730,8736,False,train
JM1,10731,8737,False,train
JM1,10732,2925,False,validation
JM1,10733,2925,False,validation
JM1,10734,8737,False,train
JM1,10735,2925,False,validation
JM1,10736,2925,False,validation
JM1,10737,2925,False,validation
JM1,10738,6272,False,train
JM1,10739,2925,False,validation
JM1,10740,6272,False,train
JM1,10741,8738,False,test
JM1,10742,151,False,validation
JM1,10743,151,False,validation
JM1,10744,369,False,train
JM1,10745,8671,False,train
JM1,10746,8739,False,validation
JM1,10747,2165,False,train
JM1,10748,8740,False,test
JM1,10749,6272,False,train
JM1,10750,369,False,train
JM1,10751,369,False,train
JM1,10752,369,False,train
JM1,10753,8741,False,train
JM1,10754,8742,False,train
JM1,10755,8743,False,validation
JM1,10756,8744,False,validation
JM1,10757,8641,False,train
JM1,10758,8628,False,test
JM1,10759,8628,False,test
JM1,10760,8628,False,test
JM1,10761,6272,False,train
JM1,10762,8628,False,test
JM1,10763,6272,False,train
JM1,10764,6272,False,train
JM1,10765,6272,False,train
JM1,10766,8745,False,train
JM1,10767,8745,False,train
JM1,10768,8746,False,validation
JM1,10769,8747,False,test
JM1,10770,8748,False,test
JM1,10771,8700,False,test
JM1,10772,87,False,test
JM1,10773,8700,False,test
JM1,10774,8749,False,train
JM1,10775,8700,False,test
JM1,10776,8700,False,test
JM1,10777,8750,False,train
JM1,10778,8712,False,train
JM1,10779,8751,False,test
JM1,10780,5899,False,train
JM1,10781,8752,False,test
JM1,10782,8748,False,test
JM1,10783,8748,False,test
JM1,10784,8753,False,train
JM1,10785,8754,False,train
JM1,10786,8754,False,train
JM1,10787,8755,False,test
JM1,10788,8641,False,train
JM1,10789,8756,False,train
JM1,10790,8641,False,train
JM1,10791,8753,False,train
JM1,10792,8753,False,train
JM1,10793,6272,False,train
JM1,10794,8757,False,test
JM1,10795,8758,False,train
JM1,10796,8759,False,test
JM1,10797,8760,False,train
JM1,10798,8761,False,train
JM1,10799,7611,False,train
JM1,10800,2165,False,train
JM1,10801,8762,False,train
JM1,10802,2166,False,train
JM1,10803,8763,False,train
JM1,10804,8764,False,test
JM1,10805,8765,False,validation
JM1,10806,2925,False,validation
JM1,10807,789,False,train
JM1,10808,8766,False,train
JM1,10809,8767,False,train
JM1,10810,2925,False,validation
JM1,10811,2925,False,validation
JM1,10812,381,False,train
JM1,10813,2925,False,validation
JM1,10814,8628,False,test
JM1,10815,2925,False,validation
JM1,10816,2925,False,validation
JM1,10817,8768,False,validation
JM1,10818,2925,False,validation
JM1,10819,2165,False,train
JM1,10820,8769,False,validation
JM1,10821,2165,False,train
JM1,10822,6272,False,train
JM1,10823,8770,False,validation
JM1,10824,8771,False,train
JM1,10825,8772,False,validation
JM1,10826,8773,False,train
JM1,10827,8774,False,train
JM1,10828,8775,False,validation
JM1,10829,524,False,train
JM1,10830,835,False,train
JM1,10831,8776,False,train
JM1,10832,8777,False,train
JM1,10833,8778,False,test
JM1,10834,8779,False,train
JM1,10835,8780,False,validation
JM1,10836,8781,False,train
JM1,10837,8782,False,train
JM1,10838,8783,False,train
JM1,10839,8784,False,train
JM1,10840,8785,False,train
JM1,10841,8786,False,train
JM1,10842,8787,False,test
JM1,10843,8788,False,train
JM1,10844,8789,False,train
JM1,10845,8790,False,validation
JM1,10846,8791,False,train
JM1,10847,8792,False,train
JM1,10848,8793,False,test
JM1,10849,8794,False,test
JM1,10850,8795,False,train
JM1,10851,8796,False,validation
JM1,10852,8797,False,test
JM1,10853,8798,False,train
JM1,10854,8799,False,validation
JM1,10855,8800,False,train
JM1,10856,8801,False,validation
JM1,10857,8802,False,train
JM1,10858,8803,False,train
JM1,10859,8791,False,train
JM1,10860,8804,False,test
JM1,10861,5581,False,test
JM1,10862,8805,False,train
JM1,10863,8806,False,test
JM1,10864,8807,False,train
JM1,10865,8808,False,train
JM1,10866,8809,False,validation
JM1,10867,8810,False,test
JM1,10868,8811,False,train
JM1,10869,8812,False,train
JM1,10870,8811,False,train
JM1,10871,2540,False,train
JM1,10872,404,False,validation
JM1,10873,362,False,train
JM1,10874,8813,False,train
JM1,10875,8814,False,train
JM1,10876,8815,False,train
JM1,10877,8816,False,train
JM1,10878,8817,False,train
JM1,10879,8818,False,train
JM1,10880,8819,False,validation
JM1,10881,7178,False,train
JM1,10882,7179,False,train
JM1,10883,7180,False,test
JM1,10884,7181,False,test
JM1,10885,7182,False,validation
JM1,10886,7183,False,validation
JM1,10887,7184,False,test
JM1,10888,7185,False,train
JM1,10889,7186,False,train
JM1,10890,5141,False,train
JM1,10891,7187,False,train
JM1,10892,7188,False,train
JM1,10893,7189,False,train
JM1,10894,7190,False,train
JM1,10895,1391,False,test
JM1,10896,7191,False,train
JM1,10897,7192,False,test
JM1,10898,7193,False,test
JM1,10899,7194,False,train
JM1,10900,2446,False,test
JM1,10901,7195,False,train
JM1,10902,7196,False,train
JM1,10903,7197,False,validation
JM1,10904,7198,False,test
JM1,10905,7199,False,train
JM1,10906,5094,False,train
JM1,10907,7200,False,test
JM1,10908,7201,False,validation
JM1,10909,7202,False,test
JM1,10910,7203,False,train
JM1,10911,7204,False,train
JM1,10912,7205,False,train
JM1,10913,7206,False,test
JM1,10914,7207,False,train
JM1,10915,7208,False,test
JM1,10916,7209,False,train
JM1,10917,7210,False,train
JM1,10918,1701,False,train
JM1,10919,7211,False,train
JM1,10920,7212,False,test
JM1,10921,7099,False,train
JM1,10922,7213,False,train
JM1,10923,7214,False,train
JM1,10924,7215,False,train
JM1,10925,7108,False,train
JM1,10926,7216,False,train
JM1,10927,7112,False,validation
JM1,10928,7217,False,train
JM1,10929,7218,False,train
JM1,10930,7115,False,train
JM1,10931,556,False,validation
JM1,10932,7219,False,train
JM1,10933,7220,False,test
JM1,10934,7221,False,train
JM1,10935,7222,False,train
JM1,10936,7223,False,test
JM1,10937,7224,False,test
JM1,10938,7225,False,train
JM1,10939,7226,False,train
JM1,10940,7227,False,train
JM1,10941,7228,False,train
JM1,10942,7229,False,train
JM1,10943,7230,False,train
JM1,10944,7231,False,test
JM1,10945,7232,False,train
JM1,10946,7233,False,validation
JM1,10947,7234,False,train
JM1,10948,7235,False,validation
JM1,10949,151,False,validation
JM1,10950,7236,False,train
JM1,10951,7237,False,test
JM1,10952,151,False,validation
JM1,10953,7238,False,train
JM1,10954,7239,False,validation
JM1,10955,7240,False,train
JM1,10956,2805,False,validation
JM1,10957,7241,False,test
JM1,10958,7242,False,test
JM1,10959,7243,False,test
JM1,10960,6903,False,validation
JM1,10961,4537,False,test
JM1,10962,2945,False,train
JM1,10963,6170,False,train
JM1,10964,7244,False,train
JM1,10965,7245,False,test
JM1,10966,7246,False,train
JM1,10967,7247,False,train
JM1,10968,7248,False,train
JM1,10969,7249,False,test
JM1,10970,7250,False,train
JM1,10971,7251,False,train
JM1,10972,7252,False,test
JM1,10973,7253,False,train
JM1,10974,7254,False,train
JM1,10975,7255,False,test
JM1,10976,7256,False,train
JM1,10977,7257,False,train
JM1,10978,362,False,train
JM1,10979,2235,False,train
JM1,10980,7258,False,validation
JM1,10981,7259,False,test
JM1,10982,7260,False,train
JM1,10983,7261,False,train
JM1,10984,7262,False,train
JM1,10985,7263,False,validation
JM1,10986,6099,False,train
JM1,10987,7264,False,test
JM1,10988,362,False,train
JM1,10989,7265,False,validation
JM1,10990,7266,False,validation
JM1,10991,7267,False,test
JM1,10992,7268,False,train
JM1,10993,7269,False,train
JM1,10994,7270,False,train
JM1,10995,7271,False,train
JM1,10996,7272,False,train
JM1,10997,7269,False,train
JM1,10998,7273,False,train
JM1,10999,7274,False,train
JM1,11000,7275,False,train
JM1,11001,7276,False,train
JM1,11002,7277,False,train
JM1,11003,7278,False,test
JM1,11004,7279,False,train
JM1,11005,7280,False,test
JM1,11006,7281,False,train
JM1,11007,7282,False,train
JM1,11008,7283,False,validation
JM1,11009,362,False,train
JM1,11010,7284,False,train
JM1,11011,7285,False,train
JM1,11012,7286,False,test
JM1,11013,7287,False,validation
JM1,11014,7288,False,train
JM1,11015,362,False,train
JM1,11016,2239,False,train
JM1,11017,2938,False,train
JM1,11018,7289,False,validation
JM1,11019,2952,False,train
JM1,11020,2240,False,train
JM1,11021,7290,False,train
JM1,11022,7291,False,train
JM1,11023,7292,False,test
JM1,11024,7293,False,train
JM1,11025,7294,False,test
JM1,11026,374,False,test
JM1,11027,1706,False,train
JM1,11028,1706,False,train
JM1,11029,1706,False,train
JM1,11030,7295,False,train
JM1,11031,7296,False,validation
JM1,11032,7297,False,test
JM1,11033,7298,False,validation
JM1,11034,7299,False,train
JM1,11035,2103,False,train
JM1,11036,7300,False,train
JM1,11037,7301,False,validation
JM1,11038,7302,False,test
JM1,11039,7303,False,train
JM1,11040,7304,False,validation
JM1,11041,7305,False,train
JM1,11042,7306,False,train
JM1,11043,7307,False,train
JM1,11044,93,False,test
JM1,11045,362,False,train
JM1,11046,7308,False,train
JM1,11047,151,False,validation
JM1,11048,7309,False,train
JM1,11049,151,False,validation
JM1,11050,4760,False,test
JM1,11051,362,False,train
JM1,11052,362,False,train
JM1,11053,7310,False,train
JM1,11054,676,False,train
JM1,11055,7311,False,train
JM1,11056,7312,False,train
JM1,11057,813,False,train
JM1,11058,7313,False,train
JM1,11059,7314,False,train
JM1,11060,2235,False,train
JM1,11061,7315,False,train
JM1,11062,7316,False,train
JM1,11063,2235,False,train
JM1,11064,2235,False,train
JM1,11065,7317,False,test
JM1,11066,4541,False,test
JM1,11067,7318,False,validation
JM1,11068,7319,False,train
JM1,11069,7320,False,test
JM1,11070,7321,False,train
JM1,11071,7322,False,train
JM1,11072,7323,False,train
JM1,11073,7324,False,train
JM1,11074,7325,False,validation
JM1,11075,7326,False,validation
JM1,11076,6636,False,validation
JM1,11077,7327,False,test
JM1,11078,7327,False,test
JM1,11079,7328,False,validation
JM1,11080,7329,False,validation
JM1,11081,7330,False,train
JM1,11082,362,False,train
JM1,11083,362,False,train
JM1,11084,7331,False,test
JM1,11085,7332,False,train
JM1,11086,7333,False,train
JM1,11087,7334,False,test
JM1,11088,7335,False,train
JM1,11089,7336,False,test
JM1,11090,7337,False,test
JM1,11091,7338,False,train
JM1,11092,7339,False,train
JM1,11093,7339,False,train
JM1,11094,7340,False,train
JM1,11095,362,False,train
JM1,11096,7341,False,train
JM1,11097,7342,False,train
JM1,11098,2239,False,train
JM1,11099,2738,False,train
JM1,11100,7343,False,train
JM1,11101,7344,False,train
JM1,11102,269,False,test
JM1,11103,7345,False,test
JM1,11104,7346,False,train
JM1,11105,362,False,train
JM1,11106,7347,False,train
JM1,11107,7348,False,train
JM1,11108,7349,False,validation
JM1,11109,7350,False,train
JM1,11110,1002,False,train
JM1,11111,362,False,train
JM1,11112,1143,False,train
JM1,11113,7351,False,validation
JM1,11114,7352,False,test
JM1,11115,7353,False,validation
JM1,11116,2239,False,train
JM1,11117,362,False,train
JM1,11118,7354,False,train
JM1,11119,3496,False,train
JM1,11120,7355,False,train
JM1,11121,7356,False,validation
JM1,11122,374,False,test
JM1,11123,7357,False,train
JM1,11124,4738,False,train
JM1,11125,7358,False,train
JM1,11126,813,False,train
JM1,11127,7359,False,test
JM1,11128,7360,False,train
JM1,11129,362,False,train
JM1,11130,7361,False,validation
JM1,11131,7362,False,train
JM1,11132,7363,False,train
JM1,11133,7363,False,train
JM1,11134,7364,False,train
JM1,11135,7365,False,train
JM1,11136,2167,False,test
JM1,11137,1002,False,train
JM1,11138,7366,False,validation
JM1,11139,7367,False,test
JM1,11140,7368,False,validation
JM1,11141,7369,False,train
JM1,11142,7370,False,train
JM1,11143,7371,False,train
JM1,11144,7372,False,train
JM1,11145,7373,False,train
JM1,11146,2103,False,train
JM1,11147,7374,False,train
JM1,11148,7375,False,test
JM1,11149,93,False,test
JM1,11150,93,False,test
JM1,11151,7376,False,train
JM1,11152,151,False,validation
JM1,11153,7377,False,train
JM1,11154,7378,False,train
JM1,11155,7379,False,train
JM1,11156,7380,False,validation
JM1,11157,7381,False,train
JM1,11158,7353,False,validation
JM1,11159,7382,False,train
JM1,11160,7383,False,validation
JM1,11161,7384,False,train
JM1,11162,7385,False,train
JM1,11163,7386,False,test
JM1,11164,2103,False,train
JM1,11165,7387,False,test
JM1,11166,1143,False,train
JM1,11167,7388,False,train
JM1,11168,362,False,train
JM1,11169,7389,False,train
JM1,11170,7390,False,train
JM1,11171,7391,False,train
JM1,11172,362,False,train
JM1,11173,7392,False,train
JM1,11174,362,False,train
JM1,11175,7393,False,test
JM1,11176,7394,False,test
JM1,11177,7395,False,train
JM1,11178,7396,False,train
JM1,11179,7397,False,train
JM1,11180,7398,False,train
JM1,11181,7399,False,train
JM1,11182,7400,False,train
JM1,11183,7401,False,validation
JM1,11184,3158,False,test
JM1,11185,7402,False,train
JM1,11186,2952,False,train
JM1,11187,7403,False,train
JM1,11188,7404,False,train
JM1,11189,7405,False,train
JM1,11190,93,False,test
JM1,11191,7406,False,validation
JM1,11192,7407,False,test
JM1,11193,7408,False,train
JM1,11194,7409,False,train
JM1,11195,7410,False,validation
JM1,11196,7411,False,test
JM1,11197,7412,False,test
JM1,11198,7413,False,train
JM1,11199,7414,False,train
JM1,11200,813,False,train
JM1,11201,7415,False,train
JM1,11202,7414,False,train
JM1,11203,813,False,train
JM1,11204,7416,False,validation
JM1,11205,7417,False,train
JM1,11206,7418,False,train
JM1,11207,2239,False,train
JM1,11208,7419,False,train
JM1,11209,7420,False,train
JM1,11210,7421,False,train
JM1,11211,151,False,validation
JM1,11212,151,False,validation
JM1,11213,7422,False,validation
JM1,11214,835,False,train
JM1,11215,7423,False,test
JM1,11216,7424,False,train
JM1,11217,7425,False,validation
JM1,11218,7426,False,train
JM1,11219,7427,False,validation
JM1,11220,7428,False,train
JM1,11221,2166,False,train
JM1,11222,6272,False,train
JM1,11223,2926,False,train
JM1,11224,2106,False,train
JM1,11225,7429,False,train
JM1,11226,5660,False,train
JM1,11227,7430,False,test
JM1,11228,7431,False,train
JM1,11229,7432,False,train
JM1,11230,7433,False,train
JM1,11231,7434,False,test
JM1,11232,7359,False,test
JM1,11233,7435,False,train
JM1,11234,7436,False,train
JM1,11235,7437,False,train
JM1,11236,7359,False,test
JM1,11237,7438,False,train
JM1,11238,7439,False,train
JM1,11239,7440,False,test
JM1,11240,7441,False,train
JM1,11241,7359,False,test
JM1,11242,7442,False,train
JM1,11243,7443,False,train
JM1,11244,7444,False,train
JM1,11245,7445,False,train
JM1,11246,7446,False,validation
JM1,11247,7447,False,validation
JM1,11248,7448,False,test
JM1,11249,7449,False,train
JM1,11250,7450,False,train
JM1,11251,151,False,validation
JM1,11252,7451,False,train
JM1,11253,7452,False,validation
JM1,11254,7453,False,validation
JM1,11255,7454,False,train
JM1,11256,7455,False,test
JM1,11257,7455,False,test
JM1,11258,362,False,train
JM1,11259,362,False,train
JM1,11260,362,False,train
JM1,11261,362,False,train
JM1,11262,362,False,train
JM1,11263,362,False,train
JM1,11264,7300,False,train
JM1,11265,362,False,train
JM1,11266,7456,False,test
JM1,11267,2926,False,train
JM1,11268,7457,False,train
JM1,11269,7458,False,train
JM1,11270,7459,False,train
JM1,11271,2239,False,train
JM1,11272,7460,False,train
JM1,11273,7461,False,train
JM1,11274,151,False,validation
JM1,11275,1417,False,train
JM1,11276,7462,False,train
JM1,11277,7463,False,train
JM1,11278,7464,False,train
JM1,11279,7465,False,train
JM1,11280,7466,False,validation
JM1,11281,813,False,train
JM1,11282,7467,False,validation
JM1,11283,7468,False,test
JM1,11284,7469,False,train
JM1,11285,7441,False,train
JM1,11286,7359,False,test
JM1,11287,7470,False,test
JM1,11288,7471,False,train
JM1,11289,7472,False,train
JM1,11290,7473,False,test
JM1,11291,7474,False,test
JM1,11292,7475,False,train
JM1,11293,7476,False,train
JM1,11294,3167,False,validation
JM1,11295,2915,False,test
JM1,11296,7477,False,validation
JM1,11297,7478,False,test
JM1,11298,7479,False,test
JM1,11299,7480,False,test
JM1,11300,7481,False,train
JM1,11301,7482,False,train
JM1,11302,7483,False,test
JM1,11303,7484,False,train
JM1,11304,7485,False,test
JM1,11305,7486,False,train
JM1,11306,7487,False,validation
JM1,11307,7488,False,train
JM1,11308,7489,False,train
JM1,11309,7490,False,train
JM1,11310,7491,False,train
JM1,11311,3594,False,train
JM1,11312,7492,False,validation
JM1,11313,151,False,validation
JM1,11314,7493,False,train
JM1,11315,2915,False,test
JM1,11316,3098,False,test
JM1,11317,3098,False,test
JM1,11318,7494,False,validation
JM1,11319,7495,False,train
JM1,11320,7496,False,train
JM1,11321,7497,False,train
JM1,11322,7498,False,test
JM1,11323,7499,False,train
JM1,11324,7500,False,train
JM1,11325,7501,False,train
JM1,11326,362,False,train
JM1,11327,7502,False,train
JM1,11328,7503,False,train
JM1,11329,1143,False,train
JM1,11330,7504,False,test
JM1,11331,7505,False,train
JM1,11332,7504,False,test
JM1,11333,7506,False,train
JM1,11334,7507,False,train
JM1,11335,7504,False,test
JM1,11336,7508,False,train
JM1,11337,7509,False,test
JM1,11338,7510,False,train
JM1,11339,7504,False,test
JM1,11340,7511,False,test
JM1,11341,7512,False,train
JM1,11342,7513,False,test
JM1,11343,813,False,train
JM1,11344,2239,False,train
JM1,11345,1143,False,train
JM1,11346,7514,False,train
JM1,11347,7485,False,test
JM1,11348,7515,False,train
JM1,11349,7516,False,train
JM1,11350,7517,False,train
JM1,11351,7518,False,validation
JM1,11352,7519,False,test
JM1,11353,7520,False,train
JM1,11354,7521,False,train
JM1,11355,362,False,train
JM1,11356,7522,False,test
JM1,11357,7353,False,validation
JM1,11358,7523,False,validation
JM1,11359,362,False,train
JM1,11360,2480,False,test
JM1,11361,1143,False,train
JM1,11362,7524,False,test
JM1,11363,7525,False,test
JM1,11364,7316,False,train
JM1,11365,7526,False,validation
JM1,11366,680,False,train
JM1,11367,680,False,train
JM1,11368,3377,False,train
JM1,11369,7527,False,validation
JM1,11370,7528,False,train
JM1,11371,6036,False,train
JM1,11372,7529,False,test
JM1,11373,7530,False,validation
JM1,11374,2239,False,train
JM1,11375,7531,False,validation
JM1,11376,7532,False,test
JM1,11377,7533,False,train
JM1,11378,7534,False,train
JM1,11379,362,False,train
JM1,11380,7535,False,train
JM1,11381,2239,False,train
JM1,11382,7536,False,test
JM1,11383,7537,False,train
JM1,11384,7538,False,train
JM1,11385,362,False,train
JM1,11386,7539,False,train
JM1,11387,7539,False,train
JM1,11388,7540,False,test
JM1,11389,151,False,validation
JM1,11390,7541,False,train
JM1,11391,2010,False,test
JM1,11392,7542,False,validation
JM1,11393,7543,False,train
JM1,11394,7544,False,test
JM1,11395,7545,False,train
JM1,11396,7546,False,train
JM1,11397,7547,False,train
JM1,11398,7548,False,train
JM1,11399,7549,False,validation
JM1,11400,7550,False,train
JM1,11401,2915,False,test
JM1,11402,7551,False,train
JM1,11403,7551,False,train
JM1,11404,7551,False,train
JM1,11405,7552,False,validation
JM1,11406,4750,False,test
JM1,11407,7553,False,train
JM1,11408,7554,False,train
JM1,11409,7555,False,test
JM1,11410,7556,False,train
JM1,11411,7557,False,validation
JM1,11412,2152,False,train
JM1,11413,7558,False,train
JM1,11414,7559,False,test
JM1,11415,7560,False,test
JM1,11416,7561,False,train
JM1,11417,7562,False,test
JM1,11418,7563,False,train
JM1,11419,7564,False,train
JM1,11420,7565,False,train
JM1,11421,7565,False,train
JM1,11422,7566,False,test
JM1,11423,813,False,train
JM1,11424,1143,False,train
JM1,11425,3875,False,test
JM1,11426,7567,False,train
JM1,11427,7568,False,train
JM1,11428,7569,False,test
JM1,11429,2010,False,test
JM1,11430,151,False,validation
JM1,11431,7570,False,train
JM1,11432,7571,False,train
JM1,11433,7572,False,train
JM1,11434,7573,False,train
JM1,11435,2235,False,train
JM1,11436,7574,False,test
JM1,11437,7575,False,train
JM1,11438,7576,False,train
JM1,11439,7494,False,validation
JM1,11440,7577,False,train
JM1,11441,7578,False,train
JM1,11442,7579,False,validation
JM1,11443,7580,False,train
JM1,11444,7581,False,test
JM1,11445,7582,False,validation
JM1,11446,7583,False,validation
JM1,11447,7584,False,train
JM1,11448,7585,False,test
JM1,11449,7586,False,train
JM1,11450,7587,False,train
JM1,11451,7588,False,test
JM1,11452,7589,False,test
JM1,11453,362,False,train
JM1,11454,1107,False,validation
JM1,11455,1002,False,train
JM1,11456,7504,False,test
JM1,11457,7590,False,test
JM1,11458,7591,False,train
JM1,11459,7592,False,train
JM1,11460,7593,False,validation
JM1,11461,7594,False,train
JM1,11462,7595,False,test
JM1,11463,7596,False,train
JM1,11464,2010,False,test
JM1,11465,7597,False,validation
JM1,11466,7598,False,train
JM1,11467,7599,False,train
JM1,11468,7598,False,train
JM1,11469,7600,False,train
JM1,11470,7601,False,train
JM1,11471,7601,False,train
JM1,11472,7602,False,train
JM1,11473,7601,False,train
JM1,11474,7601,False,train
JM1,11475,7603,False,train
JM1,11476,813,False,train
JM1,11477,7604,False,train
JM1,11478,7605,False,train
JM1,11479,362,False,train
JM1,11480,362,False,train
JM1,11481,813,False,train
JM1,11482,7606,False,validation
JM1,11483,7607,False,train
JM1,11484,7608,False,train
JM1,11485,952,False,train
JM1,11486,7609,False,train
JM1,11487,7610,False,train
JM1,11488,7611,False,train
JM1,11489,813,False,train
JM1,11490,7612,False,test
JM1,11491,7613,False,train
JM1,11492,813,False,train
JM1,11493,4810,False,validation
JM1,11494,7614,False,train
JM1,11495,740,False,train
JM1,11496,7615,False,validation
JM1,11497,7616,False,validation
JM1,11498,813,False,train
JM1,11499,813,False,train
JM1,11500,7617,False,validation
JM1,11501,7618,False,train
JM1,11502,813,False,train
JM1,11503,7619,False,test
JM1,11504,7620,False,train
JM1,11505,3122,False,train
JM1,11506,7621,False,train
JM1,11507,7622,False,train
JM1,11508,7623,False,train
JM1,11509,7624,False,validation
JM1,11510,362,False,train
JM1,11511,1002,False,train
JM1,11512,362,False,train
JM1,11513,362,False,train
JM1,11514,362,False,train
JM1,11515,2239,False,train
JM1,11516,362,False,train
JM1,11517,1002,False,train
JM1,11518,362,False,train
JM1,11519,362,False,train
JM1,11520,2239,False,train
JM1,11521,362,False,train
JM1,11522,1143,False,train
JM1,11523,7625,False,train
JM1,11524,7626,False,train
JM1,11525,7627,False,train
JM1,11526,7628,False,train
JM1,11527,7629,False,test
JM1,11528,4819,False,train
JM1,11529,7630,False,train
JM1,11530,362,False,train
JM1,11531,7631,False,train
JM1,11532,7632,False,validation
JM1,11533,7633,False,train
JM1,11534,2480,False,test
JM1,11535,7634,False,train
JM1,11536,7635,False,test
JM1,11537,7636,False,validation
JM1,11538,7637,False,train
JM1,11539,7638,False,train
JM1,11540,7639,False,test
JM1,11541,7640,False,train
JM1,11542,4800,False,validation
JM1,11543,7641,False,train
JM1,11544,7642,False,train
JM1,11545,7643,False,test
JM1,11546,7378,False,train
JM1,11547,7644,False,train
JM1,11548,7645,False,train
JM1,11549,7646,False,train
JM1,11550,7647,False,train
JM1,11551,151,False,validation
JM1,11552,2446,False,test
JM1,11553,7648,False,train
JM1,11554,7649,False,validation
JM1,11555,7650,False,validation
JM1,11556,7651,False,train
JM1,11557,7652,False,train
JM1,11558,7653,False,train
JM1,11559,7654,False,test
JM1,11560,7655,False,validation
JM1,11561,7656,False,train
JM1,11562,151,False,validation
JM1,11563,5935,False,test
JM1,11564,7657,False,test
JM1,11565,93,False,test
JM1,11566,7658,False,train
JM1,11567,7659,False,train
JM1,11568,7660,False,train
JM1,11569,7661,False,train
JM1,11570,7662,False,train
JM1,11571,7663,False,train
JM1,11572,7664,False,train
JM1,11573,7665,False,train
JM1,11574,2925,False,validation
JM1,11575,7666,False,train
JM1,11576,7667,False,train
JM1,11577,7668,False,validation
JM1,11578,7669,False,test
JM1,11579,2166,False,train
JM1,11580,7670,False,test
JM1,11581,7671,False,test
JM1,11582,2923,False,train
JM1,11583,7672,False,train
JM1,11584,362,False,train
JM1,11585,7673,False,train
JM1,11586,7674,False,test
JM1,11587,7675,False,test
JM1,11588,7676,False,test
JM1,11589,7677,False,train
JM1,11590,7678,False,test
JM1,11591,2166,False,train
JM1,11592,7679,False,train
JM1,11593,2925,False,validation
JM1,11594,7680,False,train
JM1,11595,7681,False,train
JM1,11596,7682,False,train
JM1,11597,7683,False,test
JM1,11598,7684,False,train
JM1,11599,7685,False,validation
JM1,11600,2738,False,train
JM1,11601,7686,False,train
JM1,11602,7687,False,train
JM1,11603,2738,False,train
JM1,11604,2738,False,train
JM1,11605,2738,False,train
JM1,11606,2738,False,train
JM1,11607,2738,False,train
JM1,11608,7613,False,train
JM1,11609,7688,False,validation
JM1,11610,7688,False,validation
JM1,11611,3062,False,test
JM1,11612,7688,False,validation
JM1,11613,7689,False,test
JM1,11614,7690,False,validation
JM1,11615,7691,False,train
JM1,11616,7692,False,train
JM1,11617,7693,False,train
JM1,11618,7694,False,test
JM1,11619,7695,False,train
JM1,11620,7696,False,train
JM1,11621,7697,False,train
JM1,11622,7697,False,train
JM1,11623,2214,False,train
JM1,11624,7698,False,train
JM1,11625,7699,False,validation
JM1,11626,7700,False,train
JM1,11627,7701,False,test
JM1,11628,7702,False,train
JM1,11629,7703,False,test
JM1,11630,7704,False,validation
JM1,11631,7705,False,validation
JM1,11632,7706,False,train
JM1,11633,7707,False,train
JM1,11634,7708,False,test
JM1,11635,7709,False,validation
JM1,11636,7710,False,validation
JM1,11637,7711,False,validation
JM1,11638,7712,False,train
JM1,11639,7713,False,train
JM1,11640,7714,False,train
JM1,11641,7715,False,train
JM1,11642,7716,False,test
JM1,11643,7717,False,train
JM1,11644,7718,False,train
JM1,11645,7713,False,train
JM1,11646,7718,False,train
JM1,11647,7719,False,train
JM1,11648,7720,False,train
JM1,11649,7721,False,train
JM1,11650,7722,False,test
JM1,11651,7723,False,test
JM1,11652,7724,False,train
JM1,11653,7723,False,test
JM1,11654,7723,False,test
JM1,11655,7725,False,train
JM1,11656,7726,False,train
JM1,11657,7727,False,validation
JM1,11658,7728,False,train
JM1,11659,7729,False,train
JM1,11660,7730,False,validation
JM1,11661,7731,False,train
JM1,11662,4615,False,validation
JM1,11663,7732,False,train
JM1,11664,7733,False,train
JM1,11665,7732,False,train
JM1,11666,7734,False,train
JM1,11667,7725,False,train
JM1,11668,7735,False,test
JM1,11669,7736,False,train
JM1,11670,7737,False,train
JM1,11671,7738,False,test
JM1,11672,7732,False,train
JM1,11673,7732,False,train
JM1,11674,7739,False,test
JM1,11675,7740,False,train
JM1,11676,7741,False,train
JM1,11677,7742,False,validation
JM1,11678,7743,False,train
JM1,11679,7744,False,test
JM1,11680,7745,False,test
JM1,11681,7746,False,train
JM1,11682,7747,False,train
JM1,11683,7748,False,validation
JM1,11684,7749,False,train
JM1,11685,7750,False,train
JM1,11686,151,False,validation
JM1,11687,7718,False,train
JM1,11688,7718,False,train
JM1,11689,7751,False,train
JM1,11690,7752,False,train
JM1,11691,7718,False,train
JM1,11692,7753,False,train
JM1,11693,7754,False,validation
JM1,11694,7755,False,test
JM1,11695,7756,False,train
JM1,11696,1143,False,train
JM1,11697,7757,False,train
JM1,11698,7758,False,train
JM1,11699,7759,False,train
JM1,11700,7718,False,train
JM1,11701,7718,False,train
JM1,11702,7713,False,train
JM1,11703,7760,False,validation
JM1,11704,7718,False,train
JM1,11705,7718,False,train
JM1,11706,7718,False,train
JM1,11707,7761,False,train
JM1,11708,7762,False,train
JM1,11709,7763,False,train
JM1,11710,151,False,validation
JM1,11711,7764,False,test
JM1,11712,7765,False,validation
JM1,11713,7766,False,train
JM1,11714,7767,False,train
JM1,11715,7768,False,train
JM1,11716,7769,False,train
JM1,11717,7770,False,validation
JM1,11718,7771,False,train
JM1,11719,7772,False,train
JM1,11720,7772,False,train
JM1,11721,7773,False,train
JM1,11722,7774,False,validation
JM1,11723,7775,False,validation
JM1,11724,7776,False,train
JM1,11725,7777,False,train
JM1,11726,7778,False,train
JM1,11727,7779,False,validation
JM1,11728,7780,False,train
JM1,11729,7781,False,validation
JM1,11730,7782,False,train
JM1,11731,7783,False,train
JM1,11732,7784,False,validation
JM1,11733,7785,False,validation
JM1,11734,7786,False,train
JM1,11735,7787,False,train
JM1,11736,7788,False,train
JM1,11737,7789,False,validation
JM1,11738,83,False,validation
JM1,11739,7790,False,train
JM1,11740,7791,False,test
JM1,11741,7792,False,train
JM1,11742,7793,False,train
JM1,11743,7794,False,train
JM1,11744,7795,False,train
JM1,11745,7796,False,train
JM1,11746,7797,False,train
JM1,11747,7798,False,test
JM1,11748,7799,False,test
JM1,11749,7800,False,train
JM1,11750,7801,False,train
JM1,11751,7799,False,test
JM1,11752,7802,False,train
JM1,11753,7803,False,train
JM1,11754,7804,False,train
JM1,11755,2450,False,validation
JM1,11756,7805,False,validation
JM1,11757,7806,False,train
JM1,11758,7807,False,train
JM1,11759,7808,False,test
JM1,11760,7809,False,train
JM1,11761,7810,False,validation
JM1,11762,7811,False,train
JM1,11763,7812,False,train
JM1,11764,7813,False,test
JM1,11765,4157,False,train
JM1,11766,7814,False,test
JM1,11767,7815,False,train
JM1,11768,7816,False,validation
JM1,11769,7817,False,train
JM1,11770,7818,False,train
JM1,11771,7819,False,train
JM1,11772,7820,False,validation
JM1,11773,7821,False,test
JM1,11774,7822,False,test
JM1,11775,819,False,validation
JM1,11776,7823,False,train
JM1,11777,7824,False,train
JM1,11778,7825,False,test
JM1,11779,7826,False,train
JM1,11780,7827,False,test
JM1,11781,7828,False,train
JM1,11782,7829,False,train
JM1,11783,7830,False,train
JM1,11784,7831,False,train
JM1,11785,7832,False,train
JM1,11786,7833,False,train
JM1,11787,7834,False,train
JM1,11788,7835,False,train
JM1,11789,7836,False,test
JM1,11790,7837,False,train
JM1,11791,7838,False,train
JM1,11792,7839,False,test
JM1,11793,7840,False,train
JM1,11794,7841,False,validation
JM1,11795,7842,False,test
JM1,11796,7843,False,train
JM1,11797,7844,False,train
JM1,11798,7845,False,train
JM1,11799,835,False,train
JM1,11800,7846,False,validation
JM1,11801,7847,False,validation
JM1,11802,7848,False,train
JM1,11803,7849,False,train
JM1,11804,7850,False,test
JM1,11805,7851,False,train
JM1,11806,7852,False,train
JM1,11807,7853,False,train
JM1,11808,7854,False,train
JM1,11809,7855,False,train
JM1,11810,7856,False,train
JM1,11811,7857,False,train
JM1,11812,7856,False,train
JM1,11813,7858,False,train
JM1,11814,7859,False,test
JM1,11815,7860,False,train
JM1,11816,7861,False,test
JM1,11817,2332,False,test
JM1,11818,7862,False,validation
JM1,11819,7863,False,test
JM1,11820,1601,False,train
JM1,11821,835,False,train
JM1,11822,1601,False,train
JM1,11823,7864,False,train
JM1,11824,7865,False,train
JM1,11825,7866,False,train
JM1,11826,7867,False,train
JM1,11827,7868,False,train
JM1,11828,7869,False,train
JM1,11829,7870,False,train
JM1,11830,7871,False,train
JM1,11831,7872,False,train
JM1,11832,7873,False,train
JM1,11833,7871,False,train
JM1,11834,7874,False,validation
JM1,11835,7872,False,train
JM1,11836,7872,False,train
JM1,11837,7871,False,train
JM1,11838,7875,False,train
JM1,11839,7876,False,train
JM1,11840,7749,False,train
JM1,11841,7877,False,validation
JM1,11842,7878,False,validation
JM1,11843,7879,False,validation
JM1,11844,7880,False,train
JM1,11845,7881,False,validation
JM1,11846,7882,False,train
JM1,11847,7883,False,train
JM1,11848,7884,False,train
JM1,11849,7885,False,train
JM1,11850,362,False,train
JM1,11851,7886,False,train
JM1,11852,7887,False,train
JM1,11853,7888,False,validation
JM1,11854,7889,False,test
JM1,11855,7890,False,train
JM1,11856,7891,False,validation
JM1,11857,7892,False,train
JM1,11858,7893,False,test
JM1,11859,835,False,train
JM1,11860,7894,False,train
JM1,11861,7895,False,test
JM1,11862,7896,False,train
JM1,11863,835,False,train
JM1,11864,7897,False,validation
JM1,11865,404,False,validation
JM1,11866,7898,False,validation
JM1,11867,7848,False,train
JM1,11868,7899,False,train
JM1,11869,7900,False,train
JM1,11870,7901,False,train
JM1,11871,7900,False,train
JM1,11872,7902,False,train
JM1,11873,7903,False,test
JM1,11874,7904,False,train
JM1,11875,7905,False,train
JM1,11876,7906,False,train
JM1,11877,7907,False,train
JM1,11878,7908,False,train
JM1,11879,7909,False,validation
JM1,11880,7910,False,test
JM1,11881,7911,False,train
JM1,11882,7912,False,validation
JM1,11883,7913,False,validation
JM1,11884,7914,False,test
JM1,11885,7915,False,train
JM1,11886,7916,False,train
JM1,11887,7738,False,test
JM1,11888,7917,False,train
JM1,11889,7918,False,train
JM1,11890,7917,False,train
JM1,11891,7918,False,train
JM1,11892,7919,False,train
JM1,11893,7920,False,train
JM1,11894,7921,False,test
JM1,11895,7922,False,test
JM1,11896,93,False,test
JM1,11897,7923,False,train
JM1,11898,93,False,test
JM1,11899,7923,False,train
JM1,11900,7924,False,test
JM1,11901,7925,False,train
JM1,11902,3682,False,train
JM1,11903,7926,False,train
JM1,11904,7927,False,train
JM1,11905,3087,False,train
JM1,11906,7928,False,train
JM1,11907,7929,False,train
JM1,11908,7930,False,test
JM1,11909,7931,False,test
JM1,11910,7932,False,test
JM1,11911,7933,False,test
JM1,11912,4326,False,train
JM1,11913,7934,False,train
JM1,11914,7935,False,test
JM1,11915,7936,False,train
JM1,11916,7937,False,test
JM1,11917,7938,False,train
JM1,11918,7939,False,train
JM1,11919,6631,False,train
JM1,11920,7940,False,test
JM1,11921,7941,False,test
JM1,11922,7942,False,train
JM1,11923,7943,False,test
JM1,11924,7944,False,train
JM1,11925,7944,False,train
JM1,11926,7945,False,validation
JM1,11927,7946,False,test
JM1,11928,2240,False,train
JM1,11929,7947,False,train
JM1,11930,7948,False,train
JM1,11931,7949,False,test
JM1,11932,2717,False,train
JM1,11933,7950,False,validation
JM1,11934,362,False,train
JM1,11935,7936,False,train
JM1,11936,7950,False,validation
JM1,11937,7951,False,train
JM1,11938,7952,False,train
JM1,11939,7953,False,train
JM1,11940,7954,False,train
JM1,11941,7954,False,train
JM1,11942,7955,False,train
JM1,11943,7954,False,train
JM1,11944,7956,False,train
JM1,11945,7957,False,train
JM1,11946,7958,False,validation
JM1,11947,7959,False,test
JM1,11948,7960,False,train
JM1,11949,7961,False,train
JM1,11950,7962,False,test
JM1,11951,7963,False,test
JM1,11952,7964,False,train
JM1,11953,7965,False,validation
JM1,11954,7966,False,train
JM1,11955,2214,False,train
JM1,11956,7967,False,train
JM1,11957,7968,False,validation
JM1,11958,7969,False,test
JM1,11959,7970,False,test
JM1,11960,7971,False,validation
JM1,11961,7972,False,train
JM1,11962,7973,False,train
JM1,11963,7974,False,validation
JM1,11964,7975,False,train
JM1,11965,7976,False,train
JM1,11966,7977,False,test
JM1,11967,7978,False,train
JM1,11968,7979,False,train
JM1,11969,7980,False,train
JM1,11970,7981,False,train
JM1,11971,7982,False,train
JM1,11972,7983,False,train
JM1,11973,7984,False,validation
JM1,11974,7985,False,train
JM1,11975,7986,False,test
JM1,11976,7987,False,train
JM1,11977,7988,False,train
JM1,11978,7989,False,train
JM1,11979,7990,False,train
JM1,11980,7991,False,train
JM1,11981,7992,False,train
JM1,11982,7993,False,train
JM1,11983,7994,False,test
JM1,11984,7995,False,test
JM1,11985,4336,False,validation
JM1,11986,7996,False,validation
JM1,11987,7997,False,train
JM1,11988,7998,False,train
JM1,11989,2723,False,train
JM1,11990,7999,False,train
JM1,11991,151,False,validation
JM1,11992,8000,False,validation
JM1,11993,8001,False,train
JM1,11994,8002,False,train
JM1,11995,8003,False,train
JM1,11996,8004,False,test
JM1,11997,8005,False,validation
JM1,11998,8006,False,train
JM1,11999,8007,False,train
JM1,12000,8008,False,test
JM1,12001,8008,False,test
JM1,12002,8009,False,test
JM1,12003,8010,False,train
JM1,12004,8011,False,train
JM1,12005,8012,False,train
JM1,12006,8013,False,train
JM1,12007,8014,False,test
JM1,12008,8015,False,train
JM1,12009,8016,False,train
JM1,12010,8017,False,train
JM1,12011,8018,False,validation
JM1,12012,8019,False,train
JM1,12013,8020,False,train
JM1,12014,8021,False,validation
JM1,12015,8022,False,train
JM1,12016,8023,False,train
JM1,12017,8024,False,train
JM1,12018,8025,False,train
JM1,12019,8026,False,train
JM1,12020,8027,False,train
JM1,12021,8028,False,test
JM1,12022,8029,False,train
JM1,12023,8030,False,train
JM1,12024,8031,False,test
JM1,12025,8032,False,train
JM1,12026,8033,False,train
JM1,12027,8034,False,train
JM1,12028,8035,False,train
JM1,12029,8035,False,train
JM1,12030,6829,False,train
JM1,12031,8036,False,train
JM1,12032,2446,False,test
JM1,12033,8037,False,train
JM1,12034,8038,False,train
JM1,12035,8039,False,train
JM1,12036,8040,False,train
JM1,12037,8041,False,train
JM1,12038,8042,False,validation
JM1,12039,8043,False,train
JM1,12040,8044,False,train
JM1,12041,8045,False,train
JM1,12042,8046,False,test
JM1,12043,8047,False,train
JM1,12044,714,False,validation
JM1,12045,8048,False,train
JM1,12046,8042,False,validation
JM1,12047,3376,False,validation
JM1,12048,8049,False,train
JM1,12049,8050,False,train
JM1,12050,8051,False,validation
JM1,12051,8052,False,validation
JM1,12052,8053,False,train
JM1,12053,8054,False,test
JM1,12054,6099,False,train
JM1,12055,151,False,validation
JM1,12056,8055,False,validation
JM1,12057,8056,False,validation
JM1,12058,8057,False,validation
JM1,12059,8058,False,train
JM1,12060,8059,False,train
JM1,12061,8059,False,train
JM1,12062,8059,False,train
JM1,12063,8060,False,validation
JM1,12064,8059,False,train
JM1,12065,8061,False,train
JM1,12066,8062,False,train
JM1,12067,8063,False,train
JM1,12068,8064,False,validation
JM1,12069,8065,False,validation
JM1,12070,8066,False,train
JM1,12071,8067,False,train
JM1,12072,8068,False,test
JM1,12073,8067,False,train
JM1,12074,8069,False,train
JM1,12075,8070,False,test
JM1,12076,8071,False,validation
JM1,12077,8072,False,train
JM1,12078,8071,False,validation
JM1,12079,8073,False,train
JM1,12080,8074,False,train
JM1,12081,8075,False,train
JM1,12082,8076,False,train
JM1,12083,8077,False,validation
JM1,12084,8078,False,train
JM1,12085,8079,False,test
JM1,12086,8080,False,train
JM1,12087,8081,False,train
JM1,12088,8082,False,validation
JM1,12089,8083,False,train
JM1,12090,8084,False,test
JM1,12091,8084,False,test
JM1,12092,8084,False,test
JM1,12093,8084,False,test
JM1,12094,8085,False,validation
JM1,12095,8084,False,test
JM1,12096,8086,False,train
JM1,12097,8087,False,train
JM1,12098,8086,False,train
JM1,12099,8088,False,train
JM1,12100,8089,False,train
JM1,12101,8090,False,train
JM1,12102,8091,False,train
JM1,12103,8088,False,train
JM1,12104,8092,False,validation
JM1,12105,398,False,train
JM1,12106,8086,False,train
JM1,12107,6272,False,train
JM1,12108,2569,False,validation
JM1,12109,2569,False,validation
JM1,12110,2569,False,validation
JM1,12111,2569,False,validation
JM1,12112,8093,False,train
JM1,12113,8093,False,train
JM1,12114,8094,False,train
JM1,12115,8093,False,train
JM1,12116,8095,False,train
JM1,12117,8093,False,train
JM1,12118,8093,False,train
JM1,12119,8093,False,train
JM1,12120,8093,False,train
JM1,12121,8096,False,train
JM1,12122,8097,False,validation
JM1,12123,8093,False,train
JM1,12124,8095,False,train
JM1,12125,8098,False,train
JM1,12126,835,False,train
JM1,12127,8099,False,train
JM1,12128,8100,False,test
JM1,12129,2877,False,train
JM1,12130,8101,False,test
JM1,12131,2879,False,train
JM1,12132,413,False,train
JM1,12133,414,False,train
JM1,12134,8102,False,train
JM1,12135,8103,False,validation
JM1,12136,8104,False,train
JM1,12137,8105,False,validation
JM1,12138,8105,False,validation
JM1,12139,8106,False,test
JM1,12140,362,False,train
JM1,12141,8107,False,test
JM1,12142,8108,False,test
JM1,12143,8109,False,train
JM1,12144,8110,False,train
JM1,12145,8111,False,train
JM1,12146,8105,False,validation
JM1,12147,8112,False,train
JM1,12148,8113,False,test
JM1,12149,8114,False,test
JM1,12150,8115,False,train
JM1,12151,151,False,validation
JM1,12152,835,False,train
JM1,12153,8105,False,validation
JM1,12154,8116,False,test
JM1,12155,8114,False,test
JM1,12156,8114,False,test
JM1,12157,8117,False,train
JM1,12158,8105,False,validation
JM1,12159,151,False,validation
JM1,12160,835,False,train
JM1,12161,8118,False,train
JM1,12162,8119,False,train
JM1,12163,8120,False,test
JM1,12164,8121,False,train
JM1,12165,8122,False,train
JM1,12166,8123,False,train
JM1,12167,8124,False,train
JM1,12168,8125,False,test
JM1,12169,8126,False,train
JM1,12170,8127,False,train
JM1,12171,8128,False,test
JM1,12172,8128,False,test
JM1,12173,8129,False,train
JM1,12174,362,False,train
JM1,12175,8130,False,train
JM1,12176,362,False,train
JM1,12177,8131,False,train
JM1,12178,8132,False,train
JM1,12179,8133,False,train
JM1,12180,8134,False,validation
JM1,12181,8135,False,test
JM1,12182,8136,False,train
JM1,12183,8137,False,train
JM1,12184,8138,False,validation
JM1,12185,362,False,train
JM1,12186,8139,False,train
JM1,12187,8140,False,train
JM1,12188,362,False,train
JM1,12189,8141,False,test
JM1,12190,8142,False,train
JM1,12191,8143,False,train
JM1,12192,8144,False,train
JM1,12193,362,False,train
JM1,12194,8145,False,validation
JM1,12195,362,False,train
JM1,12196,362,False,train
JM1,12197,8146,False,train
JM1,12198,8147,False,train
JM1,12199,362,False,train
JM1,12200,362,False,train
JM1,12201,1002,False,train
JM1,12202,362,False,train
JM1,12203,6712,False,train
JM1,12204,362,False,train
JM1,12205,8148,False,test
JM1,12206,8149,False,test
JM1,12207,8150,False,train
JM1,12208,362,False,train
JM1,12209,362,False,train
JM1,12210,362,False,train
JM1,12211,362,False,train
JM1,12212,8151,False,train
JM1,12213,8152,False,train
JM1,12214,8153,False,test
JM1,12215,8154,False,test
JM1,12216,8154,False,test
JM1,12217,8155,False,train
JM1,12218,8156,False,test
JM1,12219,8157,False,train
JM1,12220,8158,False,validation
JM1,12221,8159,False,train
JM1,12222,8160,False,train
JM1,12223,362,False,train
JM1,12224,1107,False,validation
JM1,12225,4499,False,train
JM1,12226,362,False,train
JM1,12227,8161,False,validation
JM1,12228,8162,False,train
JM1,12229,8163,False,train
JM1,12230,8164,False,train
JM1,12231,8165,False,train
JM1,12232,362,False,train
JM1,12233,5657,False,test
JM1,12234,8166,False,train
JM1,12235,8167,False,train
JM1,12236,8168,False,train
JM1,12237,8169,False,train
JM1,12238,8168,False,train
JM1,12239,8169,False,train
JM1,12240,8170,False,test
JM1,12241,151,False,validation
JM1,12242,8171,False,train
JM1,12243,8172,False,validation
JM1,12244,8173,False,test
JM1,12245,8174,False,train
JM1,12246,8175,False,test
JM1,12247,362,False,train
JM1,12248,8176,False,validation
JM1,12249,8177,False,test
JM1,12250,8178,False,train
JM1,12251,2945,False,train
JM1,12252,8179,False,test
JM1,12253,8180,False,train
JM1,12254,8181,False,train
JM1,12255,822,False,train
JM1,12256,362,False,train
JM1,12257,7387,False,test
JM1,12258,7387,False,test
JM1,12259,8182,False,validation
JM1,12260,8183,False,train
JM1,12261,8184,False,train
JM1,12262,8185,False,train
JM1,12263,8186,False,test
JM1,12264,8187,False,validation
JM1,12265,8188,False,train
JM1,12266,8189,False,train
JM1,12267,8190,False,test
JM1,12268,362,False,train
JM1,12269,8171,False,train
JM1,12270,8191,False,train
JM1,12271,8192,False,train
JM1,12272,362,False,train
JM1,12273,8193,False,train
JM1,12274,8194,False,train
JM1,12275,8195,False,train
JM1,12276,8196,False,train
JM1,12277,8197,False,train
JM1,12278,8198,False,validation
JM1,12279,8199,False,test
JM1,12280,3875,False,test
JM1,12281,8200,False,train
JM1,12282,8201,False,train
JM1,12283,8202,False,train
JM1,12284,8203,False,train
JM1,12285,8204,False,test
JM1,12286,8205,False,train
JM1,12287,8203,False,train
JM1,12288,8206,False,train
JM1,12289,8203,False,train
JM1,12290,8207,False,train
JM1,12291,8203,False,train
JM1,12292,8208,False,train
JM1,12293,8209,False,test
JM1,12294,8210,False,train
JM1,12295,8211,False,train
JM1,12296,8212,False,train
JM1,12297,8213,False,validation
JM1,12298,2221,False,train
JM1,12299,8214,False,test
JM1,12300,8215,False,train
JM1,12301,8216,False,test
JM1,12302,8217,False,train
JM1,12303,8218,False,test
JM1,12304,3125,False,train
JM1,12305,8219,False,train
JM1,12306,8220,False,train
JM1,12307,8221,False,train
JM1,12308,8222,False,test
JM1,12309,8223,False,train
JM1,12310,8224,False,train
JM1,12311,8225,False,validation
JM1,12312,8226,False,test
JM1,12313,8227,False,train
JM1,12314,8228,False,train
JM1,12315,8229,False,test
JM1,12316,8230,False,train
JM1,12317,8231,False,test
JM1,12318,8232,False,test
JM1,12319,8233,False,train
JM1,12320,8234,False,train
JM1,12321,8235,False,test
JM1,12322,8236,False,validation
JM1,12323,8237,False,test
JM1,12324,8238,False,test
JM1,12325,8239,False,test
JM1,12326,8240,False,train
JM1,12327,8241,False,train
JM1,12328,8242,False,train
JM1,12329,8243,False,train
JM1,12330,8244,False,test
JM1,12331,8245,False,train
JM1,12332,8246,False,validation
JM1,12333,8247,False,test
JM1,12334,8248,False,train
JM1,12335,8249,False,train
JM1,12336,8250,False,train
JM1,12337,8251,False,train
JM1,12338,8252,False,train
JM1,12339,8253,False,train
JM1,12340,8254,False,test
JM1,12341,8255,False,train
JM1,12342,2545,False,train
JM1,12343,5977,False,test
JM1,12344,8256,False,test
JM1,12345,5977,False,test
JM1,12346,8257,False,train
JM1,12347,8258,False,train
JM1,12348,2805,False,validation
JM1,12349,8259,False,train
JM1,12350,8260,False,train
JM1,12351,8261,False,train
JM1,12352,8262,False,train
JM1,12353,8263,False,train
JM1,12354,8264,False,train
JM1,12355,8265,False,train
JM1,12356,8266,False,train
JM1,12357,8267,False,train
JM1,12358,6133,False,train
JM1,12359,8268,False,test
JM1,12360,835,False,train
JM1,12361,8269,False,train
JM1,12362,8270,False,train
JM1,12363,8271,False,train
JM1,12364,8272,False,test
JM1,12365,8273,False,train
JM1,12366,8274,False,train
JM1,12367,8275,False,test
JM1,12368,8276,False,train
JM1,12369,6133,False,train
JM1,12370,6133,False,train
JM1,12371,8277,False,train
JM1,12372,8278,False,train
JM1,12373,8279,False,train
JM1,12374,8280,False,test
JM1,12375,5660,False,train
JM1,12376,8281,False,train
JM1,12377,8282,False,train
JM1,12378,151,False,validation
JM1,12379,93,False,test
JM1,12380,8283,False,test
JM1,12381,8284,False,train
JM1,12382,5505,False,test
JM1,12383,8285,False,train
JM1,12384,2166,False,train
JM1,12385,4424,False,validation
JM1,12386,8286,False,train
JM1,12387,8287,False,train
JM1,12388,8288,False,train
JM1,12389,8289,False,train
JM1,12390,8290,False,train
JM1,12391,5455,False,train
JM1,12392,5735,False,test
JM1,12393,8291,False,train
JM1,12394,8292,False,train
JM1,12395,8293,False,test
JM1,12396,5739,False,train
JM1,12397,5740,False,validation
JM1,12398,5742,False,test
JM1,12399,5743,False,train
JM1,12400,5744,False,train
JM1,12401,5743,False,train
JM1,12402,5745,False,train
JM1,12403,5744,False,train
JM1,12404,8294,False,train
JM1,12405,8295,False,train
JM1,12406,8296,False,train
JM1,12407,8297,False,train
JM1,12408,8298,False,train
JM1,12409,8299,False,validation
JM1,12410,8300,False,test
JM1,12411,8301,False,train
JM1,12412,8300,False,test
JM1,12413,8301,False,train
JM1,12414,8302,False,train
JM1,12415,8303,False,test
JM1,12416,8304,False,test
JM1,12417,8305,False,test
JM1,12418,2908,False,validation
JM1,12419,8306,False,train
JM1,12420,8307,False,test
JM1,12421,8308,False,test
JM1,12422,8306,False,train
JM1,12423,8306,False,train
JM1,12424,8309,False,train
JM1,12425,362,False,train
JM1,12426,8310,False,train
JM1,12427,8311,False,test
JM1,12428,362,False,train
JM1,12429,5527,False,train
JM1,12430,8312,False,train
JM1,12431,8313,False,train
JM1,12432,8314,False,validation
JM1,12433,8315,False,train
JM1,12434,8316,False,train
JM1,12435,8317,False,test
JM1,12436,8318,False,test
JM1,12437,8319,False,train
JM1,12438,8320,False,test
JM1,12439,8321,False,validation
JM1,12440,8322,False,train
JM1,12441,8323,False,train
JM1,12442,8324,False,validation
JM1,12443,8325,False,validation
JM1,12444,8326,False,train
JM1,12445,5527,False,train
JM1,12446,8327,False,validation
JM1,12447,8328,False,train
JM1,12448,8329,False,train
JM1,12449,8330,False,train
JM1,12450,8331,False,train
JM1,12451,8332,False,train
JM1,12452,8333,False,test
JM1,12453,8334,False,test
JM1,12454,8335,False,validation
JM1,12455,8336,False,train
JM1,12456,8337,False,validation
JM1,12457,8338,False,validation
JM1,12458,8339,False,validation
JM1,12459,8340,False,test
JM1,12460,8341,False,test
JM1,12461,8342,False,train
JM1,12462,8343,False,train
JM1,12463,8344,False,train
JM1,12464,8345,False,train
JM1,12465,8346,False,test
JM1,12466,8347,False,train
JM1,12467,8348,False,validation
JM1,12468,8349,False,train
JM1,12469,657,False,train
JM1,12470,8350,False,train
JM1,12471,8351,False,test
JM1,12472,8352,False,train
JM1,12473,8353,False,train
JM1,12474,8354,False,test
JM1,12475,8355,False,train
JM1,12476,8356,False,train
JM1,12477,8357,False,test
JM1,12478,8358,False,train
JM1,12479,8359,False,train
JM1,12480,8360,False,validation
JM1,12481,8361,False,train
JM1,12482,8362,False,test
JM1,12483,8363,False,train
JM1,12484,8364,False,test
JM1,12485,8365,False,train
JM1,12486,8366,False,train
JM1,12487,8367,False,train
JM1,12488,8368,False,train
JM1,12489,8369,False,test
JM1,12490,8370,False,validation
JM1,12491,8371,False,test
JM1,12492,8372,False,validation
JM1,12493,8373,False,train
JM1,12494,8374,False,train
JM1,12495,8375,False,train
JM1,12496,8376,False,test
JM1,12497,8377,False,train
JM1,12498,8378,False,train
JM1,12499,8379,False,test
JM1,12500,8380,False,validation
JM1,12501,8381,False,train
JM1,12502,8382,False,validation
JM1,12503,8383,False,test
JM1,12504,8384,False,train
JM1,12505,5527,False,train
JM1,12506,8385,False,train
JM1,12507,8386,False,test
JM1,12508,8387,False,validation
JM1,12509,8388,False,train
JM1,12510,8389,False,train
JM1,12511,8390,False,train
JM1,12512,8391,False,train
JM1,12513,8392,False,train
JM1,12514,8393,False,train
JM1,12515,8394,False,validation
JM1,12516,8395,False,validation
JM1,12517,8396,False,train
JM1,12518,8397,False,train
JM1,12519,8398,False,train
JM1,12520,8399,False,train
JM1,12521,8400,False,train
JM1,12522,8401,False,test
JM1,12523,8402,False,train
JM1,12524,8403,False,train
JM1,12525,8404,False,validation
JM1,12526,8405,False,train
JM1,12527,75,False,train
JM1,12528,8406,False,validation
JM1,12529,8407,False,validation
JM1,12530,8408,False,validation
JM1,12531,8409,False,train
JM1,12532,8410,False,train
JM1,12533,8411,False,train
JM1,12534,8412,False,train
JM1,12535,8413,False,train
JM1,12536,8414,False,train
JM1,12537,8415,False,train
JM1,12538,8416,False,train
JM1,12539,8417,False,validation
JM1,12540,8418,False,train
JM1,12541,8419,False,train
JM1,12542,8420,False,train
JM1,12543,3162,False,test
JM1,12544,8421,False,train
JM1,12545,8422,False,test
JM1,12546,8423,False,train
JM1,12547,8424,False,train
JM1,12548,8425,False,train
JM1,12549,8426,False,train
JM1,12550,8427,False,validation
JM1,12551,8428,False,test
JM1,12552,8429,False,train
JM1,12553,8430,False,test
JM1,12554,8431,False,test
JM1,12555,8432,False,train
JM1,12556,8433,False,test
JM1,12557,8434,False,train
JM1,12558,8435,False,train
JM1,12559,8436,False,test
JM1,12560,8437,False,train
JM1,12561,8438,False,train
JM1,12562,8439,False,train
JM1,12563,8440,False,train
JM1,12564,8441,False,train
JM1,12565,8442,False,train
JM1,12566,8443,False,train
JM1,12567,5106,False,train
JM1,12568,8444,False,train
JM1,12569,8445,False,train
JM1,12570,8446,False,validation
JM1,12571,362,False,train
JM1,12572,8447,False,validation
JM1,12573,8448,False,train
JM1,12574,8449,False,train
JM1,12575,8450,False,test
JM1,12576,8451,False,train
JM1,12577,8452,False,validation
JM1,12578,8453,False,train
JM1,12579,8454,False,test
JM1,12580,8455,False,train
JM1,12581,8456,False,validation
JM1,12582,8457,False,train
JM1,12583,8458,False,train
JM1,12584,8459,False,validation
JM1,12585,8460,False,train
JM1,12586,8461,False,validation
JM1,12587,8462,False,test
JM1,12588,8463,False,train
JM1,12589,8464,False,train
JM1,12590,8465,False,train
JM1,12591,8466,False,train
JM1,12592,8467,False,train
JM1,12593,8468,False,train
JM1,12594,8469,False,train
JM1,12595,8470,False,validation
JM1,12596,8471,False,train
JM1,12597,8472,False,test
JM1,12598,1143,False,train
JM1,12599,8473,False,validation
JM1,12600,8474,False,train
JM1,12601,8475,False,train
JM1,12602,8476,False,train
JM1,12603,8477,False,train
JM1,12604,8478,False,train
JM1,12605,362,False,train
JM1,12606,8479,False,validation
JM1,12607,8480,False,test
JM1,12608,8481,False,train
JM1,12609,8482,False,train
JM1,12610,8483,False,train
JM1,12611,8484,False,train
JM1,12612,8485,False,train
JM1,12613,8486,False,train
JM1,12614,5527,False,train
JM1,12615,8487,False,train
JM1,12616,8488,False,train
JM1,12617,8489,False,test
JM1,12618,8490,False,test
JM1,12619,93,False,test
JM1,12620,8491,False,train
JM1,12621,8492,False,train
JM1,12622,8493,False,train
JM1,12623,8494,False,train
JM1,12624,8494,False,train
JM1,12625,5373,False,validation
JM1,12626,8495,False,train
JM1,12627,8496,False,train
JM1,12628,8497,False,validation
JM1,12629,8497,False,validation
JM1,12630,6780,False,train
JM1,12631,8498,False,test
JM1,12632,8499,False,train
JM1,12633,404,False,validation
JM1,12634,8500,False,test
JM1,12635,8501,False,train
JM1,12636,8502,False,train
JM1,12637,8503,False,train
JM1,12638,8504,False,test
JM1,12639,1331,False,test
JM1,12640,8505,False,test
JM1,12641,8506,False,train
JM1,12642,8507,False,train
JM1,12643,8508,False,validation
JM1,12644,8509,False,train
JM1,12645,8510,False,test
JM1,12646,5048,False,test
JM1,12647,8511,False,train
JM1,12648,5302,False,train
JM1,12649,8512,False,test
JM1,12650,6156,False,test
JM1,12651,5305,False,train
JM1,12652,8513,False,train
JM1,12653,5307,False,train
JM1,12654,8514,False,train
JM1,12655,8515,False,test
JM1,12656,8516,False,test
JM1,12657,8517,False,train
JM1,12658,8518,False,train
JM1,12659,8519,False,train
JM1,12660,5308,False,train
JM1,12661,8520,False,train
JM1,12662,8521,False,train
JM1,12663,8522,False,train
JM1,12664,8523,False,validation
JM1,12665,5310,False,train
JM1,12666,8524,False,train
JM1,12667,8525,False,train
JM1,12668,5311,False,test
JM1,12669,8526,False,train
JM1,12670,8527,False,train
JM1,12671,8528,False,train
JM1,12672,8529,False,test
JM1,12673,8530,False,train
JM1,12674,8531,False,test
JM1,12675,8532,False,train
JM1,12676,8533,False,train
JM1,12677,8534,False,train
JM1,12678,8533,False,train
JM1,12679,8535,False,train
JM1,12680,8536,False,train
JM1,12681,8537,False,train
JM1,12682,8533,False,train
JM1,12683,8533,False,train
JM1,12684,8538,False,train
JM1,12685,8539,False,train
JM1,12686,8540,False,validation
JM1,12687,8541,False,validation
JM1,12688,8541,False,validation
JM1,12689,8542,False,validation
JM1,12690,8533,False,train
JM1,12691,8543,False,train
JM1,12692,8544,False,test
JM1,12693,8545,False,train
JM1,12694,8546,False,train
JM1,12695,8547,False,test
JM1,12696,8548,False,train
JM1,12697,8549,False,train
JM1,12698,8550,False,train
JM1,12699,8551,False,train
JM1,12700,8552,False,train
JM1,12701,8553,False,validation
JM1,12702,8554,False,train
JM1,12703,8555,False,train
JM1,12704,8556,False,test
JM1,12705,8557,False,train
JM1,12706,8558,False,train
JM1,12707,8559,False,test
JM1,12708,8560,False,train
JM1,12709,2480,False,test
JM1,12710,8561,False,test
JM1,12711,8562,False,train
JM1,12712,8563,False,train
JM1,12713,8564,False,test
JM1,12714,8565,False,train
JM1,12715,8566,False,train
JM1,12716,8567,False,train
JM1,12717,8568,False,train
JM1,12718,8569,False,train
JM1,12719,8570,False,train
JM1,12720,8570,False,train
JM1,12721,8571,False,train
JM1,12722,8572,False,test
JM1,12723,8572,False,test
JM1,12724,8561,False,test
JM1,12725,8573,False,train
JM1,12726,8574,False,train
JM1,12727,8575,False,train
JM1,12728,8576,False,train
JM1,12729,8577,False,train
JM1,12730,8578,False,train
JM1,12731,8579,False,train
JM1,12732,8580,False,train
JM1,12733,8581,False,train
JM1,12734,8582,False,train
JM1,12735,8583,False,train
JM1,12736,8584,False,test
JM1,12737,8585,False,train
JM1,12738,8586,False,validation
JM1,12739,8587,False,validation
JM1,12740,8577,False,train
JM1,12741,8588,False,test
JM1,12742,8589,False,train
JM1,12743,362,False,train
JM1,12744,835,False,train
JM1,12745,8590,False,train
JM1,12746,8591,False,train
JM1,12747,8592,False,train
JM1,12748,8593,False,train
JM1,12749,8594,False,train
JM1,12750,8595,False,train
JM1,12751,8596,False,validation
JM1,12752,8597,False,validation
JM1,12753,8598,False,train
JM1,12754,2239,False,train
JM1,12755,8599,False,train
JM1,12756,8600,False,test
JM1,12757,8601,False,validation
JM1,12758,151,False,validation
JM1,12759,151,False,validation
JM1,12760,8602,False,train
JM1,12761,8603,False,train
JM1,12762,8604,False,train
JM1,12763,8605,False,train
JM1,12764,8606,False,test
JM1,12765,8607,False,validation
JM1,12766,8608,False,validation
JM1,12767,8609,False,train
JM1,12768,8610,False,validation
JM1,12769,3898,False,train
JM1,12770,8611,False,train
JM1,12771,8612,False,test
JM1,12772,8613,False,train
JM1,12773,8614,False,train
JM1,12774,8615,False,train
JM1,12775,8616,False,train
JM1,12776,8617,False,train
JM1,12777,524,False,train
JM1,12778,8618,False,test
JM1,12779,835,False,train
JM1,12780,8619,False,validation
JM1,12781,6981,False,train
JM1,12782,8620,False,train
JM1,12783,8621,False,train
JM1,12784,8122,False,train
JM1,12785,8622,False,train
JM1,12786,3608,False,test
JM1,12787,8623,False,validation
JM1,12788,8624,False,validation
JM1,12789,8625,False,validation
JM1,12790,8626,False,train
JM1,12791,369,False,train
JM1,12792,369,False,train
JM1,12793,369,False,train
JM1,12794,8627,False,test
JM1,12795,369,False,train
JM1,12796,8628,False,test
JM1,12797,369,False,train
JM1,12798,369,False,train
JM1,12799,8629,False,train
JM1,12800,381,False,train
JM1,12801,8630,False,train
JM1,12802,8631,False,train
JM1,12803,6272,False,train
JM1,12804,8632,False,train
JM1,12805,8625,False,validation
JM1,12806,8633,False,validation
JM1,12807,8634,False,test
JM1,12808,8635,False,train
JM1,12809,6272,False,train
JM1,12810,6272,False,train
JM1,12811,8636,False,validation
JM1,12812,6272,False,train
JM1,12813,8637,False,train
JM1,12814,8638,False,validation
JM1,12815,8639,False,train
JM1,12816,8640,False,validation
JM1,12817,8641,False,train
JM1,12818,8642,False,train
JM1,12819,4637,False,test
JM1,12820,2165,False,train
JM1,12821,6272,False,train
JM1,12822,6272,False,train
JM1,12823,369,False,train
JM1,12824,8643,False,train
JM1,12825,8643,False,train
JM1,12826,8644,False,train
JM1,12827,8645,False,train
JM1,12828,2925,False,validation
JM1,12829,2925,False,validation
JM1,12830,2925,False,validation
JM1,12831,8646,False,train
JM1,12832,2925,False,validation
JM1,12833,8647,False,test
JM1,12834,2925,False,validation
JM1,12835,369,False,train
JM1,12836,369,False,train
JM1,12837,2925,False,validation
JM1,12838,2925,False,validation
JM1,12839,369,False,train
JM1,12840,2925,False,validation
JM1,12841,8648,False,train
JM1,12842,7482,False,train
JM1,12843,8649,False,train
JM1,12844,2165,False,train
JM1,12845,8650,False,train
JM1,12846,6272,False,train
JM1,12847,8651,False,train
JM1,12848,8652,False,validation
JM1,12849,8653,False,train
JM1,12850,8654,False,test
JM1,12851,8655,False,test
JM1,12852,8656,False,train
JM1,12853,8657,False,train
JM1,12854,8658,False,train
JM1,12855,8641,False,train
JM1,12856,8659,False,train
JM1,12857,8660,False,validation
JM1,12858,8661,False,train
JM1,12859,8661,False,train
JM1,12860,8628,False,test
JM1,12861,8628,False,test
JM1,12862,2925,False,validation
JM1,12863,8628,False,test
JM1,12864,8662,False,train
JM1,12865,8642,False,train
JM1,12866,369,False,train
JM1,12867,6272,False,train
JM1,12868,8663,False,test
JM1,12869,6272,False,train
JM1,12870,369,False,train
JM1,12871,6272,False,train
JM1,12872,381,False,train
JM1,12873,8664,False,validation
JM1,12874,8665,False,train
JM1,12875,6717,False,train
JM1,12876,8666,False,train
JM1,12877,8667,False,train
JM1,12878,8659,False,train
JM1,12879,8668,False,test
JM1,12880,2925,False,validation
JM1,12881,8669,False,train
JM1,12882,8670,False,train
JM1,12883,151,False,validation
JM1,12884,151,False,validation
JM1,12885,8671,False,train
JM1,12886,369,False,train
JM1,12887,369,False,train
JM1,12888,369,False,train
JM1,12889,8628,False,test
JM1,12890,87,False,test
JM1,12891,8672,False,train
JM1,12892,4637,False,test
JM1,12893,4637,False,test
JM1,12894,8673,False,train
JM1,12895,8629,False,train
JM1,12896,2925,False,validation
JM1,12897,2925,False,validation
JM1,12898,6712,False,train
JM1,12899,2165,False,train
JM1,12900,2925,False,validation
JM1,12901,8674,False,validation
JM1,12902,8675,False,test
JM1,12903,381,False,train
JM1,12904,2925,False,validation
JM1,12905,2925,False,validation
JM1,12906,5483,False,validation
JM1,12907,8676,False,train
JM1,12908,8677,False,validation
JM1,12909,8678,False,train
JM1,12910,8679,False,test
JM1,12911,8680,False,test
JM1,12912,8681,False,train
JM1,12913,2165,False,train
JM1,12914,6272,False,train
JM1,12915,369,False,train
JM1,12916,369,False,train
JM1,12917,369,False,train
JM1,12918,369,False,train
JM1,12919,369,False,train
JM1,12920,8682,False,train
JM1,12921,2925,False,validation
JM1,12922,2925,False,validation
JM1,12923,2166,False,train
JM1,12924,8683,False,validation
JM1,12925,8684,False,test
JM1,12926,6272,False,train
JM1,12927,8643,False,train
JM1,12928,8643,False,train
JM1,12929,6657,False,train
JM1,12930,2165,False,train
JM1,12931,2925,False,validation
JM1,12932,8685,False,test
JM1,12933,8686,False,train
JM1,12934,8687,False,test
JM1,12935,151,False,validation
JM1,12936,151,False,validation
JM1,12937,369,False,train
JM1,12938,369,False,train
JM1,12939,2925,False,validation
JM1,12940,2925,False,validation
JM1,12941,2925,False,validation
JM1,12942,2925,False,validation
JM1,12943,2925,False,validation
JM1,12944,2925,False,validation
JM1,12945,5483,False,validation
JM1,12946,8637,False,train
JM1,12947,8688,False,train
JM1,12948,8689,False,train
JM1,12949,8690,False,validation
JM1,12950,8691,False,train
JM1,12951,8692,False,train
JM1,12952,6272,False,train
JM1,12953,5899,False,train
JM1,12954,2925,False,validation
JM1,12955,2925,False,validation
JM1,12956,2925,False,validation
JM1,12957,8693,False,validation
JM1,12958,2925,False,validation
JM1,12959,8694,False,train
JM1,12960,5483,False,validation
JM1,12961,369,False,train
JM1,12962,2165,False,train
JM1,12963,369,False,train
JM1,12964,369,False,train
JM1,12965,8695,False,train
JM1,12966,8695,False,train
JM1,12967,8696,False,train
JM1,12968,8697,False,train
JM1,12969,8698,False,validation
JM1,12970,2165,False,train
JM1,12971,2925,False,validation
JM1,12972,6415,False,validation
JM1,12973,6272,False,train
JM1,12974,8699,False,validation
JM1,12975,8700,False,test
JM1,12976,8701,False,train
JM1,12977,8702,False,train
JM1,12978,8703,False,test
JM1,12979,8702,False,train
JM1,12980,8704,False,train
JM1,12981,8702,False,train
JM1,12982,8705,False,train
JM1,12983,8706,False,train
JM1,12984,8707,False,train
JM1,12985,8708,False,train
JM1,12986,8709,False,train
JM1,12987,8710,False,train
JM1,12988,8711,False,train
JM1,12989,8702,False,train
JM1,12990,8712,False,train
JM1,12991,8713,False,train
JM1,12992,8700,False,test
JM1,12993,8714,False,train
JM1,12994,8702,False,train
JM1,12995,8702,False,train
JM1,12996,8700,False,test
JM1,12997,8715,False,train
JM1,12998,8641,False,train
JM1,12999,8627,False,test
JM1,13000,8716,False,test
JM1,13001,6272,False,train
JM1,13002,2925,False,validation
JM1,13003,2925,False,validation
JM1,13004,4536,False,train
JM1,13005,7494,False,validation
JM1,13006,8717,False,train
JM1,13007,5483,False,validation
JM1,13008,2925,False,validation
JM1,13009,8718,False,train
JM1,13010,8719,False,train
JM1,13011,8719,False,train
JM1,13012,8720,False,train
JM1,13013,8719,False,train
JM1,13014,8718,False,train
JM1,13015,8641,False,train
JM1,13016,8683,False,validation
JM1,13017,8684,False,test
JM1,13018,2165,False,train
JM1,13019,8721,False,train
JM1,13020,8722,False,train
JM1,13021,4336,False,validation
JM1,13022,369,False,train
JM1,13023,8723,False,train
JM1,13024,151,False,validation
JM1,13025,151,False,validation
JM1,13026,8724,False,test
JM1,13027,8725,False,train
JM1,13028,8726,False,train
JM1,13029,2925,False,validation
JM1,13030,8727,False,train
JM1,13031,8628,False,test
JM1,13032,8728,False,train
JM1,13033,8729,False,test
JM1,13034,8730,False,test
JM1,13035,6272,False,train
JM1,13036,8699,False,validation
JM1,13037,8637,False,train
JM1,13038,6272,False,train
JM1,13039,2925,False,validation
JM1,13040,6272,False,train
JM1,13041,8731,False,train
JM1,13042,8732,False,test
JM1,13043,2925,False,validation
JM1,13044,4637,False,test
JM1,13045,2925,False,validation
JM1,13046,2925,False,validation
JM1,13047,2925,False,validation
JM1,13048,2925,False,validation
JM1,13049,87,False,test
JM1,13050,8699,False,validation
JM1,13051,8733,False,train
JM1,13052,8734,False,train
JM1,13053,8735,False,train
JM1,13054,8736,False,train
JM1,13055,8737,False,train
JM1,13056,2925,False,validation
JM1,13057,2925,False,validation
JM1,13058,8737,False,train
JM1,13059,2925,False,validation
JM1,13060,2925,False,validation
JM1,13061,2925,False,validation
JM1,13062,6272,False,train
JM1,13063,2925,False,validation
JM1,13064,6272,False,train
JM1,13065,8738,False,test
JM1,13066,151,False,validation
JM1,13067,151,False,validation
JM1,13068,369,False,train
JM1,13069,8671,False,train
JM1,13070,8739,False,validation
JM1,13071,2165,False,train
JM1,13072,8740,False,test
JM1,13073,6272,False,train
JM1,13074,369,False,train
JM1,13075,369,False,train
JM1,13076,369,False,train
JM1,13077,8741,False,train
JM1,13078,8742,False,train
JM1,13079,8743,False,validation
JM1,13080,8744,False,validation
JM1,13081,8641,False,train
JM1,13082,8628,False,test
JM1,13083,8628,False,test
JM1,13084,8628,False,test
JM1,13085,6272,False,train
JM1,13086,8628,False,test
JM1,13087,6272,False,train
JM1,13088,6272,False,train
JM1,13089,6272,False,train
JM1,13090,8745,False,train
JM1,13091,8745,False,train
JM1,13092,8746,False,validation
JM1,13093,8747,False,test
JM1,13094,8748,False,test
JM1,13095,8700,False,test
JM1,13096,87,False,test
JM1,13097,8700,False,test
JM1,13098,8749,False,train
JM1,13099,8700,False,test
JM1,13100,8700,False,test
JM1,13101,8750,False,train
JM1,13102,8712,False,train
JM1,13103,8751,False,test
JM1,13104,5899,False,train
JM1,13105,8752,False,test
JM1,13106,8748,False,test
JM1,13107,8748,False,test
JM1,13108,8753,False,train
JM1,13109,8754,False,train
JM1,13110,8754,False,train
JM1,13111,8755,False,test
JM1,13112,8641,False,train
JM1,13113,8756,False,train
JM1,13114,8641,False,train
JM1,13115,8753,False,train
JM1,13116,8753,False,train
JM1,13117,6272,False,train
JM1,13118,8757,False,test
JM1,13119,8758,False,train
JM1,13120,8759,False,test
JM1,13121,8760,False,train
JM1,13122,8761,False,train
JM1,13123,7611,False,train
JM1,13124,2165,False,train
JM1,13125,8762,False,train
JM1,13126,2166,False,train
JM1,13127,8763,False,train
JM1,13128,8764,False,test
JM1,13129,8765,False,validation
JM1,13130,2925,False,validation
JM1,13131,789,False,train
JM1,13132,8766,False,train
JM1,13133,8767,False,train
JM1,13134,2925,False,validation
JM1,13135,2925,False,validation
JM1,13136,381,False,train
JM1,13137,2925,False,validation
JM1,13138,8628,False,test
JM1,13139,2925,False,validation
JM1,13140,2925,False,validation
JM1,13141,8768,False,validation
JM1,13142,2925,False,validation
JM1,13143,2165,False,train
JM1,13144,8769,False,validation
JM1,13145,2165,False,train
JM1,13146,6272,False,train
JM1,13147,8770,False,validation
JM1,13148,8771,False,train
JM1,13149,8772,False,validation
JM1,13150,8773,False,train
JM1,13151,8774,False,train
JM1,13152,8775,False,validation
JM1,13153,524,False,train
JM1,13154,835,False,train
JM1,13155,8776,False,train
JM1,13156,8777,False,train
JM1,13157,8778,False,test
JM1,13158,8779,False,train
JM1,13159,8780,False,validation
JM1,13160,8781,False,train
JM1,13161,8782,False,train
JM1,13162,8783,False,train
JM1,13163,8784,False,train
JM1,13164,8785,False,train
JM1,13165,8786,False,train
JM1,13166,8787,False,test
JM1,13167,8788,False,train
JM1,13168,8789,False,train
JM1,13169,8790,False,validation
JM1,13170,8791,False,train
JM1,13171,8792,False,train
JM1,13172,8793,False,test
JM1,13173,8794,False,test
JM1,13174,8795,False,train
JM1,13175,8796,False,validation
JM1,13176,8797,False,test
JM1,13177,8798,False,train
JM1,13178,8799,False,validation
JM1,13179,8800,False,train
JM1,13180,8801,False,validation
JM1,13181,8802,False,train
JM1,13182,8803,False,train
JM1,13183,8791,False,train
JM1,13184,8804,False,test
JM1,13185,5581,False,test
JM1,13186,8805,False,train
JM1,13187,8806,False,test
JM1,13188,8807,False,train
JM1,13189,8808,False,train
JM1,13190,8809,False,validation
JM1,13191,8810,False,test
JM1,13192,8811,False,train
JM1,13193,8812,False,train
JM1,13194,8811,False,train
JM1,13195,2540,False,train
JM1,13196,404,False,validation
JM1,13197,362,False,train
JM1,13198,8813,False,train
JM1,13199,8814,False,train
JM1,13200,8815,False,train
JM1,13201,8816,False,train
JM1,13202,8817,False,train
JM1,13203,8818,False,train
